model_name,model_class,dataset_path,dataset_config,horizon,num_windows,initial_cutoff,window_step_size,min_context_length,max_context_length,seasonality,eval_metric,extra_metrics,quantile_levels,id_column,timestamp_column,target,generate_univariate_targets_from,known_dynamic_columns,past_dynamic_columns,static_columns,task_name,test_error,training_time_s,inference_time_s,num_forecasts,dataset_fingerprint,trained_on_this_dataset,fev_version,SQL,MASE,WAPE,WQL,model_kwargs,fev_commit
Toto-2.0-1B,toto-2.0,autogluon/fev_datasets,ETT_15T,96,20,-1920,96,1,,96,SQL,"['MASE', {'name': 'WAPE', 'epsilon': 1.0}, {'name': 'WQL', 'epsilon': 1.0}]","[0.1, 0.2, 0.3, 0.4, 0.5, 0.6, 0.7, 0.8, 0.9]",id,timestamp,"['HUFL', 'HULL', 'LUFL', 'LULL', 'MUFL', 'MULL', 'OT']",,[],[],[],ETT_15T,0.5353083701,0,7.763117213,280,b5dd9d1f1927aad6,False,0.9.0,0.5353083701,0.6846123728,0.1096413526,0.0854041008,"{""model_path"": ""Datadog/Toto-2.0-1B"", ""batch_size"": 512}",357bc23
Toto-2.0-1B,toto-2.0,autogluon/fev_datasets,ETT_1D,28,20,-560,28,1,,7,SQL,"['MASE', {'name': 'WAPE', 'epsilon': 1.0}, {'name': 'WQL', 'epsilon': 1.0}]","[0.1, 0.2, 0.3, 0.4, 0.5, 0.6, 0.7, 0.8, 0.9]",id,timestamp,"['HUFL', 'HULL', 'LUFL', 'LULL', 'MUFL', 'MULL', 'OT']",,[],[],[],ETT_1D,1.1405312124,0,7.378512375,280,936cfaf2a3a6ab34,False,0.9.0,1.1405312124,1.360545199,0.3280857838,0.2626770496,"{""model_path"": ""Datadog/Toto-2.0-1B"", ""batch_size"": 512}",357bc23
Toto-2.0-1B,toto-2.0,autogluon/fev_datasets,ETT_1H,168,20,-3360,168,1,,24,SQL,"['MASE', {'name': 'WAPE', 'epsilon': 1.0}, {'name': 'WQL', 'epsilon': 1.0}]","[0.1, 0.2, 0.3, 0.4, 0.5, 0.6, 0.7, 0.8, 0.9]",id,timestamp,"['HUFL', 'HULL', 'LUFL', 'LULL', 'MUFL', 'MULL', 'OT']",,[],[],[],ETT_1H,0.8709263623,0,7.503218646,280,abd94afdf0b158e2,False,0.9.0,0.8709263623,1.122678271,0.2445032078,0.1900495573,"{""model_path"": ""Datadog/Toto-2.0-1B"", ""batch_size"": 512}",357bc23
Toto-2.0-1B,toto-2.0,autogluon/fev_datasets,ETT_1W,13,5,-65,13,1,,1,SQL,"['MASE', {'name': 'WAPE', 'epsilon': 1.0}, {'name': 'WQL', 'epsilon': 1.0}]","[0.1, 0.2, 0.3, 0.4, 0.5, 0.6, 0.7, 0.8, 0.9]",id,timestamp,"['HUFL', 'HULL', 'LUFL', 'LULL', 'MUFL', 'MULL', 'OT']",,[],[],[],ETT_1W,2.2945323202,0,2.072020783,70,2e18066fd2e18f63,False,0.9.0,2.2945323202,2.6699548659,0.5190302288,0.4144705894,"{""model_path"": ""Datadog/Toto-2.0-1B"", ""batch_size"": 512}",357bc23
Toto-2.0-1B,toto-2.0,autogluon/fev_datasets,LOOP_SEATTLE_1D,28,10,-280,28,1,,7,SQL,"['MASE', {'name': 'WAPE', 'epsilon': 1.0}, {'name': 'WQL', 'epsilon': 1.0}]","[0.1, 0.2, 0.3, 0.4, 0.5, 0.6, 0.7, 0.8, 0.9]",id,timestamp,target,,[],[],[],LOOP_SEATTLE_1D,0.7845465061,0,73.9721881,3230,678fdb11fbd87309,False,0.9.0,0.7845465061,0.9578190652,0.0360972337,0.0294150126,"{""model_path"": ""Datadog/Toto-2.0-1B"", ""batch_size"": 512}",357bc23
Toto-2.0-1B,toto-2.0,autogluon/fev_datasets,LOOP_SEATTLE_1H,168,10,-1680,168,1,,24,SQL,"['MASE', {'name': 'WAPE', 'epsilon': 1.0}, {'name': 'WQL', 'epsilon': 1.0}]","[0.1, 0.2, 0.3, 0.4, 0.5, 0.6, 0.7, 0.8, 0.9]",id,timestamp,target,,[],[],[],LOOP_SEATTLE_1H,0.6283256871,0,76.18988685,3230,85c8da08d0377714,False,0.9.0,0.6283256871,0.7872736520000001,0.0673969781,0.0536904784,"{""model_path"": ""Datadog/Toto-2.0-1B"", ""batch_size"": 512}",357bc23
Toto-2.0-1B,toto-2.0,autogluon/fev_datasets,LOOP_SEATTLE_5T,288,10,-2880,288,1,,288,SQL,"['MASE', {'name': 'WAPE', 'epsilon': 1.0}, {'name': 'WQL', 'epsilon': 1.0}]","[0.1, 0.2, 0.3, 0.4, 0.5, 0.6, 0.7, 0.8, 0.9]",id,timestamp,target,,[],[],[],LOOP_SEATTLE_5T,0.5430064863,0,92.390014911,3230,ddf124d757f77e1e,False,0.9.0,0.5430064863,0.6889477042000001,0.0744810165,0.0585774695,"{""model_path"": ""Datadog/Toto-2.0-1B"", ""batch_size"": 512}",357bc23
Toto-2.0-1B,toto-2.0,autogluon/fev_datasets,M_DENSE_1D,28,10,-280,28,1,,7,SQL,"['MASE', {'name': 'WAPE', 'epsilon': 1.0}, {'name': 'WQL', 'epsilon': 1.0}]","[0.1, 0.2, 0.3, 0.4, 0.5, 0.6, 0.7, 0.8, 0.9]",id,timestamp,target,,[],[],[],M_DENSE_1D,0.7320277621,0,7.48728298,300,1ceaf27cc148581f,False,0.9.0,0.7320277621,0.8865839595,0.0983824779,0.0820707894,"{""model_path"": ""Datadog/Toto-2.0-1B"", ""batch_size"": 512}",357bc23
Toto-2.0-1B,toto-2.0,autogluon/fev_datasets,M_DENSE_1H,168,10,-1680,168,1,,24,SQL,"['MASE', {'name': 'WAPE', 'epsilon': 1.0}, {'name': 'WQL', 'epsilon': 1.0}]","[0.1, 0.2, 0.3, 0.4, 0.5, 0.6, 0.7, 0.8, 0.9]",id,timestamp,target,,[],[],[],M_DENSE_1H,0.6050656354,0,7.87787017,300,a291fe961233f488,False,0.9.0,0.6050656354,0.7190468239000001,0.1446259812,0.1206878319,"{""model_path"": ""Datadog/Toto-2.0-1B"", ""batch_size"": 512}",357bc23
Toto-2.0-1B,toto-2.0,autogluon/fev_datasets,SZ_TAXI_15T,96,10,-960,96,1,,96,SQL,"['MASE', {'name': 'WAPE', 'epsilon': 1.0}, {'name': 'WQL', 'epsilon': 1.0}]","[0.1, 0.2, 0.3, 0.4, 0.5, 0.6, 0.7, 0.8, 0.9]",id,timestamp,target,,[],[],[],SZ_TAXI_15T,0.3937715691,0,36.708611402,1560,947f77f0c19ac7ce,False,0.9.0,0.3937715691,0.5007707106,0.2395844008,0.1881049346,"{""model_path"": ""Datadog/Toto-2.0-1B"", ""batch_size"": 512}",357bc23
Toto-2.0-1B,toto-2.0,autogluon/fev_datasets,SZ_TAXI_1H,168,2,-336,168,1,,24,SQL,"['MASE', {'name': 'WAPE', 'epsilon': 1.0}, {'name': 'WQL', 'epsilon': 1.0}]","[0.1, 0.2, 0.3, 0.4, 0.5, 0.6, 0.7, 0.8, 0.9]",id,timestamp,target,,[],[],[],SZ_TAXI_1H,0.3865861005,0,7.482682227,312,c8fc2c774fa27320,False,0.9.0,0.3865861005,0.482373136,0.1612936025,0.1293773273,"{""model_path"": ""Datadog/Toto-2.0-1B"", ""batch_size"": 512}",357bc23
Toto-2.0-1B,toto-2.0,autogluon/fev_datasets,australian_tourism,8,2,-16,8,1,,4,SQL,"['MASE', {'name': 'WAPE', 'epsilon': 1.0}, {'name': 'WQL', 'epsilon': 1.0}]","[0.1, 0.2, 0.3, 0.4, 0.5, 0.6, 0.7, 0.8, 0.9]",id,timestamp,target,,[],[],[],australian_tourism,0.7793895792000001,0,4.363945356,178,67065ff520a65e45,False,0.9.0,0.7793895792000001,0.9714877728,0.1031427947,0.0825056311,"{""model_path"": ""Datadog/Toto-2.0-1B"", ""batch_size"": 512}",357bc23
Toto-2.0-1B,toto-2.0,autogluon/fev_datasets,bizitobs_l2c_1H,24,20,-480,24,1,,24,SQL,"['MASE', {'name': 'WAPE', 'epsilon': 1.0}, {'name': 'WQL', 'epsilon': 1.0}]","[0.1, 0.2, 0.3, 0.4, 0.5, 0.6, 0.7, 0.8, 0.9]",id,timestamp,"['target_0', 'target_1', 'target_2', 'target_3', 'target_4', 'target_5', 'target_6']",,[],[],[],bizitobs_l2c_1H,0.2845711491,0,4.336726035,140,167357ba0cdd59b2,False,0.9.0,0.2845711491,0.3609887926,0.2830118331,0.2244547152,"{""model_path"": ""Datadog/Toto-2.0-1B"", ""batch_size"": 512}",357bc23
Toto-2.0-1B,toto-2.0,autogluon/fev_datasets,bizitobs_l2c_5T,288,20,-5760,288,1,,288,SQL,"['MASE', {'name': 'WAPE', 'epsilon': 1.0}, {'name': 'WQL', 'epsilon': 1.0}]","[0.1, 0.2, 0.3, 0.4, 0.5, 0.6, 0.7, 0.8, 0.9]",id,timestamp,"['target_0', 'target_1', 'target_2', 'target_3', 'target_4', 'target_5', 'target_6']",,[],[],[],bizitobs_l2c_5T,0.4470012223,0,4.364505089,140,89ab1ca4d8dbeb4e,False,0.9.0,0.4470012223,0.5829501848,0.7084742741000001,0.5406422775,"{""model_path"": ""Datadog/Toto-2.0-1B"", ""batch_size"": 512}",357bc23
Toto-2.0-1B,toto-2.0,autogluon/fev_datasets,boomlet_1062,288,20,-5760,288,1,,288,SQL,"['MASE', {'name': 'WAPE', 'epsilon': 1.0}, {'name': 'WQL', 'epsilon': 1.0}]","[0.1, 0.2, 0.3, 0.4, 0.5, 0.6, 0.7, 0.8, 0.9]",id,timestamp,"['target_0', 'target_1', 'target_10', 'target_11', 'target_12', 'target_13', 'target_14', 'target_15', 'target_16', 'target_17', 'target_18', 'target_19', 'target_2', 'target_20', 'target_3', 'target_4', 'target_5', 'target_6', 'target_7', 'target_8', 'target_9']",,[],[],[],boomlet_1062,0.5323660586,0,10.753712485,420,5315f65aa45f55db,False,0.9.0,0.5323660586,0.6606980044,0.5601008306,0.4463541158,"{""model_path"": ""Datadog/Toto-2.0-1B"", ""batch_size"": 512}",357bc23
Toto-2.0-1B,toto-2.0,autogluon/fev_datasets,boomlet_1209,288,20,-5760,288,1,,288,SQL,"['MASE', {'name': 'WAPE', 'epsilon': 1.0}, {'name': 'WQL', 'epsilon': 1.0}]","[0.1, 0.2, 0.3, 0.4, 0.5, 0.6, 0.7, 0.8, 0.9]",id,timestamp,"['target_0', 'target_1', 'target_10', 'target_11', 'target_12', 'target_13', 'target_14', 'target_15', 'target_16', 'target_17', 'target_18', 'target_19', 'target_2', 'target_20', 'target_21', 'target_22', 'target_23', 'target_24', 'target_25', 'target_26', 'target_27', 'target_28', 'target_29', 'target_3', 'target_30', 'target_31', 'target_32', 'target_33', 'target_34', 'target_35', 'target_36', 'target_37', 'target_38', 'target_39', 'target_4', 'target_40', 'target_41', 'target_42', 'target_43', 'target_44', 'target_45', 'target_46', 'target_47', 'target_48', 'target_49', 'target_5', 'target_50', 'target_51', 'target_52', 'target_6', 'target_7', 'target_8', 'target_9']",,[],[],[],boomlet_1209,0.5982246772,0,24.994189293,1060,af76fff1b484ede3,False,0.9.0,0.5982246772,0.6990806608,0.2758636728,0.2336539477,"{""model_path"": ""Datadog/Toto-2.0-1B"", ""batch_size"": 512}",357bc23
Toto-2.0-1B,toto-2.0,autogluon/fev_datasets,boomlet_1225,60,20,-1200,60,1,,1440,SQL,"['MASE', {'name': 'WAPE', 'epsilon': 1.0}, {'name': 'WQL', 'epsilon': 1.0}]","[0.1, 0.2, 0.3, 0.4, 0.5, 0.6, 0.7, 0.8, 0.9]",id,timestamp,"['target_0', 'target_1', 'target_10', 'target_11', 'target_12', 'target_13', 'target_14', 'target_15', 'target_16', 'target_17', 'target_18', 'target_19', 'target_2', 'target_20', 'target_21', 'target_22', 'target_23', 'target_24', 'target_25', 'target_26', 'target_27', 'target_28', 'target_29', 'target_3', 'target_30', 'target_31', 'target_32', 'target_33', 'target_34', 'target_35', 'target_36', 'target_37', 'target_38', 'target_39', 'target_4', 'target_40', 'target_41', 'target_42', 'target_43', 'target_44', 'target_45', 'target_46', 'target_47', 'target_48', 'target_5', 'target_6', 'target_7', 'target_8', 'target_9']",,[],[],[],boomlet_1225,0.1805102803,0,23.122416442,980,53a43cd2c9c7ebf1,False,0.9.0,0.1805102803,0.2257014378,0.1189267292,0.0954240786,"{""model_path"": ""Datadog/Toto-2.0-1B"", ""batch_size"": 512}",357bc23
Toto-2.0-1B,toto-2.0,autogluon/fev_datasets,boomlet_1230,288,20,-5760,288,1,,288,SQL,"['MASE', {'name': 'WAPE', 'epsilon': 1.0}, {'name': 'WQL', 'epsilon': 1.0}]","[0.1, 0.2, 0.3, 0.4, 0.5, 0.6, 0.7, 0.8, 0.9]",id,timestamp,"['target_0', 'target_1', 'target_10', 'target_11', 'target_12', 'target_13', 'target_14', 'target_15', 'target_16', 'target_17', 'target_18', 'target_19', 'target_2', 'target_20', 'target_21', 'target_22', 'target_3', 'target_4', 'target_5', 'target_6', 'target_7', 'target_8', 'target_9']",,[],[],[],boomlet_1230,1.0914336881,0,11.90202226,460,6e7b8e026660d41c,False,0.9.0,1.0914336881,1.2513427528,0.282637063,0.2374973345,"{""model_path"": ""Datadog/Toto-2.0-1B"", ""batch_size"": 512}",357bc23
Toto-2.0-1B,toto-2.0,autogluon/fev_datasets,boomlet_1282,60,20,-1200,60,1,,1440,SQL,"['MASE', {'name': 'WAPE', 'epsilon': 1.0}, {'name': 'WQL', 'epsilon': 1.0}]","[0.1, 0.2, 0.3, 0.4, 0.5, 0.6, 0.7, 0.8, 0.9]",id,timestamp,"['target_0', 'target_1', 'target_10', 'target_11', 'target_12', 'target_13', 'target_14', 'target_15', 'target_16', 'target_17', 'target_18', 'target_19', 'target_2', 'target_20', 'target_21', 'target_22', 'target_23', 'target_24', 'target_25', 'target_26', 'target_27', 'target_28', 'target_29', 'target_3', 'target_30', 'target_31', 'target_32', 'target_33', 'target_34', 'target_4', 'target_5', 'target_6', 'target_7', 'target_8', 'target_9']",,[],[],[],boomlet_1282,0.4022959829,0,17.006279459,700,c0f21ca23524dd1f,False,0.9.0,0.4022959829,0.4940530382,0.3418121068,0.275789842,"{""model_path"": ""Datadog/Toto-2.0-1B"", ""batch_size"": 512}",357bc23
Toto-2.0-1B,toto-2.0,autogluon/fev_datasets,boomlet_1487,288,20,-5760,288,1,,288,SQL,"['MASE', {'name': 'WAPE', 'epsilon': 1.0}, {'name': 'WQL', 'epsilon': 1.0}]","[0.1, 0.2, 0.3, 0.4, 0.5, 0.6, 0.7, 0.8, 0.9]",id,timestamp,"['target_0', 'target_1', 'target_10', 'target_11', 'target_12', 'target_13', 'target_14', 'target_15', 'target_16', 'target_17', 'target_18', 'target_19', 'target_2', 'target_20', 'target_21', 'target_22', 'target_23', 'target_24', 'target_25', 'target_26', 'target_27', 'target_28', 'target_29', 'target_3', 'target_30', 'target_31', 'target_32', 'target_33', 'target_34', 'target_35', 'target_36', 'target_37', 'target_38', 'target_39', 'target_4', 'target_40', 'target_41', 'target_42', 'target_43', 'target_44', 'target_45', 'target_46', 'target_47', 'target_48', 'target_49', 'target_5', 'target_50', 'target_51', 'target_52', 'target_53', 'target_6', 'target_7', 'target_8', 'target_9']",,[],[],[],boomlet_1487,0.3827166317,0,25.592752312,1080,230d7ec998d3cbb2,False,0.9.0,0.3827166317,0.4604636434,0.1809128523,0.1502774311,"{""model_path"": ""Datadog/Toto-2.0-1B"", ""batch_size"": 512}",357bc23
Toto-2.0-1B,toto-2.0,autogluon/fev_datasets,boomlet_1631,96,20,-1920,96,1,,48,SQL,"['MASE', {'name': 'WAPE', 'epsilon': 1.0}, {'name': 'WQL', 'epsilon': 1.0}]","[0.1, 0.2, 0.3, 0.4, 0.5, 0.6, 0.7, 0.8, 0.9]",id,timestamp,"['target_0', 'target_1', 'target_10', 'target_11', 'target_12', 'target_13', 'target_14', 'target_15', 'target_16', 'target_17', 'target_18', 'target_19', 'target_2', 'target_20', 'target_21', 'target_22', 'target_23', 'target_24', 'target_25', 'target_26', 'target_27', 'target_28', 'target_29', 'target_3', 'target_30', 'target_31', 'target_32', 'target_33', 'target_34', 'target_35', 'target_36', 'target_37', 'target_38', 'target_39', 'target_4', 'target_5', 'target_6', 'target_7', 'target_8', 'target_9']",,[],[],[],boomlet_1631,0.5577758872,0,19.211621745,800,d69b69e987e32a2b,False,0.9.0,0.5577758872,0.7015356460000001,0.3065804129,0.2427863183,"{""model_path"": ""Datadog/Toto-2.0-1B"", ""batch_size"": 512}",357bc23
Toto-2.0-1B,toto-2.0,autogluon/fev_datasets,boomlet_1676,96,20,-1920,96,1,,48,SQL,"['MASE', {'name': 'WAPE', 'epsilon': 1.0}, {'name': 'WQL', 'epsilon': 1.0}]","[0.1, 0.2, 0.3, 0.4, 0.5, 0.6, 0.7, 0.8, 0.9]",id,timestamp,"['target_0', 'target_1', 'target_10', 'target_11', 'target_12', 'target_13', 'target_14', 'target_15', 'target_16', 'target_17', 'target_18', 'target_19', 'target_2', 'target_20', 'target_21', 'target_22', 'target_23', 'target_24', 'target_25', 'target_26', 'target_27', 'target_28', 'target_29', 'target_3', 'target_30', 'target_31', 'target_32', 'target_33', 'target_34', 'target_35', 'target_36', 'target_37', 'target_38', 'target_39', 'target_4', 'target_40', 'target_41', 'target_42', 'target_43', 'target_44', 'target_45', 'target_46', 'target_47', 'target_48', 'target_49', 'target_5', 'target_50', 'target_51', 'target_52', 'target_53', 'target_54', 'target_55', 'target_56', 'target_57', 'target_58', 'target_59', 'target_6', 'target_60', 'target_61', 'target_62', 'target_63', 'target_64', 'target_65', 'target_66', 'target_67', 'target_68', 'target_69', 'target_7', 'target_70', 'target_71', 'target_72', 'target_73', 'target_74', 'target_75', 'target_76', 'target_77', 'target_78', 'target_79', 'target_8', 'target_80', 'target_81', 'target_82', 'target_83', 'target_84', 'target_85', 'target_86', 'target_87', 'target_88', 'target_89', 'target_9', 'target_90', 'target_91', 'target_92', 'target_93', 'target_94', 'target_95', 'target_96', 'target_97', 'target_98', 'target_99']",,[],[],[],boomlet_1676,0.5426404231,0,46.074816299,2000,027ec0ef1e78a6f2,False,0.9.0,0.5426404231,0.6764797512,0.3118296981,0.2440430702,"{""model_path"": ""Datadog/Toto-2.0-1B"", ""batch_size"": 512}",357bc23
Toto-2.0-1B,toto-2.0,autogluon/fev_datasets,boomlet_1855,24,20,-480,24,1,,24,SQL,"['MASE', {'name': 'WAPE', 'epsilon': 1.0}, {'name': 'WQL', 'epsilon': 1.0}]","[0.1, 0.2, 0.3, 0.4, 0.5, 0.6, 0.7, 0.8, 0.9]",id,timestamp,"['target_0', 'target_1', 'target_10', 'target_11', 'target_12', 'target_13', 'target_14', 'target_15', 'target_16', 'target_17', 'target_18', 'target_19', 'target_2', 'target_20', 'target_21', 'target_22', 'target_23', 'target_24', 'target_25', 'target_26', 'target_27', 'target_28', 'target_29', 'target_3', 'target_30', 'target_31', 'target_32', 'target_33', 'target_34', 'target_35', 'target_36', 'target_37', 'target_38', 'target_39', 'target_4', 'target_40', 'target_41', 'target_42', 'target_43', 'target_44', 'target_45', 'target_46', 'target_47', 'target_48', 'target_49', 'target_5', 'target_50', 'target_51', 'target_6', 'target_7', 'target_8', 'target_9']",,[],[],[],boomlet_1855,0.4334943128,0,24.683237322,1040,cd1d53a59eac2c8a,False,0.9.0,0.4334943128,0.5128522002,0.1536687115,0.1303276358,"{""model_path"": ""Datadog/Toto-2.0-1B"", ""batch_size"": 512}",357bc23
Toto-2.0-1B,toto-2.0,autogluon/fev_datasets,boomlet_1975,24,20,-480,24,1,,24,SQL,"['MASE', {'name': 'WAPE', 'epsilon': 1.0}, {'name': 'WQL', 'epsilon': 1.0}]","[0.1, 0.2, 0.3, 0.4, 0.5, 0.6, 0.7, 0.8, 0.9]",id,timestamp,"['target_0', 'target_1', 'target_10', 'target_11', 'target_12', 'target_13', 'target_14', 'target_15', 'target_16', 'target_17', 'target_18', 'target_19', 'target_2', 'target_20', 'target_21', 'target_22', 'target_23', 'target_24', 'target_25', 'target_26', 'target_27', 'target_28', 'target_29', 'target_3', 'target_30', 'target_31', 'target_32', 'target_33', 'target_34', 'target_35', 'target_36', 'target_37', 'target_38', 'target_39', 'target_4', 'target_40', 'target_41', 'target_42', 'target_43', 'target_44', 'target_45', 'target_46', 'target_47', 'target_48', 'target_49', 'target_5', 'target_50', 'target_51', 'target_52', 'target_53', 'target_54', 'target_55', 'target_56', 'target_57', 'target_58', 'target_59', 'target_6', 'target_60', 'target_61', 'target_62', 'target_63', 'target_64', 'target_65', 'target_66', 'target_67', 'target_68', 'target_69', 'target_7', 'target_70', 'target_71', 'target_72', 'target_73', 'target_74', 'target_8', 'target_9']",,[],[],[],boomlet_1975,0.097324005,0,34.620624603,1500,7e9816ee39ec8d75,False,0.9.0,0.097324005,0.1070662016,0.0626839556,0.0571749502,"{""model_path"": ""Datadog/Toto-2.0-1B"", ""batch_size"": 512}",357bc23
Toto-2.0-1B,toto-2.0,autogluon/fev_datasets,boomlet_2187,24,20,-480,24,1,,24,SQL,"['MASE', {'name': 'WAPE', 'epsilon': 1.0}, {'name': 'WQL', 'epsilon': 1.0}]","[0.1, 0.2, 0.3, 0.4, 0.5, 0.6, 0.7, 0.8, 0.9]",id,timestamp,"['target_0', 'target_1', 'target_10', 'target_11', 'target_12', 'target_13', 'target_14', 'target_15', 'target_16', 'target_17', 'target_18', 'target_19', 'target_2', 'target_20', 'target_21', 'target_22', 'target_23', 'target_24', 'target_25', 'target_26', 'target_27', 'target_28', 'target_29', 'target_3', 'target_30', 'target_31', 'target_32', 'target_33', 'target_34', 'target_35', 'target_36', 'target_37', 'target_38', 'target_39', 'target_4', 'target_40', 'target_41', 'target_42', 'target_43', 'target_44', 'target_45', 'target_46', 'target_47', 'target_48', 'target_49', 'target_5', 'target_50', 'target_51', 'target_52', 'target_53', 'target_54', 'target_55', 'target_56', 'target_57', 'target_58', 'target_59', 'target_6', 'target_60', 'target_61', 'target_62', 'target_63', 'target_64', 'target_65', 'target_66', 'target_67', 'target_68', 'target_69', 'target_7', 'target_70', 'target_71', 'target_72', 'target_73', 'target_74', 'target_75', 'target_76', 'target_77', 'target_78', 'target_79', 'target_8', 'target_80', 'target_81', 'target_82', 'target_83', 'target_84', 'target_85', 'target_86', 'target_87', 'target_88', 'target_89', 'target_9', 'target_90', 'target_91', 'target_92', 'target_93', 'target_94', 'target_95', 'target_96', 'target_97', 'target_98', 'target_99']",,[],[],[],boomlet_2187,0.6796668926,0,45.651274127,2000,8afbba40b02d520a,False,0.9.0,0.6796668926,0.7761157425,0.2542672197,0.2220159855,"{""model_path"": ""Datadog/Toto-2.0-1B"", ""batch_size"": 512}",357bc23
Toto-2.0-1B,toto-2.0,autogluon/fev_datasets,boomlet_285,60,20,-1200,60,1,,1440,SQL,"['MASE', {'name': 'WAPE', 'epsilon': 1.0}, {'name': 'WQL', 'epsilon': 1.0}]","[0.1, 0.2, 0.3, 0.4, 0.5, 0.6, 0.7, 0.8, 0.9]",id,timestamp,"['target_0', 'target_1', 'target_10', 'target_11', 'target_12', 'target_13', 'target_14', 'target_15', 'target_16', 'target_17', 'target_18', 'target_19', 'target_2', 'target_20', 'target_21', 'target_22', 'target_23', 'target_24', 'target_25', 'target_26', 'target_27', 'target_28', 'target_29', 'target_3', 'target_30', 'target_31', 'target_32', 'target_33', 'target_34', 'target_35', 'target_36', 'target_37', 'target_38', 'target_39', 'target_4', 'target_40', 'target_41', 'target_42', 'target_43', 'target_44', 'target_45', 'target_46', 'target_47', 'target_48', 'target_49', 'target_5', 'target_50', 'target_51', 'target_52', 'target_53', 'target_54', 'target_55', 'target_56', 'target_57', 'target_58', 'target_59', 'target_6', 'target_60', 'target_61', 'target_62', 'target_63', 'target_64', 'target_65', 'target_66', 'target_67', 'target_68', 'target_69', 'target_7', 'target_70', 'target_71', 'target_72', 'target_73', 'target_74', 'target_8', 'target_9']",,[],[],[],boomlet_285,0.2601604369,0,34.645254406,1500,b08e8ba2a228e2e5,False,0.9.0,0.2601604369,0.3171912154,0.1507213103,0.1238820031,"{""model_path"": ""Datadog/Toto-2.0-1B"", ""batch_size"": 512}",357bc23
Toto-2.0-1B,toto-2.0,autogluon/fev_datasets,boomlet_619,60,20,-1200,60,1,,1440,SQL,"['MASE', {'name': 'WAPE', 'epsilon': 1.0}, {'name': 'WQL', 'epsilon': 1.0}]","[0.1, 0.2, 0.3, 0.4, 0.5, 0.6, 0.7, 0.8, 0.9]",id,timestamp,"['target_0', 'target_1', 'target_10', 'target_11', 'target_12', 'target_13', 'target_14', 'target_15', 'target_16', 'target_17', 'target_18', 'target_19', 'target_2', 'target_20', 'target_21', 'target_22', 'target_23', 'target_24', 'target_25', 'target_26', 'target_27', 'target_28', 'target_29', 'target_3', 'target_30', 'target_31', 'target_32', 'target_33', 'target_34', 'target_35', 'target_36', 'target_37', 'target_38', 'target_39', 'target_4', 'target_40', 'target_41', 'target_42', 'target_43', 'target_44', 'target_45', 'target_46', 'target_47', 'target_48', 'target_49', 'target_5', 'target_50', 'target_51', 'target_6', 'target_7', 'target_8', 'target_9']",,[],[],[],boomlet_619,0.2869806268,0,24.655221777,1040,a20d9d612ea2e091,False,0.9.0,0.2869806268,0.3787171506,0.2572421585,0.195585374,"{""model_path"": ""Datadog/Toto-2.0-1B"", ""batch_size"": 512}",357bc23
Toto-2.0-1B,toto-2.0,autogluon/fev_datasets,boomlet_772,60,20,-1200,60,1,,1440,SQL,"['MASE', {'name': 'WAPE', 'epsilon': 1.0}, {'name': 'WQL', 'epsilon': 1.0}]","[0.1, 0.2, 0.3, 0.4, 0.5, 0.6, 0.7, 0.8, 0.9]",id,timestamp,"['target_0', 'target_1', 'target_10', 'target_11', 'target_12', 'target_13', 'target_14', 'target_15', 'target_16', 'target_17', 'target_18', 'target_19', 'target_2', 'target_20', 'target_21', 'target_22', 'target_23', 'target_24', 'target_25', 'target_26', 'target_27', 'target_28', 'target_29', 'target_3', 'target_30', 'target_31', 'target_32', 'target_33', 'target_34', 'target_35', 'target_36', 'target_37', 'target_38', 'target_39', 'target_4', 'target_40', 'target_41', 'target_42', 'target_43', 'target_44', 'target_45', 'target_46', 'target_47', 'target_48', 'target_49', 'target_5', 'target_50', 'target_51', 'target_52', 'target_53', 'target_54', 'target_55', 'target_56', 'target_57', 'target_58', 'target_59', 'target_6', 'target_60', 'target_61', 'target_62', 'target_63', 'target_64', 'target_65', 'target_66', 'target_7', 'target_8', 'target_9']",,[],[],[],boomlet_772,0.2652043742,0,31.828365893,1340,65e5cc1b1b902449,False,0.9.0,0.2652043742,0.3116732543,0.1476782193,0.1244245684,"{""model_path"": ""Datadog/Toto-2.0-1B"", ""batch_size"": 512}",357bc23
Toto-2.0-1B,toto-2.0,autogluon/fev_datasets,boomlet_963,60,20,-1200,60,1,,1440,SQL,"['MASE', {'name': 'WAPE', 'epsilon': 1.0}, {'name': 'WQL', 'epsilon': 1.0}]","[0.1, 0.2, 0.3, 0.4, 0.5, 0.6, 0.7, 0.8, 0.9]",id,timestamp,"['target_0', 'target_1', 'target_10', 'target_11', 'target_12', 'target_13', 'target_14', 'target_15', 'target_16', 'target_17', 'target_18', 'target_19', 'target_2', 'target_20', 'target_21', 'target_22', 'target_23', 'target_24', 'target_25', 'target_26', 'target_27', 'target_3', 'target_4', 'target_5', 'target_6', 'target_7', 'target_8', 'target_9']",,[],[],[],boomlet_963,0.7104565405000001,0,13.894449957,560,45e417d57b7c8664,False,0.9.0,0.7104565405000001,0.8196122673,0.3756470932,0.3099802004,"{""model_path"": ""Datadog/Toto-2.0-1B"", ""batch_size"": 512}",357bc23
Toto-2.0-1B,toto-2.0,autogluon/fev_datasets,ecdc_ili,13,10,-130,13,1,,1,SQL,"['MASE', {'name': 'WAPE', 'epsilon': 1.0}, {'name': 'WQL', 'epsilon': 1.0}]","[0.1, 0.2, 0.3, 0.4, 0.5, 0.6, 0.7, 0.8, 0.9]",id,timestamp,target,,[],[],[],ecdc_ili,2.4128212272000003,0,6.16896235,240,e72cf15c97fc1dd6,False,0.9.0,2.4128212272000003,2.9542061828,0.4356330198,0.3768001645,"{""model_path"": ""Datadog/Toto-2.0-1B"", ""batch_size"": 512}",357bc23
Toto-2.0-1B,toto-2.0,autogluon/fev_datasets,entsoe_15T,96,20,-1920,96,1,,96,SQL,"['MASE', {'name': 'WAPE', 'epsilon': 1.0}, {'name': 'WQL', 'epsilon': 1.0}]","[0.1, 0.2, 0.3, 0.4, 0.5, 0.6, 0.7, 0.8, 0.9]",id,timestamp,target,,"['radiation_diffuse_horizontal', 'radiation_direct_horizontal', 'temperature']",[],[],entsoe_15T,0.426208374,0,5.047078656,120,762c7ee326587aa2,False,0.9.0,0.426208374,0.5431857518000001,0.039411835,0.031057604,"{""model_path"": ""Datadog/Toto-2.0-1B"", ""batch_size"": 512}",357bc23
Toto-2.0-1B,toto-2.0,autogluon/fev_datasets,entsoe_1H,168,20,-3360,168,1,,24,SQL,"['MASE', {'name': 'WAPE', 'epsilon': 1.0}, {'name': 'WQL', 'epsilon': 1.0}]","[0.1, 0.2, 0.3, 0.4, 0.5, 0.6, 0.7, 0.8, 0.9]",id,timestamp,target,,"['radiation_diffuse_horizontal', 'radiation_direct_horizontal', 'temperature']",[],[],entsoe_1H,0.4224634609,0,4.12599987,120,aff93292e497726b,False,0.9.0,0.4224634609,0.5236082079000001,0.0302689316,0.0248996699,"{""model_path"": ""Datadog/Toto-2.0-1B"", ""batch_size"": 512}",357bc23
Toto-2.0-1B,toto-2.0,autogluon/fev_datasets,entsoe_30T,96,20,-1920,96,1,,48,SQL,"['MASE', {'name': 'WAPE', 'epsilon': 1.0}, {'name': 'WQL', 'epsilon': 1.0}]","[0.1, 0.2, 0.3, 0.4, 0.5, 0.6, 0.7, 0.8, 0.9]",id,timestamp,target,,"['radiation_diffuse_horizontal', 'radiation_direct_horizontal', 'temperature']",[],[],entsoe_30T,0.405038874,0,4.41111098,120,0416fc7d5fcf96e2,False,0.9.0,0.405038874,0.5194053695,0.0281497286,0.0223879477,"{""model_path"": ""Datadog/Toto-2.0-1B"", ""batch_size"": 512}",357bc23
Toto-2.0-1B,toto-2.0,autogluon/fev_datasets,epf_be,24,20,-480,24,1,,24,SQL,"['MASE', {'name': 'WAPE', 'epsilon': 1.0}, {'name': 'WQL', 'epsilon': 1.0}]","[0.1, 0.2, 0.3, 0.4, 0.5, 0.6, 0.7, 0.8, 0.9]",id,timestamp,target,,"['Generation forecast', 'System load forecast']",[],[],epf_be,0.5146457744,0,3.240396713,20,eacac43cdbd837ec,False,0.9.0,0.5146457744,0.6515935809,0.120252408,0.0948601444,"{""model_path"": ""Datadog/Toto-2.0-1B"", ""batch_size"": 512}",357bc23
Toto-2.0-1B,toto-2.0,autogluon/fev_datasets,epf_de,24,20,-480,24,1,,24,SQL,"['MASE', {'name': 'WAPE', 'epsilon': 1.0}, {'name': 'WQL', 'epsilon': 1.0}]","[0.1, 0.2, 0.3, 0.4, 0.5, 0.6, 0.7, 0.8, 0.9]",id,timestamp,target,,"['Ampirion Load Forecast', 'PV+Wind Forecast']",[],[],epf_de,0.9853228527,0,3.186896649,20,ad020fd54ab7078f,False,0.9.0,0.9853228527,1.2246197143,0.562706031,0.4601042378,"{""model_path"": ""Datadog/Toto-2.0-1B"", ""batch_size"": 512}",357bc23
Toto-2.0-1B,toto-2.0,autogluon/fev_datasets,epf_fr,24,20,-480,24,1,,24,SQL,"['MASE', {'name': 'WAPE', 'epsilon': 1.0}, {'name': 'WQL', 'epsilon': 1.0}]","[0.1, 0.2, 0.3, 0.4, 0.5, 0.6, 0.7, 0.8, 0.9]",id,timestamp,target,,"['Generation forecast', 'System load forecast']",[],[],epf_fr,0.395886476,0,3.231586896,20,dfce2cfc9cbcf380,False,0.9.0,0.395886476,0.4959833887,0.0782983774,0.0627413349,"{""model_path"": ""Datadog/Toto-2.0-1B"", ""batch_size"": 512}",357bc23
Toto-2.0-1B,toto-2.0,autogluon/fev_datasets,epf_np,24,20,-480,24,1,,24,SQL,"['MASE', {'name': 'WAPE', 'epsilon': 1.0}, {'name': 'WQL', 'epsilon': 1.0}]","[0.1, 0.2, 0.3, 0.4, 0.5, 0.6, 0.7, 0.8, 0.9]",id,timestamp,target,,"['Grid load forecast', 'Wind power forecast']",[],[],epf_np,0.9662899325,0,3.25077748,20,0a17a2edca8b0670,False,0.9.0,0.9662899325,1.2408393607,0.0568525884,0.0444557228,"{""model_path"": ""Datadog/Toto-2.0-1B"", ""batch_size"": 512}",357bc23
Toto-2.0-1B,toto-2.0,autogluon/fev_datasets,epf_pjm,24,20,-480,24,1,,24,SQL,"['MASE', {'name': 'WAPE', 'epsilon': 1.0}, {'name': 'WQL', 'epsilon': 1.0}]","[0.1, 0.2, 0.3, 0.4, 0.5, 0.6, 0.7, 0.8, 0.9]",id,timestamp,target,,"['System load forecast', 'Zonal COMED load foecast']",[],[],epf_pjm,0.4183045813,0,3.196272349,20,6752d1881d4327d6,False,0.9.0,0.4183045813,0.5252307866,0.0922532882,0.073580878,"{""model_path"": ""Datadog/Toto-2.0-1B"", ""batch_size"": 512}",357bc23
Toto-2.0-1B,toto-2.0,autogluon/fev_datasets,ercot_1D,28,20,-560,28,1,,7,SQL,"['MASE', {'name': 'WAPE', 'epsilon': 1.0}, {'name': 'WQL', 'epsilon': 1.0}]","[0.1, 0.2, 0.3, 0.4, 0.5, 0.6, 0.7, 0.8, 0.9]",id,timestamp,target,,[],[],[],ercot_1D,0.8425199384000001,0,4.887664336,160,60f5c61c335ca94b,False,0.9.0,0.8425199384000001,1.1165048715,0.0774693233,0.0594182305,"{""model_path"": ""Datadog/Toto-2.0-1B"", ""batch_size"": 512}",357bc23
Toto-2.0-1B,toto-2.0,autogluon/fev_datasets,ercot_1H,168,20,-3360,168,1,,24,SQL,"['MASE', {'name': 'WAPE', 'epsilon': 1.0}, {'name': 'WQL', 'epsilon': 1.0}]","[0.1, 0.2, 0.3, 0.4, 0.5, 0.6, 0.7, 0.8, 0.9]",id,timestamp,target,,[],[],[],ercot_1H,1.0699724465,0,6.185940034,160,9dac00f9725bae76,False,0.9.0,1.0699724465,1.3822958144,0.0722163657,0.0551108047,"{""model_path"": ""Datadog/Toto-2.0-1B"", ""batch_size"": 512}",357bc23
Toto-2.0-1B,toto-2.0,autogluon/fev_datasets,ercot_1M,12,15,-180,12,1,,12,SQL,"['MASE', {'name': 'WAPE', 'epsilon': 1.0}, {'name': 'WQL', 'epsilon': 1.0}]","[0.1, 0.2, 0.3, 0.4, 0.5, 0.6, 0.7, 0.8, 0.9]",id,timestamp,target,,[],[],[],ercot_1M,0.7443515152,0,3.657719254,120,f718a7351f27a9ca,False,0.9.0,0.7443515152,0.9487285869,0.0476655416,0.0372743857,"{""model_path"": ""Datadog/Toto-2.0-1B"", ""batch_size"": 512}",357bc23
Toto-2.0-1B,toto-2.0,autogluon/fev_datasets,ercot_1W,13,20,-260,13,1,,1,SQL,"['MASE', {'name': 'WAPE', 'epsilon': 1.0}, {'name': 'WQL', 'epsilon': 1.0}]","[0.1, 0.2, 0.3, 0.4, 0.5, 0.6, 0.7, 0.8, 0.9]",id,timestamp,target,,[],[],[],ercot_1W,0.9295393459,0,4.774806346,160,b2fe1f0fe49551a1,False,0.9.0,0.9295393459,1.1782190115,0.0572125417,0.0448595907,"{""model_path"": ""Datadog/Toto-2.0-1B"", ""batch_size"": 512}",357bc23
Toto-2.0-1B,toto-2.0,autogluon/fev_datasets,favorita_stores_1D,28,10,-280,28,1,,7,SQL,"['MASE', {'name': 'WAPE', 'epsilon': 1.0}, {'name': 'WQL', 'epsilon': 1.0}]","[0.1, 0.2, 0.3, 0.4, 0.5, 0.6, 0.7, 0.8, 0.9]",id,timestamp,sales,,"['holiday', 'onpromotion']",['oil_price'],"['city', 'cluster', 'family', 'state', 'store_nbr', 'type']",favorita_stores_1D,0.957299319,0,376.413542256,15790,19461c7044524e5b,False,0.9.0,0.957299319,1.182964035,0.1437002054,0.1168536377,"{""model_path"": ""Datadog/Toto-2.0-1B"", ""batch_size"": 512}",357bc23
Toto-2.0-1B,toto-2.0,autogluon/fev_datasets,favorita_stores_1M,12,2,-24,12,1,,12,SQL,"['MASE', {'name': 'WAPE', 'epsilon': 1.0}, {'name': 'WQL', 'epsilon': 1.0}]","[0.1, 0.2, 0.3, 0.4, 0.5, 0.6, 0.7, 0.8, 0.9]",id,timestamp,sales,,['onpromotion'],['oil_price'],"['city', 'cluster', 'family', 'state', 'store_nbr', 'type']",favorita_stores_1M,1.8288812277,0,74.087664835,3158,84fb97f68dbadc4d,False,0.9.0,1.8288812277,2.0281958552,0.1421965995,0.125016244,"{""model_path"": ""Datadog/Toto-2.0-1B"", ""batch_size"": 512}",357bc23
Toto-2.0-1B,toto-2.0,autogluon/fev_datasets,favorita_stores_1W,13,10,-130,13,1,,1,SQL,"['MASE', {'name': 'WAPE', 'epsilon': 1.0}, {'name': 'WQL', 'epsilon': 1.0}]","[0.1, 0.2, 0.3, 0.4, 0.5, 0.6, 0.7, 0.8, 0.9]",id,timestamp,sales,,['onpromotion'],['oil_price'],"['city', 'cluster', 'family', 'state', 'store_nbr', 'type']",favorita_stores_1W,2.0404245134,0,371.817690907,15790,209e5285efe3cc11,False,0.9.0,2.0404245134,2.4007034903,0.1294175857,0.1084604221,"{""model_path"": ""Datadog/Toto-2.0-1B"", ""batch_size"": 512}",357bc23
Toto-2.0-1B,toto-2.0,autogluon/fev_datasets,favorita_transactions_1D,28,10,-280,28,1,,7,SQL,"['MASE', {'name': 'WAPE', 'epsilon': 1.0}, {'name': 'WQL', 'epsilon': 1.0}]","[0.1, 0.2, 0.3, 0.4, 0.5, 0.6, 0.7, 0.8, 0.9]",id,timestamp,transactions,,['holiday'],['oil_price'],"['city', 'cluster', 'state', 'store_nbr', 'type']",favorita_transactions_1D,0.9691195791,0,12.571770921,510,39e8c1c4f2cbe086,False,0.9.0,0.9691195791,1.1573638534,0.072750578,0.0597569804,"{""model_path"": ""Datadog/Toto-2.0-1B"", ""batch_size"": 512}",357bc23
Toto-2.0-1B,toto-2.0,autogluon/fev_datasets,favorita_transactions_1M,12,2,-24,12,1,,12,SQL,"['MASE', {'name': 'WAPE', 'epsilon': 1.0}, {'name': 'WQL', 'epsilon': 1.0}]","[0.1, 0.2, 0.3, 0.4, 0.5, 0.6, 0.7, 0.8, 0.9]",id,timestamp,transactions,,[],['oil_price'],"['city', 'cluster', 'state', 'store_nbr', 'type']",favorita_transactions_1M,1.1426459881,0,2.727615153,102,f2fdd1578e3fe1da,False,0.9.0,1.1426459881,1.3435767996,0.0800672383,0.0714437498,"{""model_path"": ""Datadog/Toto-2.0-1B"", ""batch_size"": 512}",357bc23
Toto-2.0-1B,toto-2.0,autogluon/fev_datasets,favorita_transactions_1W,13,10,-130,13,1,,1,SQL,"['MASE', {'name': 'WAPE', 'epsilon': 1.0}, {'name': 'WQL', 'epsilon': 1.0}]","[0.1, 0.2, 0.3, 0.4, 0.5, 0.6, 0.7, 0.8, 0.9]",id,timestamp,transactions,,[],['oil_price'],"['city', 'cluster', 'state', 'store_nbr', 'type']",favorita_transactions_1W,1.3623307768,0,12.34856265,510,297f1fca2bed5b06,False,0.9.0,1.3623307768,1.5728431085,0.0556297167,0.0474269501,"{""model_path"": ""Datadog/Toto-2.0-1B"", ""batch_size"": 512}",357bc23
Toto-2.0-1B,toto-2.0,autogluon/fev_datasets,fred_md_2025,12,20,-240,12,1,,1,SQL,"['MASE', {'name': 'WAPE', 'epsilon': 1.0}, {'name': 'WQL', 'epsilon': 1.0}]","[0.1, 0.2, 0.3, 0.4, 0.5, 0.6, 0.7, 0.8, 0.9]",id,timestamp,"['CPIAUCSL', 'FEDFUNDS', 'PAYEMS']",,[],"['M2REAL', 'NONBORRES', 'PPICMM', 'TOTRESNS']",[],fred_md_2025/cee,3.630142231,0,3.320516148,60,6fd14b4ca30b94f0,False,0.9.0,3.630142231,4.4451599484,0.0705812827,0.0601752215,"{""model_path"": ""Datadog/Toto-2.0-1B"", ""batch_size"": 512}",357bc23
Toto-2.0-1B,toto-2.0,autogluon/fev_datasets,fred_md_2025,12,20,-240,12,1,,1,SQL,"['MASE', {'name': 'WAPE', 'epsilon': 1.0}, {'name': 'WQL', 'epsilon': 1.0}]","[0.1, 0.2, 0.3, 0.4, 0.5, 0.6, 0.7, 0.8, 0.9]",id,timestamp,"['AAA', 'AWHMAN', 'BAA', 'BUSINVx', 'CPIAUCSL', 'CPIMEDSL', 'CUMFNS', 'DMANEMP', 'EXUSUKx', 'FEDFUNDS', 'GS1', 'GS10', 'GS5', 'HOUST', 'INDPRO', 'INVEST', 'IPBUSEQ', 'IPCONGD', 'IPDCONGD', 'IPDMAT', 'IPFINAL', 'IPMANSICS', 'IPMAT', 'IPNCONGD', 'IPNMAT', 'M2REAL', 'MANEMP', 'NDMANEMP', 'NONBORRES', 'PAYEMS', 'PERMIT', 'PPICMM', 'S&P 500', 'SRVPRD', 'TB3MS', 'TB6MS', 'TOTRESNS', 'UEMP15T26', 'UEMP27OV', 'UEMP5TO14', 'UEMPLT5', 'UEMPMEAN', 'UMCSENTx', 'UNRATE', 'USCONS', 'USFIRE', 'USGOOD', 'USGOVT', 'USTPU', 'USTRADE', 'VIXCLSx']",,[],[],[],fred_md_2025/macro,5.0621548708,0,23.911305454,1020,6fd14b4ca30b94f0,False,0.9.0,5.0621548708,5.9724499394,0.0744356383,0.0614460757,"{""model_path"": ""Datadog/Toto-2.0-1B"", ""batch_size"": 512}",357bc23
Toto-2.0-1B,toto-2.0,autogluon/fev_datasets,fred_qd_2025,8,20,-160,8,1,,1,SQL,"['MASE', {'name': 'WAPE', 'epsilon': 1.0}, {'name': 'WQL', 'epsilon': 1.0}]","[0.1, 0.2, 0.3, 0.4, 0.5, 0.6, 0.7, 0.8, 0.9]",id,timestamp,"['CPIAUCSL', 'FEDFUNDS', 'PAYEMS']",,[],"['M2REAL', 'NONBORRES', 'PPICMM', 'TOTRESNS']",[],fred_qd_2025/cee,1.8267948727,0,3.325783176,60,4ca57ebf484d0702,False,0.9.0,1.8267948727,2.1876748888,0.1426362665,0.1178834587,"{""model_path"": ""Datadog/Toto-2.0-1B"", ""batch_size"": 512}",357bc23
Toto-2.0-1B,toto-2.0,autogluon/fev_datasets,fred_qd_2025,8,20,-160,8,1,,1,SQL,"['MASE', {'name': 'WAPE', 'epsilon': 1.0}, {'name': 'WQL', 'epsilon': 1.0}]","[0.1, 0.2, 0.3, 0.4, 0.5, 0.6, 0.7, 0.8, 0.9]",id,timestamp,"['AAA', 'AWHMAN', 'BAA', 'BUSINVx', 'CPIAUCSL', 'CPIMEDSL', 'CUMFNS', 'DMANEMP', 'EXUSUKx', 'FEDFUNDS', 'GS1', 'GS10', 'GS5', 'HOUST', 'INDPRO', 'INVEST', 'IPBUSEQ', 'IPCONGD', 'IPDCONGD', 'IPDMAT', 'IPFINAL', 'IPMANSICS', 'IPMAT', 'IPNCONGD', 'IPNMAT', 'M2REAL', 'MANEMP', 'NDMANEMP', 'NONBORRES', 'PAYEMS', 'PERMIT', 'PPICMM', 'S&P 500', 'SRVPRD', 'TB3MS', 'TB6MS', 'TOTRESNS', 'UEMP15T26', 'UEMP27OV', 'UEMP5TO14', 'UEMPLT5', 'UEMPMEAN', 'UMCSENTx', 'UNRATE', 'USCONS', 'USFIRE', 'USGOOD', 'USGOVT', 'USTPU', 'USTRADE', 'VIXCLSx']",,[],[],[],fred_qd_2025/macro,3.3943726422,0,23.776827442,1020,4ca57ebf484d0702,False,0.9.0,3.3943726422,4.0683505949,0.1000438536,0.0819398403,"{""model_path"": ""Datadog/Toto-2.0-1B"", ""batch_size"": 512}",357bc23
Toto-2.0-1B,toto-2.0,autogluon/fev_datasets,gvar,8,10,-80,8,1,,4,SQL,"['MASE', {'name': 'WAPE', 'epsilon': 1.0}, {'name': 'WQL', 'epsilon': 1.0}]","[0.1, 0.2, 0.3, 0.4, 0.5, 0.6, 0.7, 0.8, 0.9]",id,timestamp,"['Dp', 'ep', 'eq', 'lr', 'r', 'y']",,[],"['pmat', 'pmetal', 'poil']",[],gvar,0.5523810767,0,45.202028981,1980,61766544be22840b,False,0.9.0,0.5523810767,0.6737140403,0.0177055351,0.0145238675,"{""model_path"": ""Datadog/Toto-2.0-1B"", ""batch_size"": 512}",357bc23
Toto-2.0-1B,toto-2.0,autogluon/fev_datasets,hermes,52,1,-52,52,1,,1,SQL,"['MASE', {'name': 'WAPE', 'epsilon': 1.0}, {'name': 'WQL', 'epsilon': 1.0}]","[0.1, 0.2, 0.3, 0.4, 0.5, 0.6, 0.7, 0.8, 0.9]",id,timestamp,target,,['external'],[],"['category', 'country']",hermes,0.639800402,0,233.87434089,10000,107b852d349c8182,False,0.9.0,0.639800402,0.8140635648000001,0.0029903587,0.0023445304,"{""model_path"": ""Datadog/Toto-2.0-1B"", ""batch_size"": 512}",357bc23
Toto-2.0-1B,toto-2.0,autogluon/fev_datasets,hierarchical_sales_1D,28,10,-280,28,1,,7,SQL,"['MASE', {'name': 'WAPE', 'epsilon': 1.0}, {'name': 'WQL', 'epsilon': 1.0}]","[0.1, 0.2, 0.3, 0.4, 0.5, 0.6, 0.7, 0.8, 0.9]",id,timestamp,target,,[],[],[],hierarchical_sales_1D,0.5518996789,0,27.869808656,1180,77b3d008284e117b,False,0.9.0,0.5518996789,0.6866918662,0.6989381542,0.5676590461000001,"{""model_path"": ""Datadog/Toto-2.0-1B"", ""batch_size"": 512}",357bc23
Toto-2.0-1B,toto-2.0,autogluon/fev_datasets,hierarchical_sales_1W,13,10,-130,13,1,,1,SQL,"['MASE', {'name': 'WAPE', 'epsilon': 1.0}, {'name': 'WQL', 'epsilon': 1.0}]","[0.1, 0.2, 0.3, 0.4, 0.5, 0.6, 0.7, 0.8, 0.9]",id,timestamp,target,,[],[],[],hierarchical_sales_1W,0.6233546775000001,0,27.303465715,1180,2b2b335c105dabf3,False,0.9.0,0.6233546775000001,0.7615608813,0.43104428,0.3645064954,"{""model_path"": ""Datadog/Toto-2.0-1B"", ""batch_size"": 512}",357bc23
Toto-2.0-1B,toto-2.0,autogluon/fev_datasets,hospital,12,4,-48,12,1,,12,SQL,"['MASE', {'name': 'WAPE', 'epsilon': 1.0}, {'name': 'WQL', 'epsilon': 1.0}]","[0.1, 0.2, 0.3, 0.4, 0.5, 0.6, 0.7, 0.8, 0.9]",id,timestamp,target,,[],[],[],hospital,0.6846047194,0,69.478464154,3068,188b4fce7bbf0ba7,False,0.9.0,0.6846047194,0.8679956431,0.0895184447,0.0721816897,"{""model_path"": ""Datadog/Toto-2.0-1B"", ""batch_size"": 512}",357bc23
Toto-2.0-1B,toto-2.0,autogluon/fev_datasets,hospital_admissions_1D,28,20,-560,28,1,,7,SQL,"['MASE', {'name': 'WAPE', 'epsilon': 1.0}, {'name': 'WQL', 'epsilon': 1.0}]","[0.1, 0.2, 0.3, 0.4, 0.5, 0.6, 0.7, 0.8, 0.9]",id,timestamp,target,,[],[],[],hospital_admissions_1D,0.5541303956,0,4.736095723,160,2a4e1183560f9bb2,False,0.9.0,0.5541303956,0.7167544131,0.5317086108,0.4110203098,"{""model_path"": ""Datadog/Toto-2.0-1B"", ""batch_size"": 512}",357bc23
Toto-2.0-1B,toto-2.0,autogluon/fev_datasets,hospital_admissions_1W,13,16,-208,13,1,,1,SQL,"['MASE', {'name': 'WAPE', 'epsilon': 1.0}, {'name': 'WQL', 'epsilon': 1.0}]","[0.1, 0.2, 0.3, 0.4, 0.5, 0.6, 0.7, 0.8, 0.9]",id,timestamp,target,,[],[],[],hospital_admissions_1W,0.5791562113000001,0,3.906841072,128,5ac11b235b4614f4,False,0.9.0,0.5791562113000001,0.7529906373,0.2120673837,0.1631238396,"{""model_path"": ""Datadog/Toto-2.0-1B"", ""batch_size"": 512}",357bc23
Toto-2.0-1B,toto-2.0,autogluon/fev_datasets,jena_weather_10T,144,20,-2880,144,1,,144,SQL,"['MASE', {'name': 'WAPE', 'epsilon': 1.0}, {'name': 'WQL', 'epsilon': 1.0}]","[0.1, 0.2, 0.3, 0.4, 0.5, 0.6, 0.7, 0.8, 0.9]",id,timestamp,"['target_0', 'target_1', 'target_10', 'target_11', 'target_12', 'target_13', 'target_14', 'target_15', 'target_16', 'target_17', 'target_18', 'target_19', 'target_2', 'target_20', 'target_3', 'target_4', 'target_5', 'target_6', 'target_7', 'target_8', 'target_9']",,[],[],[],jena_weather_10T,0.3452573699,0,11.054561548,420,25a5999066a34de5,False,0.9.0,0.3452573699,0.4226702319,0.2364187084,0.2179958325,"{""model_path"": ""Datadog/Toto-2.0-1B"", ""batch_size"": 512}",357bc23
Toto-2.0-1B,toto-2.0,autogluon/fev_datasets,jena_weather_1D,28,11,-308,28,1,,1,SQL,"['MASE', {'name': 'WAPE', 'epsilon': 1.0}, {'name': 'WQL', 'epsilon': 1.0}]","[0.1, 0.2, 0.3, 0.4, 0.5, 0.6, 0.7, 0.8, 0.9]",id,timestamp,"['target_0', 'target_1', 'target_10', 'target_11', 'target_12', 'target_13', 'target_14', 'target_15', 'target_16', 'target_17', 'target_18', 'target_19', 'target_2', 'target_20', 'target_3', 'target_4', 'target_5', 'target_6', 'target_7', 'target_8', 'target_9']",,[],[],[],jena_weather_1D,1.1583045413,0,5.910080174,231,003626a54394cc81,False,0.9.0,1.1583045413,1.4702452686,0.2887872805,0.2347111941,"{""model_path"": ""Datadog/Toto-2.0-1B"", ""batch_size"": 512}",357bc23
Toto-2.0-1B,toto-2.0,autogluon/fev_datasets,jena_weather_1H,24,20,-480,24,1,,24,SQL,"['MASE', {'name': 'WAPE', 'epsilon': 1.0}, {'name': 'WQL', 'epsilon': 1.0}]","[0.1, 0.2, 0.3, 0.4, 0.5, 0.6, 0.7, 0.8, 0.9]",id,timestamp,"['target_0', 'target_1', 'target_10', 'target_11', 'target_12', 'target_13', 'target_14', 'target_15', 'target_16', 'target_17', 'target_18', 'target_19', 'target_2', 'target_20', 'target_3', 'target_4', 'target_5', 'target_6', 'target_7', 'target_8', 'target_9']",,[],[],[],jena_weather_1H,0.3506141223,0,10.719723777,420,75bfd3b5994a5acf,False,0.9.0,0.3506141223,0.4323171492,0.2383327399,0.209700068,"{""model_path"": ""Datadog/Toto-2.0-1B"", ""batch_size"": 512}",357bc23
Toto-2.0-1B,toto-2.0,autogluon/fev_datasets,kdd_cup_2022_10T,288,10,-2880,288,1,,144,SQL,"['MASE', {'name': 'WAPE', 'epsilon': 1.0}, {'name': 'WQL', 'epsilon': 1.0}]","[0.1, 0.2, 0.3, 0.4, 0.5, 0.6, 0.7, 0.8, 0.9]",id,timestamp,Patv,,[],"['Etmp', 'Itmp', 'Ndir', 'Pab1', 'Pab2', 'Pab3', 'Prtv', 'Wdir', 'Wspd']",[],kdd_cup_2022_10T,0.4330467661,0,34.752651181,1340,9b41e743d33077cd,False,0.9.0,0.4330467661,0.5433777298,1.4621045199,1.2423053558,"{""model_path"": ""Datadog/Toto-2.0-1B"", ""batch_size"": 512}",357bc23
Toto-2.0-1B,toto-2.0,autogluon/fev_datasets,kdd_cup_2022_1D,14,10,-140,14,1,,1,SQL,"['MASE', {'name': 'WAPE', 'epsilon': 1.0}, {'name': 'WQL', 'epsilon': 1.0}]","[0.1, 0.2, 0.3, 0.4, 0.5, 0.6, 0.7, 0.8, 0.9]",id,timestamp,Patv,,[],"['Etmp', 'Itmp', 'Ndir', 'Pab1', 'Pab2', 'Pab3', 'Prtv', 'Wdir', 'Wspd']",[],kdd_cup_2022_1D,0.6930008373000001,0,31.600741405,1340,53e3bfa3689aa2d7,False,0.9.0,0.6930008373000001,0.8891125355,0.7110946108,0.5518483318,"{""model_path"": ""Datadog/Toto-2.0-1B"", ""batch_size"": 512}",357bc23
Toto-2.0-1B,toto-2.0,autogluon/fev_datasets,kdd_cup_2022_30T,96,10,-960,96,1,,48,SQL,"['MASE', {'name': 'WAPE', 'epsilon': 1.0}, {'name': 'WQL', 'epsilon': 1.0}]","[0.1, 0.2, 0.3, 0.4, 0.5, 0.6, 0.7, 0.8, 0.9]",id,timestamp,Patv,,[],"['Etmp', 'Itmp', 'Ndir', 'Pab1', 'Pab2', 'Pab3', 'Prtv', 'Wdir', 'Wspd']",[],kdd_cup_2022_30T,0.4399407544,0,32.877182096,1340,f73b55a07564deaa,False,0.9.0,0.4399407544,0.5397114161000001,1.4817023272,1.2947478209,"{""model_path"": ""Datadog/Toto-2.0-1B"", ""batch_size"": 512}",357bc23
Toto-2.0-1B,toto-2.0,autogluon/fev_datasets,m5_1D,28,1,-28,28,1,,7,SQL,"['MASE', {'name': 'WAPE', 'epsilon': 1.0}, {'name': 'WQL', 'epsilon': 1.0}]","[0.1, 0.2, 0.3, 0.4, 0.5, 0.6, 0.7, 0.8, 0.9]",id,timestamp,target,,"['event_Cultural', 'event_National', 'event_Religious', 'event_Sporting', 'sell_price', 'snap_CA', 'snap_TX', 'snap_WI']",[],"['cat_id', 'dept_id', 'item_id', 'state_id', 'store_id']",m5_1D,0.7044639941,0,724.383795234,30490,a5408e93540ec5c9,False,0.9.0,0.7044639941,0.8645911132,0.6932295881,0.5445193467,"{""model_path"": ""Datadog/Toto-2.0-1B"", ""batch_size"": 512}",357bc23
Toto-2.0-1B,toto-2.0,autogluon/fev_datasets,m5_1M,12,1,-12,12,6,,12,SQL,"['MASE', {'name': 'WAPE', 'epsilon': 1.0}, {'name': 'WQL', 'epsilon': 1.0}]","[0.1, 0.2, 0.3, 0.4, 0.5, 0.6, 0.7, 0.8, 0.9]",id,timestamp,target,,"['event_Cultural', 'event_National', 'event_Religious', 'event_Sporting', 'sell_price', 'snap_CA', 'snap_TX', 'snap_WI']",[],"['cat_id', 'dept_id', 'item_id', 'state_id', 'store_id']",m5_1M,1.0882265961,0,682.657975112,29364,b562dee8546ce598,False,0.9.0,1.0882265961,1.1787758094,0.4341409243,0.3732511687,"{""model_path"": ""Datadog/Toto-2.0-1B"", ""batch_size"": 512}",357bc23
Toto-2.0-1B,toto-2.0,autogluon/fev_datasets,m5_1W,13,1,-13,13,1,,1,SQL,"['MASE', {'name': 'WAPE', 'epsilon': 1.0}, {'name': 'WQL', 'epsilon': 1.0}]","[0.1, 0.2, 0.3, 0.4, 0.5, 0.6, 0.7, 0.8, 0.9]",id,timestamp,target,,"['event_Cultural', 'event_National', 'event_Religious', 'event_Sporting', 'sell_price', 'snap_CA', 'snap_TX', 'snap_WI']",[],"['cat_id', 'dept_id', 'item_id', 'state_id', 'store_id']",m5_1W,1.0827555561,0,716.178928863,30490,0c7d59ea6d50dbdf,False,0.9.0,1.0827555561,1.1687808914,0.4211308969,0.3406208433,"{""model_path"": ""Datadog/Toto-2.0-1B"", ""batch_size"": 512}",357bc23
Toto-2.0-1B,toto-2.0,autogluon/fev_datasets,proenfo_gfc12,168,10,-1680,168,1,,24,SQL,"['MASE', {'name': 'WAPE', 'epsilon': 1.0}, {'name': 'WQL', 'epsilon': 1.0}]","[0.1, 0.2, 0.3, 0.4, 0.5, 0.6, 0.7, 0.8, 0.9]",id,timestamp,target,,['airtemperature'],[],[],proenfo_gfc12,0.8409608442000001,0,3.501644577,110,b9d66f77d6db1337,False,0.9.0,0.8409608442000001,1.0373502899,0.0880874627,0.0711665266,"{""model_path"": ""Datadog/Toto-2.0-1B"", ""batch_size"": 512}",357bc23
Toto-2.0-1B,toto-2.0,autogluon/fev_datasets,proenfo_gfc14,168,20,-3360,168,1,,24,SQL,"['MASE', {'name': 'WAPE', 'epsilon': 1.0}, {'name': 'WQL', 'epsilon': 1.0}]","[0.1, 0.2, 0.3, 0.4, 0.5, 0.6, 0.7, 0.8, 0.9]",id,timestamp,target,,['airtemperature'],[],[],proenfo_gfc14,0.6703903271,0,3.187721724,20,a2f90b2f1ba52e38,False,0.9.0,0.6703903271,0.8578754279,0.0418803639,0.0327314094,"{""model_path"": ""Datadog/Toto-2.0-1B"", ""batch_size"": 512}",357bc23
Toto-2.0-1B,toto-2.0,autogluon/fev_datasets,proenfo_gfc17,168,20,-3360,168,1,,24,SQL,"['MASE', {'name': 'WAPE', 'epsilon': 1.0}, {'name': 'WQL', 'epsilon': 1.0}]","[0.1, 0.2, 0.3, 0.4, 0.5, 0.6, 0.7, 0.8, 0.9]",id,timestamp,target,,['airtemperature'],[],[],proenfo_gfc17,0.8416294457,0,5.026083237,160,eba07ba0bb45e5dc,False,0.9.0,0.8416294457,1.0819500206,0.0732475936,0.0571762013,"{""model_path"": ""Datadog/Toto-2.0-1B"", ""batch_size"": 512}",357bc23
Toto-2.0-1B,toto-2.0,autogluon/fev_datasets,redset_15T,96,10,-960,96,1,,96,SQL,"['MASE', {'name': 'WAPE', 'epsilon': 1.0}, {'name': 'WQL', 'epsilon': 1.0}]","[0.1, 0.2, 0.3, 0.4, 0.5, 0.6, 0.7, 0.8, 0.9]",id,timestamp,target,,[],[],['subset'],redset_15T,0.64021543,0,30.262829289,1260,49fdfb78f00880f9,False,0.9.0,0.64021543,0.7575452545,0.2584044217,0.2149035463,"{""model_path"": ""Datadog/Toto-2.0-1B"", ""batch_size"": 512}",357bc23
Toto-2.0-1B,toto-2.0,autogluon/fev_datasets,redset_1H,24,10,-240,24,1,,24,SQL,"['MASE', {'name': 'WAPE', 'epsilon': 1.0}, {'name': 'WQL', 'epsilon': 1.0}]","[0.1, 0.2, 0.3, 0.4, 0.5, 0.6, 0.7, 0.8, 0.9]",id,timestamp,target,,[],[],['subset'],redset_1H,1.2700161619,0,32.571939105,1380,f7cbb47cb5f76ea7,False,0.9.0,1.2700161619,1.3898091325,0.2058190387,0.1696635983,"{""model_path"": ""Datadog/Toto-2.0-1B"", ""batch_size"": 512}",357bc23
Toto-2.0-1B,toto-2.0,autogluon/fev_datasets,redset_5T,288,10,-2880,288,1,,288,SQL,"['MASE', {'name': 'WAPE', 'epsilon': 1.0}, {'name': 'WQL', 'epsilon': 1.0}]","[0.1, 0.2, 0.3, 0.4, 0.5, 0.6, 0.7, 0.8, 0.9]",id,timestamp,target,,[],[],['subset'],redset_5T,0.5967971557,0,29.247056292,1180,b9a12aeba2af7192,False,0.9.0,0.5967971557,0.7136562904,0.3093109903,0.2522817162,"{""model_path"": ""Datadog/Toto-2.0-1B"", ""batch_size"": 512}",357bc23
Toto-2.0-1B,toto-2.0,autogluon/fev_datasets,restaurant,28,8,-224,28,1,,7,SQL,"['MASE', {'name': 'WAPE', 'epsilon': 1.0}, {'name': 'WQL', 'epsilon': 1.0}]","[0.1, 0.2, 0.3, 0.4, 0.5, 0.6, 0.7, 0.8, 0.9]",id,timestamp,target,,[],[],"['air_area_name', 'air_genre_name', 'latitude', 'longitude']",restaurant,0.7376504095,0,148.615135068,6502,5af240c09db342cf,False,0.9.0,0.7376504095,0.9240736298,0.3645172458,0.2875333554,"{""model_path"": ""Datadog/Toto-2.0-1B"", ""batch_size"": 512}",357bc23
Toto-2.0-1B,toto-2.0,autogluon/fev_datasets,rohlik_orders_1D,61,5,2023-05-01T00:00:00,61,1,,7,SQL,"['MASE', {'name': 'WAPE', 'epsilon': 1.0}, {'name': 'WQL', 'epsilon': 1.0}]","[0.1, 0.2, 0.3, 0.4, 0.5, 0.6, 0.7, 0.8, 0.9]",id,timestamp,orders,,"['holiday', 'school_holidays', 'shops_closed', 'winter_school_holidays']","['blackout', 'frankfurt_shutdown', 'mini_shutdown', 'mov_change', 'precipitation', 'shutdown', 'snow', 'user_activity_1', 'user_activity_2']",[],rohlik_orders_1D,1.0922811685,0,1.357137727,35,743d7d85eea679ed,False,0.9.0,1.0922811685,1.3732925098,0.0619575721,0.0497401039,"{""model_path"": ""Datadog/Toto-2.0-1B"", ""batch_size"": 512}",357bc23
Toto-2.0-1B,toto-2.0,autogluon/fev_datasets,rohlik_orders_1W,8,5,2023-05-01T00:00:00,8,1,,1,SQL,"['MASE', {'name': 'WAPE', 'epsilon': 1.0}, {'name': 'WQL', 'epsilon': 1.0}]","[0.1, 0.2, 0.3, 0.4, 0.5, 0.6, 0.7, 0.8, 0.9]",id,timestamp,orders,,"['holiday', 'school_holidays', 'shops_closed', 'winter_school_holidays']","['blackout', 'frankfurt_shutdown', 'mini_shutdown', 'mov_change', 'precipitation', 'shutdown', 'snow', 'user_activity_1', 'user_activity_2']",[],rohlik_orders_1W,1.4027437012,0,1.330579433,35,18a03d658590ecd3,False,0.9.0,1.4027437012,1.7060379241,0.0557493865,0.0457701047,"{""model_path"": ""Datadog/Toto-2.0-1B"", ""batch_size"": 512}",357bc23
Toto-2.0-1B,toto-2.0,autogluon/fev_datasets,rohlik_sales_1D,14,1,2023-12-15T00:00:00,14,14,,7,SQL,"['MASE', {'name': 'WAPE', 'epsilon': 1.0}, {'name': 'WQL', 'epsilon': 1.0}]","[0.1, 0.2, 0.3, 0.4, 0.5, 0.6, 0.7, 0.8, 0.9]",id,timestamp,sales,,"['holiday', 'school_holidays', 'sell_price_main', 'shops_closed', 'total_orders', 'type_0_discount', 'type_1_discount', 'type_2_discount', 'type_3_discount', 'type_4_discount', 'type_5_discount', 'type_6_discount', 'winter_school_holidays']",['availability'],"['L1_category_name_en', 'L2_category_name_en', 'L3_category_name_en', 'L4_category_name_en', 'name', 'product_unique_id', 'warehouse']",rohlik_sales_1D,1.1660403798,0,98.213321059,4116,bdd7a282f9fc98e5,False,0.9.0,1.1660403798,1.3874692367,0.3783331838,0.3187697926,"{""model_path"": ""Datadog/Toto-2.0-1B"", ""batch_size"": 512}",357bc23
Toto-2.0-1B,toto-2.0,autogluon/fev_datasets,rohlik_sales_1W,8,1,2023-12-15T00:00:00,8,8,,1,SQL,"['MASE', {'name': 'WAPE', 'epsilon': 1.0}, {'name': 'WQL', 'epsilon': 1.0}]","[0.1, 0.2, 0.3, 0.4, 0.5, 0.6, 0.7, 0.8, 0.9]",id,timestamp,sales,,"['holiday', 'school_holidays', 'sell_price_main', 'shops_closed', 'total_orders', 'type_0_discount', 'type_1_discount', 'type_2_discount', 'type_3_discount', 'type_4_discount', 'type_5_discount', 'type_6_discount', 'winter_school_holidays']",['availability'],"['L1_category_name_en', 'L2_category_name_en', 'L3_category_name_en', 'L4_category_name_en', 'name', 'product_unique_id', 'warehouse']",rohlik_sales_1W,1.4916082623,0,93.192402425,3942,a1817f8223c08fb5,False,0.9.0,1.4916082623,1.757809379,0.2791514695,0.2324107825,"{""model_path"": ""Datadog/Toto-2.0-1B"", ""batch_size"": 512}",357bc23
Toto-2.0-1B,toto-2.0,autogluon/fev_datasets,rossmann_1D,48,10,-480,48,1,,7,SQL,"['MASE', {'name': 'WAPE', 'epsilon': 1.0}, {'name': 'WQL', 'epsilon': 1.0}]","[0.1, 0.2, 0.3, 0.4, 0.5, 0.6, 0.7, 0.8, 0.9]",id,timestamp,Sales,,"['DayOfWeek', 'Open', 'Promo', 'SchoolHoliday', 'StateHoliday']",['Customers'],"['Assortment', 'CompetitionDistance', 'CompetitionOpenSinceMonth', 'CompetitionOpenSinceYear', 'Promo2', 'Promo2SinceWeek', 'Promo2SinceYear', 'PromoInterval', 'Store', 'StoreType']",rossmann_1D,0.4812073721,0,266.142435787,11150,8441c9ccbe2ff4d1,False,0.9.0,0.4812073721,0.5857202624,0.1993629137,0.1636378999,"{""model_path"": ""Datadog/Toto-2.0-1B"", ""batch_size"": 512}",357bc23
Toto-2.0-1B,toto-2.0,autogluon/fev_datasets,rossmann_1W,13,8,-104,13,1,,1,SQL,"['MASE', {'name': 'WAPE', 'epsilon': 1.0}, {'name': 'WQL', 'epsilon': 1.0}]","[0.1, 0.2, 0.3, 0.4, 0.5, 0.6, 0.7, 0.8, 0.9]",id,timestamp,Sales,,"['Open', 'Promo', 'SchoolHoliday', 'StateHoliday']",['Customers'],"['Assortment', 'CompetitionDistance', 'CompetitionOpenSinceMonth', 'CompetitionOpenSinceYear', 'Promo2', 'Promo2SinceWeek', 'Promo2SinceYear', 'PromoInterval', 'Store', 'StoreType']",rossmann_1W,0.5068690891000001,0,210.609789797,8920,e18c12f0c75cf8c0,False,0.9.0,0.5068690891000001,0.6653602719,0.1843630249,0.1387929035,"{""model_path"": ""Datadog/Toto-2.0-1B"", ""batch_size"": 512}",357bc23
Toto-2.0-1B,toto-2.0,autogluon/fev_datasets,solar_1D,28,10,-280,28,1,,1,SQL,"['MASE', {'name': 'WAPE', 'epsilon': 1.0}, {'name': 'WQL', 'epsilon': 1.0}]","[0.1, 0.2, 0.3, 0.4, 0.5, 0.6, 0.7, 0.8, 0.9]",id,timestamp,target,,[],[],[],solar_1D,0.608533274,0,32.321274657000004,1370,61a16072f577b902,False,0.9.0,0.608533274,0.7698554588000001,0.2424679649,0.1909268585,"{""model_path"": ""Datadog/Toto-2.0-1B"", ""batch_size"": 512}",357bc23
Toto-2.0-1B,toto-2.0,autogluon/fev_datasets,solar_1W,13,1,-13,13,1,,1,SQL,"['MASE', {'name': 'WAPE', 'epsilon': 1.0}, {'name': 'WQL', 'epsilon': 1.0}]","[0.1, 0.2, 0.3, 0.4, 0.5, 0.6, 0.7, 0.8, 0.9]",id,timestamp,target,,[],[],[],solar_1W,1.2393398508,0,3.429043859,137,b957c1ccfd8bdefc,False,0.9.0,1.2393398508,1.6889876705,0.2841724803,0.2088524184,"{""model_path"": ""Datadog/Toto-2.0-1B"", ""batch_size"": 512}",357bc23
Toto-2.0-1B,toto-2.0,autogluon/fev_datasets,solar_with_weather_15T,96,20,-1920,96,1,,96,SQL,"['MASE', {'name': 'WAPE', 'epsilon': 1.0}, {'name': 'WQL', 'epsilon': 1.0}]","[0.1, 0.2, 0.3, 0.4, 0.5, 0.6, 0.7, 0.8, 0.9]",id,timestamp,target,,"['day_length', 'humidity', 'pressure', 'rain_1h', 'snow_1h', 'temp', 'wind_speed']","['clouds_all', 'global_horizontal_irradiance']",[],solar_with_weather_15T,0.7538379067000001,0,3.496523952,20,52351e76b7090ab1,False,0.9.0,0.7538379067000001,0.9619781081,1.2474398908,0.9210578527,"{""model_path"": ""Datadog/Toto-2.0-1B"", ""batch_size"": 512}",357bc23
Toto-2.0-1B,toto-2.0,autogluon/fev_datasets,solar_with_weather_1H,24,20,-480,24,1,,24,SQL,"['MASE', {'name': 'WAPE', 'epsilon': 1.0}, {'name': 'WQL', 'epsilon': 1.0}]","[0.1, 0.2, 0.3, 0.4, 0.5, 0.6, 0.7, 0.8, 0.9]",id,timestamp,target,,"['day_length', 'humidity', 'pressure', 'rain_1h', 'snow_1h', 'temp', 'wind_speed']","['clouds_all', 'global_horizontal_irradiance']",[],solar_with_weather_1H,0.8208214753,0,3.343155192,20,4a140710760f779a,False,0.9.0,0.8208214753,1.078014467,1.0725974014,0.7859841834,"{""model_path"": ""Datadog/Toto-2.0-1B"", ""batch_size"": 512}",357bc23
Toto-2.0-1B,toto-2.0,autogluon/fev_datasets,uci_air_quality_1D,28,11,-308,28,1,,7,SQL,"['MASE', {'name': 'WAPE', 'epsilon': 1.0}, {'name': 'WQL', 'epsilon': 1.0}]","[0.1, 0.2, 0.3, 0.4, 0.5, 0.6, 0.7, 0.8, 0.9]",id,timestamp,"['C6H6(GT)', 'CO(GT)', 'NO2(GT)', 'NOx(GT)']",,"['AH', 'RH', 'T']",[],[],uci_air_quality_1D,1.1942237313,0,1.981977392,44,0d2ba39e4e4ce5f4,False,0.9.0,1.1942237313,1.4643117115,0.2989116805,0.2415658855,"{""model_path"": ""Datadog/Toto-2.0-1B"", ""batch_size"": 512}",357bc23
Toto-2.0-1B,toto-2.0,autogluon/fev_datasets,uci_air_quality_1H,168,20,-3360,168,1,,24,SQL,"['MASE', {'name': 'WAPE', 'epsilon': 1.0}, {'name': 'WQL', 'epsilon': 1.0}]","[0.1, 0.2, 0.3, 0.4, 0.5, 0.6, 0.7, 0.8, 0.9]",id,timestamp,"['C6H6(GT)', 'CO(GT)', 'NO2(GT)', 'NOx(GT)']",,"['AH', 'RH', 'T']",[],[],uci_air_quality_1H,0.8490131436,0,3.400789865,80,62f958117014ee08,False,0.9.0,0.8490131436,1.095188362,0.3615522821,0.2796255722,"{""model_path"": ""Datadog/Toto-2.0-1B"", ""batch_size"": 512}",357bc23
Toto-2.0-1B,toto-2.0,autogluon/fev_datasets,uk_covid_nation_1D,28,20,-560,28,1,,1,SQL,"['MASE', {'name': 'WAPE', 'epsilon': 1.0}, {'name': 'WQL', 'epsilon': 1.0}]","[0.1, 0.2, 0.3, 0.4, 0.5, 0.6, 0.7, 0.8, 0.9]",id,timestamp,"['cumulative_admissions', 'cumulative_cases', 'cumulative_deaths']",,[],"['cumulative_vaccinated_1', 'cumulative_vaccinated_2', 'cumulative_vaccinated_3', 'hospital_cases', 'icu_ventilator_occupancy']",[],uk_covid_nation_1D/cumulative,7.2231829249,0,6.532909343,240,c8dff53b6fcb4695,False,0.9.0,7.2231829249,9.1558854814,0.0180740264,0.0146777937,"{""model_path"": ""Datadog/Toto-2.0-1B"", ""batch_size"": 512}",357bc23
Toto-2.0-1B,toto-2.0,autogluon/fev_datasets,uk_covid_nation_1D,28,20,-560,28,1,,7,SQL,"['MASE', {'name': 'WAPE', 'epsilon': 1.0}, {'name': 'WQL', 'epsilon': 1.0}]","[0.1, 0.2, 0.3, 0.4, 0.5, 0.6, 0.7, 0.8, 0.9]",id,timestamp,"['new_admissions', 'new_cases', 'new_deaths']",,[],"['hospital_cases', 'icu_ventilator_occupancy', 'new_vaccinated_1', 'new_vaccinated_2', 'new_vaccinated_3']",[],uk_covid_nation_1D/new,2.2485646807,0,6.565403661,240,c8dff53b6fcb4695,False,0.9.0,2.2485646807,2.6997792127,0.3791613989,0.3133465946,"{""model_path"": ""Datadog/Toto-2.0-1B"", ""batch_size"": 512}",357bc23
Toto-2.0-1B,toto-2.0,autogluon/fev_datasets,uk_covid_nation_1W,8,4,-32,8,1,,1,SQL,"['MASE', {'name': 'WAPE', 'epsilon': 1.0}, {'name': 'WQL', 'epsilon': 1.0}]","[0.1, 0.2, 0.3, 0.4, 0.5, 0.6, 0.7, 0.8, 0.9]",id,timestamp,"['cumulative_admissions', 'cumulative_cases', 'cumulative_deaths']",,[],"['cumulative_vaccinated_1', 'cumulative_vaccinated_2', 'cumulative_vaccinated_3', 'hospital_cases', 'icu_ventilator_occupancy']",[],uk_covid_nation_1W/cumulative,4.2719604193,0,1.5560668240000002,48,a1bd24bd7d949574,False,0.9.0,4.2719604193,5.5118919129,0.0512911048,0.0383465701,"{""model_path"": ""Datadog/Toto-2.0-1B"", ""batch_size"": 512}",357bc23
Toto-2.0-1B,toto-2.0,autogluon/fev_datasets,uk_covid_nation_1W,8,4,-32,8,1,,1,SQL,"['MASE', {'name': 'WAPE', 'epsilon': 1.0}, {'name': 'WQL', 'epsilon': 1.0}]","[0.1, 0.2, 0.3, 0.4, 0.5, 0.6, 0.7, 0.8, 0.9]",id,timestamp,"['new_admissions', 'new_cases', 'new_deaths']",,[],"['hospital_cases', 'icu_ventilator_occupancy', 'new_vaccinated_1', 'new_vaccinated_2', 'new_vaccinated_3']",[],uk_covid_nation_1W/new,5.5221040555,0,1.557999729,48,a1bd24bd7d949574,False,0.9.0,5.5221040555,6.7308214015,0.8596357298,0.7025700616,"{""model_path"": ""Datadog/Toto-2.0-1B"", ""batch_size"": 512}",357bc23
Toto-2.0-1B,toto-2.0,autogluon/fev_datasets,uk_covid_utla_1D,28,10,-280,28,1,,7,SQL,"['MASE', {'name': 'WAPE', 'epsilon': 1.0}, {'name': 'WQL', 'epsilon': 1.0}]","[0.1, 0.2, 0.3, 0.4, 0.5, 0.6, 0.7, 0.8, 0.9]",id,timestamp,new_cases,,[],[],[],uk_covid_utla_1D/new,4.7578477332,0,49.432204784,2140,46f9bb53c6d05e0a,False,0.9.0,4.7578477332,5.7237122627,0.5830535640000001,0.4772320952,"{""model_path"": ""Datadog/Toto-2.0-1B"", ""batch_size"": 512}",357bc23
Toto-2.0-1B,toto-2.0,autogluon/fev_datasets,uk_covid_utla_1W,13,5,-65,13,1,,1,SQL,"['MASE', {'name': 'WAPE', 'epsilon': 1.0}, {'name': 'WQL', 'epsilon': 1.0}]","[0.1, 0.2, 0.3, 0.4, 0.5, 0.6, 0.7, 0.8, 0.9]",id,timestamp,cumulative_cases,,[],[],[],uk_covid_utla_1W/cumulative,16.8133644558,0,24.692879269,1070,c4fdce102c5b6f47,False,0.9.0,16.8133644558,19.0039099878,0.1939882532,0.1712463035,"{""model_path"": ""Datadog/Toto-2.0-1B"", ""batch_size"": 512}",357bc23
Toto-2.0-1B,toto-2.0,autogluon/fev_datasets,us_consumption_1M,12,10,-120,12,1,,12,SQL,"['MASE', {'name': 'WAPE', 'epsilon': 1.0}, {'name': 'WQL', 'epsilon': 1.0}]","[0.1, 0.2, 0.3, 0.4, 0.5, 0.6, 0.7, 0.8, 0.9]",id,timestamp,target,,[],[],[],us_consumption_1M,1.484973745,0,7.662131199,310,c882f886bec32c78,False,0.9.0,1.484973745,1.7839898174000002,0.0229129282,0.0202958714,"{""model_path"": ""Datadog/Toto-2.0-1B"", ""batch_size"": 512}",357bc23
Toto-2.0-1B,toto-2.0,autogluon/fev_datasets,us_consumption_1Q,8,10,-80,8,1,,4,SQL,"['MASE', {'name': 'WAPE', 'epsilon': 1.0}, {'name': 'WQL', 'epsilon': 1.0}]","[0.1, 0.2, 0.3, 0.4, 0.5, 0.6, 0.7, 0.8, 0.9]",id,timestamp,target,,[],[],[],us_consumption_1Q,1.7936357479,0,7.72357248,310,9a76cd11c4c2c07e,False,0.9.0,1.7936357479,2.229393081,0.0328881605,0.0269117739,"{""model_path"": ""Datadog/Toto-2.0-1B"", ""batch_size"": 512}",357bc23
Toto-2.0-1B,toto-2.0,autogluon/fev_datasets,us_consumption_1Y,5,10,-50,5,1,,1,SQL,"['MASE', {'name': 'WAPE', 'epsilon': 1.0}, {'name': 'WQL', 'epsilon': 1.0}]","[0.1, 0.2, 0.3, 0.4, 0.5, 0.6, 0.7, 0.8, 0.9]",id,timestamp,target,,[],[],[],us_consumption_1Y,3.7627764779,0,7.642047262,310,d29d0d81db6393b4,False,0.9.0,3.7627764779,4.5346180017,0.0564713414,0.0450411843,"{""model_path"": ""Datadog/Toto-2.0-1B"", ""batch_size"": 512}",357bc23
Toto-2.0-1B,toto-2.0,autogluon/fev_datasets,walmart,39,1,-39,39,1,,1,SQL,"['MASE', {'name': 'WAPE', 'epsilon': 1.0}, {'name': 'WQL', 'epsilon': 1.0}]","[0.1, 0.2, 0.3, 0.4, 0.5, 0.6, 0.7, 0.8, 0.9]",id,timestamp,target,,"['CPI', 'Fuel_Price', 'IsHoliday', 'MarkDown1', 'MarkDown2', 'MarkDown3', 'MarkDown4', 'MarkDown5', 'Temperature', 'Unemployment']",[],"['Dept', 'Size', 'Store', 'Type']",walmart,0.7623391388,0,68.558635437,2936,84f95b6543281d0d,False,0.9.0,0.7623391388,0.9586457263,0.1131269851,0.0905199676,"{""model_path"": ""Datadog/Toto-2.0-1B"", ""batch_size"": 512}",357bc23
Toto-2.0-1B,toto-2.0,autogluon/fev_datasets,world_co2_emissions,5,9,-45,5,1,,1,SQL,"['MASE', {'name': 'WAPE', 'epsilon': 1.0}, {'name': 'WQL', 'epsilon': 1.0}]","[0.1, 0.2, 0.3, 0.4, 0.5, 0.6, 0.7, 0.8, 0.9]",id,timestamp,target,,[],[],[],world_co2_emissions,2.7092767265,0,39.511682623,1719,c78d3682201594d9,False,0.9.0,2.7092767265,3.2906985935,0.0879140713,0.0716318452,"{""model_path"": ""Datadog/Toto-2.0-1B"", ""batch_size"": 512}",357bc23
Toto-2.0-1B,toto-2.0,autogluon/fev_datasets,world_life_expectancy,5,10,-50,5,1,,1,SQL,"['MASE', {'name': 'WAPE', 'epsilon': 1.0}, {'name': 'WQL', 'epsilon': 1.0}]","[0.1, 0.2, 0.3, 0.4, 0.5, 0.6, 0.7, 0.8, 0.9]",id,timestamp,target,,[],[],[],world_life_expectancy,1.1303704644,0,54.765891047,2370,f9ce571f4bf31401,False,0.9.0,1.1303704644,1.3172354577,0.0104226772,0.0089555457,"{""model_path"": ""Datadog/Toto-2.0-1B"", ""batch_size"": 512}",357bc23
Toto-2.0-1B,toto-2.0,autogluon/fev_datasets,world_tourism,5,2,-10,5,1,,1,SQL,"['MASE', {'name': 'WAPE', 'epsilon': 1.0}, {'name': 'WQL', 'epsilon': 1.0}]","[0.1, 0.2, 0.3, 0.4, 0.5, 0.6, 0.7, 0.8, 0.9]",id,timestamp,target,,[],[],[],world_tourism,3.2354071951,0,8.47956139,356,dcd8469c3acc4caa,False,0.9.0,3.2354071951,3.9293579739,0.1336962265,0.1065363726,"{""model_path"": ""Datadog/Toto-2.0-1B"", ""batch_size"": 512}",357bc23
Toto-2.0-2.5B,toto-2.0,autogluon/fev_datasets,ETT_15T,96,20,-1920,96,1,,96,SQL,"['MASE', {'name': 'WAPE', 'epsilon': 1.0}, {'name': 'WQL', 'epsilon': 1.0}]","[0.1, 0.2, 0.3, 0.4, 0.5, 0.6, 0.7, 0.8, 0.9]",id,timestamp,"['HUFL', 'HULL', 'LUFL', 'LULL', 'MUFL', 'MULL', 'OT']",,[],[],[],ETT_15T,0.5335896905,0,15.584518048,280,b25a46033df1ea43,False,0.9.0,0.5335896905,0.6822409568000001,0.1093204188,0.0854547853,"{""model_path"": ""Datadog/Toto-2.0-2.5B"", ""batch_size"": 256}",357bc23
Toto-2.0-2.5B,toto-2.0,autogluon/fev_datasets,ETT_1D,28,20,-560,28,1,,7,SQL,"['MASE', {'name': 'WAPE', 'epsilon': 1.0}, {'name': 'WQL', 'epsilon': 1.0}]","[0.1, 0.2, 0.3, 0.4, 0.5, 0.6, 0.7, 0.8, 0.9]",id,timestamp,"['HUFL', 'HULL', 'LUFL', 'LULL', 'MUFL', 'MULL', 'OT']",,[],[],[],ETT_1D,1.1507368303,0,15.17208644,280,09165729d889736c,False,0.9.0,1.1507368303,1.3787860328,0.3394552275,0.2710211303,"{""model_path"": ""Datadog/Toto-2.0-2.5B"", ""batch_size"": 256}",357bc23
Toto-2.0-2.5B,toto-2.0,autogluon/fev_datasets,ETT_1H,168,20,-3360,168,1,,24,SQL,"['MASE', {'name': 'WAPE', 'epsilon': 1.0}, {'name': 'WQL', 'epsilon': 1.0}]","[0.1, 0.2, 0.3, 0.4, 0.5, 0.6, 0.7, 0.8, 0.9]",id,timestamp,"['HUFL', 'HULL', 'LUFL', 'LULL', 'MUFL', 'MULL', 'OT']",,[],[],[],ETT_1H,0.8672923033000001,0,16.059142464,280,8990bcbad8689c1f,False,0.9.0,0.8672923033000001,1.1204467796,0.2437576175,0.1892332611,"{""model_path"": ""Datadog/Toto-2.0-2.5B"", ""batch_size"": 256}",357bc23
Toto-2.0-2.5B,toto-2.0,autogluon/fev_datasets,ETT_1W,13,5,-65,13,1,,1,SQL,"['MASE', {'name': 'WAPE', 'epsilon': 1.0}, {'name': 'WQL', 'epsilon': 1.0}]","[0.1, 0.2, 0.3, 0.4, 0.5, 0.6, 0.7, 0.8, 0.9]",id,timestamp,"['HUFL', 'HULL', 'LUFL', 'LULL', 'MUFL', 'MULL', 'OT']",,[],[],[],ETT_1W,2.2586726622,0,4.083273851,70,7eda996e7e174b76,False,0.9.0,2.2586726622,2.6199424094,0.5067147578,0.4029936945,"{""model_path"": ""Datadog/Toto-2.0-2.5B"", ""batch_size"": 256}",357bc23
Toto-2.0-2.5B,toto-2.0,autogluon/fev_datasets,LOOP_SEATTLE_1D,28,10,-280,28,1,,7,SQL,"['MASE', {'name': 'WAPE', 'epsilon': 1.0}, {'name': 'WQL', 'epsilon': 1.0}]","[0.1, 0.2, 0.3, 0.4, 0.5, 0.6, 0.7, 0.8, 0.9]",id,timestamp,target,,[],[],[],LOOP_SEATTLE_1D,0.7836429105,0,202.072776422,3230,d46589b2c9e45a4d,False,0.9.0,0.7836429105,0.9579830351,0.0359374356,0.0292914529,"{""model_path"": ""Datadog/Toto-2.0-2.5B"", ""batch_size"": 256}",357bc23
Toto-2.0-2.5B,toto-2.0,autogluon/fev_datasets,LOOP_SEATTLE_1H,168,10,-1680,168,1,,24,SQL,"['MASE', {'name': 'WAPE', 'epsilon': 1.0}, {'name': 'WQL', 'epsilon': 1.0}]","[0.1, 0.2, 0.3, 0.4, 0.5, 0.6, 0.7, 0.8, 0.9]",id,timestamp,target,,[],[],[],LOOP_SEATTLE_1H,0.6343707073,0,191.905355136,3230,002ea9451d732fea,False,0.9.0,0.6343707073,0.795350258,0.06816517,0.0542176932,"{""model_path"": ""Datadog/Toto-2.0-2.5B"", ""batch_size"": 256}",357bc23
Toto-2.0-2.5B,toto-2.0,autogluon/fev_datasets,LOOP_SEATTLE_5T,288,10,-2880,288,1,,288,SQL,"['MASE', {'name': 'WAPE', 'epsilon': 1.0}, {'name': 'WQL', 'epsilon': 1.0}]","[0.1, 0.2, 0.3, 0.4, 0.5, 0.6, 0.7, 0.8, 0.9]",id,timestamp,target,,[],[],[],LOOP_SEATTLE_5T,0.5625296390000001,0,212.114290727,3230,7855faba94bb7184,False,0.9.0,0.5625296390000001,0.7149303517000001,0.0772399432,0.0606371472,"{""model_path"": ""Datadog/Toto-2.0-2.5B"", ""batch_size"": 256}",357bc23
Toto-2.0-2.5B,toto-2.0,autogluon/fev_datasets,M_DENSE_1D,28,10,-280,28,1,,7,SQL,"['MASE', {'name': 'WAPE', 'epsilon': 1.0}, {'name': 'WQL', 'epsilon': 1.0}]","[0.1, 0.2, 0.3, 0.4, 0.5, 0.6, 0.7, 0.8, 0.9]",id,timestamp,target,,[],[],[],M_DENSE_1D,0.7564314643000001,0,15.940236284,300,f18fd4e8b2a34059,False,0.9.0,0.7564314643000001,0.9109927491,0.1011238143,0.0844952343,"{""model_path"": ""Datadog/Toto-2.0-2.5B"", ""batch_size"": 256}",357bc23
Toto-2.0-2.5B,toto-2.0,autogluon/fev_datasets,M_DENSE_1H,168,10,-1680,168,1,,24,SQL,"['MASE', {'name': 'WAPE', 'epsilon': 1.0}, {'name': 'WQL', 'epsilon': 1.0}]","[0.1, 0.2, 0.3, 0.4, 0.5, 0.6, 0.7, 0.8, 0.9]",id,timestamp,target,,[],[],[],M_DENSE_1H,0.5970600924,0,16.531285222,300,f40bfe9afb7b3e51,False,0.9.0,0.5970600924,0.7088544558000001,0.1426968956,0.1189427286,"{""model_path"": ""Datadog/Toto-2.0-2.5B"", ""batch_size"": 256}",357bc23
Toto-2.0-2.5B,toto-2.0,autogluon/fev_datasets,SZ_TAXI_15T,96,10,-960,96,1,,96,SQL,"['MASE', {'name': 'WAPE', 'epsilon': 1.0}, {'name': 'WQL', 'epsilon': 1.0}]","[0.1, 0.2, 0.3, 0.4, 0.5, 0.6, 0.7, 0.8, 0.9]",id,timestamp,target,,[],[],[],SZ_TAXI_15T,0.3936143253,0,79.318586651,1560,4bd3ed28835dc961,False,0.9.0,0.3936143253,0.5014580092,0.2399044971,0.1880418965,"{""model_path"": ""Datadog/Toto-2.0-2.5B"", ""batch_size"": 256}",357bc23
Toto-2.0-2.5B,toto-2.0,autogluon/fev_datasets,SZ_TAXI_1H,168,2,-336,168,1,,24,SQL,"['MASE', {'name': 'WAPE', 'epsilon': 1.0}, {'name': 'WQL', 'epsilon': 1.0}]","[0.1, 0.2, 0.3, 0.4, 0.5, 0.6, 0.7, 0.8, 0.9]",id,timestamp,target,,[],[],[],SZ_TAXI_1H,0.3862794582,0,16.349230801,312,a22b45b2f394c6d4,False,0.9.0,0.3862794582,0.4812890819,0.1607278219,0.1290500386,"{""model_path"": ""Datadog/Toto-2.0-2.5B"", ""batch_size"": 256}",357bc23
Toto-2.0-2.5B,toto-2.0,autogluon/fev_datasets,australian_tourism,8,2,-16,8,1,,4,SQL,"['MASE', {'name': 'WAPE', 'epsilon': 1.0}, {'name': 'WQL', 'epsilon': 1.0}]","[0.1, 0.2, 0.3, 0.4, 0.5, 0.6, 0.7, 0.8, 0.9]",id,timestamp,target,,[],[],[],australian_tourism,0.755743319,0,9.183423644,178,7013fcb0b68de2bf,False,0.9.0,0.755743319,0.9478427594,0.0991654326,0.0787500875,"{""model_path"": ""Datadog/Toto-2.0-2.5B"", ""batch_size"": 256}",357bc23
Toto-2.0-2.5B,toto-2.0,autogluon/fev_datasets,bizitobs_l2c_1H,24,20,-480,24,1,,24,SQL,"['MASE', {'name': 'WAPE', 'epsilon': 1.0}, {'name': 'WQL', 'epsilon': 1.0}]","[0.1, 0.2, 0.3, 0.4, 0.5, 0.6, 0.7, 0.8, 0.9]",id,timestamp,"['target_0', 'target_1', 'target_2', 'target_3', 'target_4', 'target_5', 'target_6']",,[],[],[],bizitobs_l2c_1H,0.2681964011,0,8.789232597,140,b0e17ddbdd539d9e,False,0.9.0,0.2681964011,0.3408859156,0.2649811358,0.2111626143,"{""model_path"": ""Datadog/Toto-2.0-2.5B"", ""batch_size"": 256}",357bc23
Toto-2.0-2.5B,toto-2.0,autogluon/fev_datasets,bizitobs_l2c_5T,288,20,-5760,288,1,,288,SQL,"['MASE', {'name': 'WAPE', 'epsilon': 1.0}, {'name': 'WQL', 'epsilon': 1.0}]","[0.1, 0.2, 0.3, 0.4, 0.5, 0.6, 0.7, 0.8, 0.9]",id,timestamp,"['target_0', 'target_1', 'target_2', 'target_3', 'target_4', 'target_5', 'target_6']",,[],[],[],bizitobs_l2c_5T,0.426643767,0,9.41894523,140,cdf3cd0903314fa4,False,0.9.0,0.426643767,0.5508818741,0.6019642518,0.4756971941,"{""model_path"": ""Datadog/Toto-2.0-2.5B"", ""batch_size"": 256}",357bc23
Toto-2.0-2.5B,toto-2.0,autogluon/fev_datasets,boomlet_1062,288,20,-5760,288,1,,288,SQL,"['MASE', {'name': 'WAPE', 'epsilon': 1.0}, {'name': 'WQL', 'epsilon': 1.0}]","[0.1, 0.2, 0.3, 0.4, 0.5, 0.6, 0.7, 0.8, 0.9]",id,timestamp,"['target_0', 'target_1', 'target_10', 'target_11', 'target_12', 'target_13', 'target_14', 'target_15', 'target_16', 'target_17', 'target_18', 'target_19', 'target_2', 'target_20', 'target_3', 'target_4', 'target_5', 'target_6', 'target_7', 'target_8', 'target_9']",,[],[],[],boomlet_1062,0.5325304807,0,22.883390529,420,eec81c201b8778e1,False,0.9.0,0.5325304807,0.6609747105,0.5602131899,0.4462456214,"{""model_path"": ""Datadog/Toto-2.0-2.5B"", ""batch_size"": 256}",357bc23
Toto-2.0-2.5B,toto-2.0,autogluon/fev_datasets,boomlet_1209,288,20,-5760,288,1,,288,SQL,"['MASE', {'name': 'WAPE', 'epsilon': 1.0}, {'name': 'WQL', 'epsilon': 1.0}]","[0.1, 0.2, 0.3, 0.4, 0.5, 0.6, 0.7, 0.8, 0.9]",id,timestamp,"['target_0', 'target_1', 'target_10', 'target_11', 'target_12', 'target_13', 'target_14', 'target_15', 'target_16', 'target_17', 'target_18', 'target_19', 'target_2', 'target_20', 'target_21', 'target_22', 'target_23', 'target_24', 'target_25', 'target_26', 'target_27', 'target_28', 'target_29', 'target_3', 'target_30', 'target_31', 'target_32', 'target_33', 'target_34', 'target_35', 'target_36', 'target_37', 'target_38', 'target_39', 'target_4', 'target_40', 'target_41', 'target_42', 'target_43', 'target_44', 'target_45', 'target_46', 'target_47', 'target_48', 'target_49', 'target_5', 'target_50', 'target_51', 'target_52', 'target_6', 'target_7', 'target_8', 'target_9']",,[],[],[],boomlet_1209,0.595506964,0,52.999768456,1060,161694bf9dc519eb,False,0.9.0,0.595506964,0.6966365640000001,0.2753789474,0.2330213724,"{""model_path"": ""Datadog/Toto-2.0-2.5B"", ""batch_size"": 256}",357bc23
Toto-2.0-2.5B,toto-2.0,autogluon/fev_datasets,boomlet_1225,60,20,-1200,60,1,,1440,SQL,"['MASE', {'name': 'WAPE', 'epsilon': 1.0}, {'name': 'WQL', 'epsilon': 1.0}]","[0.1, 0.2, 0.3, 0.4, 0.5, 0.6, 0.7, 0.8, 0.9]",id,timestamp,"['target_0', 'target_1', 'target_10', 'target_11', 'target_12', 'target_13', 'target_14', 'target_15', 'target_16', 'target_17', 'target_18', 'target_19', 'target_2', 'target_20', 'target_21', 'target_22', 'target_23', 'target_24', 'target_25', 'target_26', 'target_27', 'target_28', 'target_29', 'target_3', 'target_30', 'target_31', 'target_32', 'target_33', 'target_34', 'target_35', 'target_36', 'target_37', 'target_38', 'target_39', 'target_4', 'target_40', 'target_41', 'target_42', 'target_43', 'target_44', 'target_45', 'target_46', 'target_47', 'target_48', 'target_5', 'target_6', 'target_7', 'target_8', 'target_9']",,[],[],[],boomlet_1225,0.1803593032,0,49.859183966,980,16ca972263ae30e6,False,0.9.0,0.1803593032,0.2253831627,0.1187701136,0.0953608891,"{""model_path"": ""Datadog/Toto-2.0-2.5B"", ""batch_size"": 256}",357bc23
Toto-2.0-2.5B,toto-2.0,autogluon/fev_datasets,boomlet_1230,288,20,-5760,288,1,,288,SQL,"['MASE', {'name': 'WAPE', 'epsilon': 1.0}, {'name': 'WQL', 'epsilon': 1.0}]","[0.1, 0.2, 0.3, 0.4, 0.5, 0.6, 0.7, 0.8, 0.9]",id,timestamp,"['target_0', 'target_1', 'target_10', 'target_11', 'target_12', 'target_13', 'target_14', 'target_15', 'target_16', 'target_17', 'target_18', 'target_19', 'target_2', 'target_20', 'target_21', 'target_22', 'target_3', 'target_4', 'target_5', 'target_6', 'target_7', 'target_8', 'target_9']",,[],[],[],boomlet_1230,1.0899592481,0,24.589902265,460,71842e1d5b103a62,False,0.9.0,1.0899592481,1.2606545329,0.2839644302,0.2369084617,"{""model_path"": ""Datadog/Toto-2.0-2.5B"", ""batch_size"": 256}",357bc23
Toto-2.0-2.5B,toto-2.0,autogluon/fev_datasets,boomlet_1282,60,20,-1200,60,1,,1440,SQL,"['MASE', {'name': 'WAPE', 'epsilon': 1.0}, {'name': 'WQL', 'epsilon': 1.0}]","[0.1, 0.2, 0.3, 0.4, 0.5, 0.6, 0.7, 0.8, 0.9]",id,timestamp,"['target_0', 'target_1', 'target_10', 'target_11', 'target_12', 'target_13', 'target_14', 'target_15', 'target_16', 'target_17', 'target_18', 'target_19', 'target_2', 'target_20', 'target_21', 'target_22', 'target_23', 'target_24', 'target_25', 'target_26', 'target_27', 'target_28', 'target_29', 'target_3', 'target_30', 'target_31', 'target_32', 'target_33', 'target_34', 'target_4', 'target_5', 'target_6', 'target_7', 'target_8', 'target_9']",,[],[],[],boomlet_1282,0.4033993505,0,36.121726217,700,9387ab4d0c15b634,False,0.9.0,0.4033993505,0.4949953975,0.3421015963,0.2762090183,"{""model_path"": ""Datadog/Toto-2.0-2.5B"", ""batch_size"": 256}",357bc23
Toto-2.0-2.5B,toto-2.0,autogluon/fev_datasets,boomlet_1487,288,20,-5760,288,1,,288,SQL,"['MASE', {'name': 'WAPE', 'epsilon': 1.0}, {'name': 'WQL', 'epsilon': 1.0}]","[0.1, 0.2, 0.3, 0.4, 0.5, 0.6, 0.7, 0.8, 0.9]",id,timestamp,"['target_0', 'target_1', 'target_10', 'target_11', 'target_12', 'target_13', 'target_14', 'target_15', 'target_16', 'target_17', 'target_18', 'target_19', 'target_2', 'target_20', 'target_21', 'target_22', 'target_23', 'target_24', 'target_25', 'target_26', 'target_27', 'target_28', 'target_29', 'target_3', 'target_30', 'target_31', 'target_32', 'target_33', 'target_34', 'target_35', 'target_36', 'target_37', 'target_38', 'target_39', 'target_4', 'target_40', 'target_41', 'target_42', 'target_43', 'target_44', 'target_45', 'target_46', 'target_47', 'target_48', 'target_49', 'target_5', 'target_50', 'target_51', 'target_52', 'target_53', 'target_6', 'target_7', 'target_8', 'target_9']",,[],[],[],boomlet_1487,0.3806610297,0,54.356186984,1080,acf7534da4aae38f,False,0.9.0,0.3806610297,0.4579588342,0.1799236896,0.149464937,"{""model_path"": ""Datadog/Toto-2.0-2.5B"", ""batch_size"": 256}",357bc23
Toto-2.0-2.5B,toto-2.0,autogluon/fev_datasets,boomlet_1631,96,20,-1920,96,1,,48,SQL,"['MASE', {'name': 'WAPE', 'epsilon': 1.0}, {'name': 'WQL', 'epsilon': 1.0}]","[0.1, 0.2, 0.3, 0.4, 0.5, 0.6, 0.7, 0.8, 0.9]",id,timestamp,"['target_0', 'target_1', 'target_10', 'target_11', 'target_12', 'target_13', 'target_14', 'target_15', 'target_16', 'target_17', 'target_18', 'target_19', 'target_2', 'target_20', 'target_21', 'target_22', 'target_23', 'target_24', 'target_25', 'target_26', 'target_27', 'target_28', 'target_29', 'target_3', 'target_30', 'target_31', 'target_32', 'target_33', 'target_34', 'target_35', 'target_36', 'target_37', 'target_38', 'target_39', 'target_4', 'target_5', 'target_6', 'target_7', 'target_8', 'target_9']",,[],[],[],boomlet_1631,0.5538982553,0,41.723959303,800,74d0d6952f666083,False,0.9.0,0.5538982553,0.6997154337,0.3062241803,0.2418718722,"{""model_path"": ""Datadog/Toto-2.0-2.5B"", ""batch_size"": 256}",357bc23
Toto-2.0-2.5B,toto-2.0,autogluon/fev_datasets,boomlet_1676,96,20,-1920,96,1,,48,SQL,"['MASE', {'name': 'WAPE', 'epsilon': 1.0}, {'name': 'WQL', 'epsilon': 1.0}]","[0.1, 0.2, 0.3, 0.4, 0.5, 0.6, 0.7, 0.8, 0.9]",id,timestamp,"['target_0', 'target_1', 'target_10', 'target_11', 'target_12', 'target_13', 'target_14', 'target_15', 'target_16', 'target_17', 'target_18', 'target_19', 'target_2', 'target_20', 'target_21', 'target_22', 'target_23', 'target_24', 'target_25', 'target_26', 'target_27', 'target_28', 'target_29', 'target_3', 'target_30', 'target_31', 'target_32', 'target_33', 'target_34', 'target_35', 'target_36', 'target_37', 'target_38', 'target_39', 'target_4', 'target_40', 'target_41', 'target_42', 'target_43', 'target_44', 'target_45', 'target_46', 'target_47', 'target_48', 'target_49', 'target_5', 'target_50', 'target_51', 'target_52', 'target_53', 'target_54', 'target_55', 'target_56', 'target_57', 'target_58', 'target_59', 'target_6', 'target_60', 'target_61', 'target_62', 'target_63', 'target_64', 'target_65', 'target_66', 'target_67', 'target_68', 'target_69', 'target_7', 'target_70', 'target_71', 'target_72', 'target_73', 'target_74', 'target_75', 'target_76', 'target_77', 'target_78', 'target_79', 'target_8', 'target_80', 'target_81', 'target_82', 'target_83', 'target_84', 'target_85', 'target_86', 'target_87', 'target_88', 'target_89', 'target_9', 'target_90', 'target_91', 'target_92', 'target_93', 'target_94', 'target_95', 'target_96', 'target_97', 'target_98', 'target_99']",,[],[],[],boomlet_1676,0.5398853139,0,100.829739324,2000,abbc88acc77da441,False,0.9.0,0.5398853139,0.6699169469,0.3092046964,0.2431696568,"{""model_path"": ""Datadog/Toto-2.0-2.5B"", ""batch_size"": 256}",357bc23
Toto-2.0-2.5B,toto-2.0,autogluon/fev_datasets,boomlet_1855,24,20,-480,24,1,,24,SQL,"['MASE', {'name': 'WAPE', 'epsilon': 1.0}, {'name': 'WQL', 'epsilon': 1.0}]","[0.1, 0.2, 0.3, 0.4, 0.5, 0.6, 0.7, 0.8, 0.9]",id,timestamp,"['target_0', 'target_1', 'target_10', 'target_11', 'target_12', 'target_13', 'target_14', 'target_15', 'target_16', 'target_17', 'target_18', 'target_19', 'target_2', 'target_20', 'target_21', 'target_22', 'target_23', 'target_24', 'target_25', 'target_26', 'target_27', 'target_28', 'target_29', 'target_3', 'target_30', 'target_31', 'target_32', 'target_33', 'target_34', 'target_35', 'target_36', 'target_37', 'target_38', 'target_39', 'target_4', 'target_40', 'target_41', 'target_42', 'target_43', 'target_44', 'target_45', 'target_46', 'target_47', 'target_48', 'target_49', 'target_5', 'target_50', 'target_51', 'target_6', 'target_7', 'target_8', 'target_9']",,[],[],[],boomlet_1855,0.4345097115,0,52.203755447,1040,d0c354b056fd7763,False,0.9.0,0.4345097115,0.5145184302,0.1536945848,0.1303468418,"{""model_path"": ""Datadog/Toto-2.0-2.5B"", ""batch_size"": 256}",357bc23
Toto-2.0-2.5B,toto-2.0,autogluon/fev_datasets,boomlet_1975,24,20,-480,24,1,,24,SQL,"['MASE', {'name': 'WAPE', 'epsilon': 1.0}, {'name': 'WQL', 'epsilon': 1.0}]","[0.1, 0.2, 0.3, 0.4, 0.5, 0.6, 0.7, 0.8, 0.9]",id,timestamp,"['target_0', 'target_1', 'target_10', 'target_11', 'target_12', 'target_13', 'target_14', 'target_15', 'target_16', 'target_17', 'target_18', 'target_19', 'target_2', 'target_20', 'target_21', 'target_22', 'target_23', 'target_24', 'target_25', 'target_26', 'target_27', 'target_28', 'target_29', 'target_3', 'target_30', 'target_31', 'target_32', 'target_33', 'target_34', 'target_35', 'target_36', 'target_37', 'target_38', 'target_39', 'target_4', 'target_40', 'target_41', 'target_42', 'target_43', 'target_44', 'target_45', 'target_46', 'target_47', 'target_48', 'target_49', 'target_5', 'target_50', 'target_51', 'target_52', 'target_53', 'target_54', 'target_55', 'target_56', 'target_57', 'target_58', 'target_59', 'target_6', 'target_60', 'target_61', 'target_62', 'target_63', 'target_64', 'target_65', 'target_66', 'target_67', 'target_68', 'target_69', 'target_7', 'target_70', 'target_71', 'target_72', 'target_73', 'target_74', 'target_8', 'target_9']",,[],[],[],boomlet_1975,0.1027168248,0,75.188599787,1500,8d750d7893416ec7,False,0.9.0,0.1027168248,0.1085105687,0.0635712481,0.0604986385,"{""model_path"": ""Datadog/Toto-2.0-2.5B"", ""batch_size"": 256}",357bc23
Toto-2.0-2.5B,toto-2.0,autogluon/fev_datasets,boomlet_2187,24,20,-480,24,1,,24,SQL,"['MASE', {'name': 'WAPE', 'epsilon': 1.0}, {'name': 'WQL', 'epsilon': 1.0}]","[0.1, 0.2, 0.3, 0.4, 0.5, 0.6, 0.7, 0.8, 0.9]",id,timestamp,"['target_0', 'target_1', 'target_10', 'target_11', 'target_12', 'target_13', 'target_14', 'target_15', 'target_16', 'target_17', 'target_18', 'target_19', 'target_2', 'target_20', 'target_21', 'target_22', 'target_23', 'target_24', 'target_25', 'target_26', 'target_27', 'target_28', 'target_29', 'target_3', 'target_30', 'target_31', 'target_32', 'target_33', 'target_34', 'target_35', 'target_36', 'target_37', 'target_38', 'target_39', 'target_4', 'target_40', 'target_41', 'target_42', 'target_43', 'target_44', 'target_45', 'target_46', 'target_47', 'target_48', 'target_49', 'target_5', 'target_50', 'target_51', 'target_52', 'target_53', 'target_54', 'target_55', 'target_56', 'target_57', 'target_58', 'target_59', 'target_6', 'target_60', 'target_61', 'target_62', 'target_63', 'target_64', 'target_65', 'target_66', 'target_67', 'target_68', 'target_69', 'target_7', 'target_70', 'target_71', 'target_72', 'target_73', 'target_74', 'target_75', 'target_76', 'target_77', 'target_78', 'target_79', 'target_8', 'target_80', 'target_81', 'target_82', 'target_83', 'target_84', 'target_85', 'target_86', 'target_87', 'target_88', 'target_89', 'target_9', 'target_90', 'target_91', 'target_92', 'target_93', 'target_94', 'target_95', 'target_96', 'target_97', 'target_98', 'target_99']",,[],[],[],boomlet_2187,0.6770915724000001,0,98.887455908,2000,a13b0fc5b533c30e,False,0.9.0,0.6770915724000001,0.7767280125,0.2546107764,0.2221525028,"{""model_path"": ""Datadog/Toto-2.0-2.5B"", ""batch_size"": 256}",357bc23
Toto-2.0-2.5B,toto-2.0,autogluon/fev_datasets,boomlet_285,60,20,-1200,60,1,,1440,SQL,"['MASE', {'name': 'WAPE', 'epsilon': 1.0}, {'name': 'WQL', 'epsilon': 1.0}]","[0.1, 0.2, 0.3, 0.4, 0.5, 0.6, 0.7, 0.8, 0.9]",id,timestamp,"['target_0', 'target_1', 'target_10', 'target_11', 'target_12', 'target_13', 'target_14', 'target_15', 'target_16', 'target_17', 'target_18', 'target_19', 'target_2', 'target_20', 'target_21', 'target_22', 'target_23', 'target_24', 'target_25', 'target_26', 'target_27', 'target_28', 'target_29', 'target_3', 'target_30', 'target_31', 'target_32', 'target_33', 'target_34', 'target_35', 'target_36', 'target_37', 'target_38', 'target_39', 'target_4', 'target_40', 'target_41', 'target_42', 'target_43', 'target_44', 'target_45', 'target_46', 'target_47', 'target_48', 'target_49', 'target_5', 'target_50', 'target_51', 'target_52', 'target_53', 'target_54', 'target_55', 'target_56', 'target_57', 'target_58', 'target_59', 'target_6', 'target_60', 'target_61', 'target_62', 'target_63', 'target_64', 'target_65', 'target_66', 'target_67', 'target_68', 'target_69', 'target_7', 'target_70', 'target_71', 'target_72', 'target_73', 'target_74', 'target_8', 'target_9']",,[],[],[],boomlet_285,0.2590034678,0,74.806519715,1500,0ced6efaa846e1bd,False,0.9.0,0.2590034678,0.3158490678,0.1495747919,0.1234825373,"{""model_path"": ""Datadog/Toto-2.0-2.5B"", ""batch_size"": 256}",357bc23
Toto-2.0-2.5B,toto-2.0,autogluon/fev_datasets,boomlet_619,60,20,-1200,60,1,,1440,SQL,"['MASE', {'name': 'WAPE', 'epsilon': 1.0}, {'name': 'WQL', 'epsilon': 1.0}]","[0.1, 0.2, 0.3, 0.4, 0.5, 0.6, 0.7, 0.8, 0.9]",id,timestamp,"['target_0', 'target_1', 'target_10', 'target_11', 'target_12', 'target_13', 'target_14', 'target_15', 'target_16', 'target_17', 'target_18', 'target_19', 'target_2', 'target_20', 'target_21', 'target_22', 'target_23', 'target_24', 'target_25', 'target_26', 'target_27', 'target_28', 'target_29', 'target_3', 'target_30', 'target_31', 'target_32', 'target_33', 'target_34', 'target_35', 'target_36', 'target_37', 'target_38', 'target_39', 'target_4', 'target_40', 'target_41', 'target_42', 'target_43', 'target_44', 'target_45', 'target_46', 'target_47', 'target_48', 'target_49', 'target_5', 'target_50', 'target_51', 'target_6', 'target_7', 'target_8', 'target_9']",,[],[],[],boomlet_619,0.2861559298,0,52.243352442,1040,83721e76c6faf4a6,False,0.9.0,0.2861559298,0.3771200669,0.2557797214,0.1948278258,"{""model_path"": ""Datadog/Toto-2.0-2.5B"", ""batch_size"": 256}",357bc23
Toto-2.0-2.5B,toto-2.0,autogluon/fev_datasets,boomlet_772,60,20,-1200,60,1,,1440,SQL,"['MASE', {'name': 'WAPE', 'epsilon': 1.0}, {'name': 'WQL', 'epsilon': 1.0}]","[0.1, 0.2, 0.3, 0.4, 0.5, 0.6, 0.7, 0.8, 0.9]",id,timestamp,"['target_0', 'target_1', 'target_10', 'target_11', 'target_12', 'target_13', 'target_14', 'target_15', 'target_16', 'target_17', 'target_18', 'target_19', 'target_2', 'target_20', 'target_21', 'target_22', 'target_23', 'target_24', 'target_25', 'target_26', 'target_27', 'target_28', 'target_29', 'target_3', 'target_30', 'target_31', 'target_32', 'target_33', 'target_34', 'target_35', 'target_36', 'target_37', 'target_38', 'target_39', 'target_4', 'target_40', 'target_41', 'target_42', 'target_43', 'target_44', 'target_45', 'target_46', 'target_47', 'target_48', 'target_49', 'target_5', 'target_50', 'target_51', 'target_52', 'target_53', 'target_54', 'target_55', 'target_56', 'target_57', 'target_58', 'target_59', 'target_6', 'target_60', 'target_61', 'target_62', 'target_63', 'target_64', 'target_65', 'target_66', 'target_7', 'target_8', 'target_9']",,[],[],[],boomlet_772,0.2649503284,0,67.135375323,1340,f6a344659a6a948e,False,0.9.0,0.2649503284,0.3106213898,0.1473015428,0.1242450137,"{""model_path"": ""Datadog/Toto-2.0-2.5B"", ""batch_size"": 256}",357bc23
Toto-2.0-2.5B,toto-2.0,autogluon/fev_datasets,boomlet_963,60,20,-1200,60,1,,1440,SQL,"['MASE', {'name': 'WAPE', 'epsilon': 1.0}, {'name': 'WQL', 'epsilon': 1.0}]","[0.1, 0.2, 0.3, 0.4, 0.5, 0.6, 0.7, 0.8, 0.9]",id,timestamp,"['target_0', 'target_1', 'target_10', 'target_11', 'target_12', 'target_13', 'target_14', 'target_15', 'target_16', 'target_17', 'target_18', 'target_19', 'target_2', 'target_20', 'target_21', 'target_22', 'target_23', 'target_24', 'target_25', 'target_26', 'target_27', 'target_3', 'target_4', 'target_5', 'target_6', 'target_7', 'target_8', 'target_9']",,[],[],[],boomlet_963,0.7015912221,0,29.231641702,560,5bbc9fb121124724,False,0.9.0,0.7015912221,0.8182268197,0.3724573271,0.3064831724,"{""model_path"": ""Datadog/Toto-2.0-2.5B"", ""batch_size"": 256}",357bc23
Toto-2.0-2.5B,toto-2.0,autogluon/fev_datasets,ecdc_ili,13,10,-130,13,1,,1,SQL,"['MASE', {'name': 'WAPE', 'epsilon': 1.0}, {'name': 'WQL', 'epsilon': 1.0}]","[0.1, 0.2, 0.3, 0.4, 0.5, 0.6, 0.7, 0.8, 0.9]",id,timestamp,target,,[],[],[],ecdc_ili,2.3745010826,0,12.928382696,240,6c8b131f985e4218,False,0.9.0,2.3745010826,2.9431670054,0.4283251859,0.3682858362,"{""model_path"": ""Datadog/Toto-2.0-2.5B"", ""batch_size"": 256}",357bc23
Toto-2.0-2.5B,toto-2.0,autogluon/fev_datasets,entsoe_15T,96,20,-1920,96,1,,96,SQL,"['MASE', {'name': 'WAPE', 'epsilon': 1.0}, {'name': 'WQL', 'epsilon': 1.0}]","[0.1, 0.2, 0.3, 0.4, 0.5, 0.6, 0.7, 0.8, 0.9]",id,timestamp,target,,"['radiation_diffuse_horizontal', 'radiation_direct_horizontal', 'temperature']",[],[],entsoe_15T,0.4455587065,0,9.345261446,120,8facdab2c9ff5bd5,False,0.9.0,0.4455587065,0.569718461,0.0412594521,0.032596973,"{""model_path"": ""Datadog/Toto-2.0-2.5B"", ""batch_size"": 256}",357bc23
Toto-2.0-2.5B,toto-2.0,autogluon/fev_datasets,entsoe_1H,168,20,-3360,168,1,,24,SQL,"['MASE', {'name': 'WAPE', 'epsilon': 1.0}, {'name': 'WQL', 'epsilon': 1.0}]","[0.1, 0.2, 0.3, 0.4, 0.5, 0.6, 0.7, 0.8, 0.9]",id,timestamp,target,,"['radiation_diffuse_horizontal', 'radiation_direct_horizontal', 'temperature']",[],[],entsoe_1H,0.4101660563,0,8.011464125,120,c1b23331fc6093bc,False,0.9.0,0.4101660563,0.506635881,0.0292979012,0.023857759,"{""model_path"": ""Datadog/Toto-2.0-2.5B"", ""batch_size"": 256}",357bc23
Toto-2.0-2.5B,toto-2.0,autogluon/fev_datasets,entsoe_30T,96,20,-1920,96,1,,48,SQL,"['MASE', {'name': 'WAPE', 'epsilon': 1.0}, {'name': 'WQL', 'epsilon': 1.0}]","[0.1, 0.2, 0.3, 0.4, 0.5, 0.6, 0.7, 0.8, 0.9]",id,timestamp,target,,"['radiation_diffuse_horizontal', 'radiation_direct_horizontal', 'temperature']",[],[],entsoe_30T,0.4146546189,0,8.822607382,120,98ab81cde986fe22,False,0.9.0,0.4146546189,0.5318373326,0.029373914,0.0231075017,"{""model_path"": ""Datadog/Toto-2.0-2.5B"", ""batch_size"": 256}",357bc23
Toto-2.0-2.5B,toto-2.0,autogluon/fev_datasets,epf_be,24,20,-480,24,1,,24,SQL,"['MASE', {'name': 'WAPE', 'epsilon': 1.0}, {'name': 'WQL', 'epsilon': 1.0}]","[0.1, 0.2, 0.3, 0.4, 0.5, 0.6, 0.7, 0.8, 0.9]",id,timestamp,target,,"['Generation forecast', 'System load forecast']",[],[],epf_be,0.5171872122,0,4.864561233,20,2b9df413e5ec356e,False,0.9.0,0.5171872122,0.6610861132,0.1217262142,0.0952412087,"{""model_path"": ""Datadog/Toto-2.0-2.5B"", ""batch_size"": 256}",357bc23
Toto-2.0-2.5B,toto-2.0,autogluon/fev_datasets,epf_de,24,20,-480,24,1,,24,SQL,"['MASE', {'name': 'WAPE', 'epsilon': 1.0}, {'name': 'WQL', 'epsilon': 1.0}]","[0.1, 0.2, 0.3, 0.4, 0.5, 0.6, 0.7, 0.8, 0.9]",id,timestamp,target,,"['Ampirion Load Forecast', 'PV+Wind Forecast']",[],[],epf_de,1.0103180021,0,4.16411757,20,bc6dede7cf6a507b,False,0.9.0,1.0103180021,1.2370873614,0.5574299216,0.4672038155,"{""model_path"": ""Datadog/Toto-2.0-2.5B"", ""batch_size"": 256}",357bc23
Toto-2.0-2.5B,toto-2.0,autogluon/fev_datasets,epf_fr,24,20,-480,24,1,,24,SQL,"['MASE', {'name': 'WAPE', 'epsilon': 1.0}, {'name': 'WQL', 'epsilon': 1.0}]","[0.1, 0.2, 0.3, 0.4, 0.5, 0.6, 0.7, 0.8, 0.9]",id,timestamp,target,,"['Generation forecast', 'System load forecast']",[],[],epf_fr,0.3955569372,0,4.927541512,20,a00b09fd79e0529e,False,0.9.0,0.3955569372,0.4906993318,0.0778787367,0.0628034148,"{""model_path"": ""Datadog/Toto-2.0-2.5B"", ""batch_size"": 256}",357bc23
Toto-2.0-2.5B,toto-2.0,autogluon/fev_datasets,epf_np,24,20,-480,24,1,,24,SQL,"['MASE', {'name': 'WAPE', 'epsilon': 1.0}, {'name': 'WQL', 'epsilon': 1.0}]","[0.1, 0.2, 0.3, 0.4, 0.5, 0.6, 0.7, 0.8, 0.9]",id,timestamp,target,,"['Grid load forecast', 'Wind power forecast']",[],[],epf_np,0.9514661425,0,4.753321061,20,9830dda233defc6c,False,0.9.0,0.9514661425,1.2373426181,0.0562432965,0.0435167492,"{""model_path"": ""Datadog/Toto-2.0-2.5B"", ""batch_size"": 256}",357bc23
Toto-2.0-2.5B,toto-2.0,autogluon/fev_datasets,epf_pjm,24,20,-480,24,1,,24,SQL,"['MASE', {'name': 'WAPE', 'epsilon': 1.0}, {'name': 'WQL', 'epsilon': 1.0}]","[0.1, 0.2, 0.3, 0.4, 0.5, 0.6, 0.7, 0.8, 0.9]",id,timestamp,target,,"['System load forecast', 'Zonal COMED load foecast']",[],[],epf_pjm,0.404272156,0,4.281808249,20,9228310bf7192a0a,False,0.9.0,0.404272156,0.5063979983,0.0889006239,0.0709860111,"{""model_path"": ""Datadog/Toto-2.0-2.5B"", ""batch_size"": 256}",357bc23
Toto-2.0-2.5B,toto-2.0,autogluon/fev_datasets,ercot_1D,28,20,-560,28,1,,7,SQL,"['MASE', {'name': 'WAPE', 'epsilon': 1.0}, {'name': 'WQL', 'epsilon': 1.0}]","[0.1, 0.2, 0.3, 0.4, 0.5, 0.6, 0.7, 0.8, 0.9]",id,timestamp,target,,[],[],[],ercot_1D,0.8885593012,0,9.868137553,160,765631b415c5e31b,False,0.9.0,0.8885593012,1.1641182069,0.079469776,0.0610870289,"{""model_path"": ""Datadog/Toto-2.0-2.5B"", ""batch_size"": 256}",357bc23
Toto-2.0-2.5B,toto-2.0,autogluon/fev_datasets,ercot_1H,168,20,-3360,168,1,,24,SQL,"['MASE', {'name': 'WAPE', 'epsilon': 1.0}, {'name': 'WQL', 'epsilon': 1.0}]","[0.1, 0.2, 0.3, 0.4, 0.5, 0.6, 0.7, 0.8, 0.9]",id,timestamp,target,,[],[],[],ercot_1H,1.073420423,0,11.690246723,160,6ed98f4d1d5e8850,False,0.9.0,1.073420423,1.3924226326,0.0728074035,0.0555156919,"{""model_path"": ""Datadog/Toto-2.0-2.5B"", ""batch_size"": 256}",357bc23
Toto-2.0-2.5B,toto-2.0,autogluon/fev_datasets,ercot_1M,12,15,-180,12,1,,12,SQL,"['MASE', {'name': 'WAPE', 'epsilon': 1.0}, {'name': 'WQL', 'epsilon': 1.0}]","[0.1, 0.2, 0.3, 0.4, 0.5, 0.6, 0.7, 0.8, 0.9]",id,timestamp,target,,[],[],[],ercot_1M,0.7344646848,0,7.294301559,120,7f70bf68861c13d6,False,0.9.0,0.7344646848,0.9287471551,0.0463833238,0.0366225782,"{""model_path"": ""Datadog/Toto-2.0-2.5B"", ""batch_size"": 256}",357bc23
Toto-2.0-2.5B,toto-2.0,autogluon/fev_datasets,ercot_1W,13,20,-260,13,1,,1,SQL,"['MASE', {'name': 'WAPE', 'epsilon': 1.0}, {'name': 'WQL', 'epsilon': 1.0}]","[0.1, 0.2, 0.3, 0.4, 0.5, 0.6, 0.7, 0.8, 0.9]",id,timestamp,target,,[],[],[],ercot_1W,0.9342862465,0,10.233587969,160,5ac87e3ab310fdc5,False,0.9.0,0.9342862465,1.1911534584,0.0579955217,0.045468704,"{""model_path"": ""Datadog/Toto-2.0-2.5B"", ""batch_size"": 256}",357bc23
Toto-2.0-2.5B,toto-2.0,autogluon/fev_datasets,favorita_stores_1D,28,10,-280,28,1,,7,SQL,"['MASE', {'name': 'WAPE', 'epsilon': 1.0}, {'name': 'WQL', 'epsilon': 1.0}]","[0.1, 0.2, 0.3, 0.4, 0.5, 0.6, 0.7, 0.8, 0.9]",id,timestamp,sales,,"['holiday', 'onpromotion']",['oil_price'],"['city', 'cluster', 'family', 'state', 'store_nbr', 'type']",favorita_stores_1D,0.9568145277,0,1011.079257632,15790,2f332ce1cd71d139,False,0.9.0,0.9568145277,1.1823552413,0.1437441454,0.1168442309,"{""model_path"": ""Datadog/Toto-2.0-2.5B"", ""batch_size"": 256}",357bc23
Toto-2.0-2.5B,toto-2.0,autogluon/fev_datasets,favorita_stores_1M,12,2,-24,12,1,,12,SQL,"['MASE', {'name': 'WAPE', 'epsilon': 1.0}, {'name': 'WQL', 'epsilon': 1.0}]","[0.1, 0.2, 0.3, 0.4, 0.5, 0.6, 0.7, 0.8, 0.9]",id,timestamp,sales,,['onpromotion'],['oil_price'],"['city', 'cluster', 'family', 'state', 'store_nbr', 'type']",favorita_stores_1M,1.8178061811,0,200.228664199,3158,838e35b99c2032ca,False,0.9.0,1.8178061811,2.0296713013,0.1488318169,0.1268337189,"{""model_path"": ""Datadog/Toto-2.0-2.5B"", ""batch_size"": 256}",357bc23
Toto-2.0-2.5B,toto-2.0,autogluon/fev_datasets,favorita_stores_1W,13,10,-130,13,1,,1,SQL,"['MASE', {'name': 'WAPE', 'epsilon': 1.0}, {'name': 'WQL', 'epsilon': 1.0}]","[0.1, 0.2, 0.3, 0.4, 0.5, 0.6, 0.7, 0.8, 0.9]",id,timestamp,sales,,['onpromotion'],['oil_price'],"['city', 'cluster', 'family', 'state', 'store_nbr', 'type']",favorita_stores_1W,2.0435379772,0,875.564247964,15790,34ca8727dcbb9c1a,False,0.9.0,2.0435379772,2.4064013135,0.128154192,0.1086135061,"{""model_path"": ""Datadog/Toto-2.0-2.5B"", ""batch_size"": 256}",357bc23
Toto-2.0-2.5B,toto-2.0,autogluon/fev_datasets,favorita_transactions_1D,28,10,-280,28,1,,7,SQL,"['MASE', {'name': 'WAPE', 'epsilon': 1.0}, {'name': 'WQL', 'epsilon': 1.0}]","[0.1, 0.2, 0.3, 0.4, 0.5, 0.6, 0.7, 0.8, 0.9]",id,timestamp,transactions,,['holiday'],['oil_price'],"['city', 'cluster', 'state', 'store_nbr', 'type']",favorita_transactions_1D,0.9445906683,0,26.316669714,510,48943abb349dc31b,False,0.9.0,0.9445906683,1.0353608414,0.0703794242,0.0585469662,"{""model_path"": ""Datadog/Toto-2.0-2.5B"", ""batch_size"": 256}",357bc23
Toto-2.0-2.5B,toto-2.0,autogluon/fev_datasets,favorita_transactions_1M,12,2,-24,12,1,,12,SQL,"['MASE', {'name': 'WAPE', 'epsilon': 1.0}, {'name': 'WQL', 'epsilon': 1.0}]","[0.1, 0.2, 0.3, 0.4, 0.5, 0.6, 0.7, 0.8, 0.9]",id,timestamp,transactions,,[],['oil_price'],"['city', 'cluster', 'state', 'store_nbr', 'type']",favorita_transactions_1M,1.0898108433,0,5.44324272,102,ea60d62aee5c7662,False,0.9.0,1.0898108433,1.2828414504,0.0789081966,0.0695020926,"{""model_path"": ""Datadog/Toto-2.0-2.5B"", ""batch_size"": 256}",357bc23
Toto-2.0-2.5B,toto-2.0,autogluon/fev_datasets,favorita_transactions_1W,13,10,-130,13,1,,1,SQL,"['MASE', {'name': 'WAPE', 'epsilon': 1.0}, {'name': 'WQL', 'epsilon': 1.0}]","[0.1, 0.2, 0.3, 0.4, 0.5, 0.6, 0.7, 0.8, 0.9]",id,timestamp,transactions,,[],['oil_price'],"['city', 'cluster', 'state', 'store_nbr', 'type']",favorita_transactions_1W,1.3275482931,0,26.34008293,510,53825d45abbbebd4,False,0.9.0,1.3275482931,1.6123778191,0.0559835294,0.0472425707,"{""model_path"": ""Datadog/Toto-2.0-2.5B"", ""batch_size"": 256}",357bc23
Toto-2.0-2.5B,toto-2.0,autogluon/fev_datasets,fred_md_2025,12,20,-240,12,1,,1,SQL,"['MASE', {'name': 'WAPE', 'epsilon': 1.0}, {'name': 'WQL', 'epsilon': 1.0}]","[0.1, 0.2, 0.3, 0.4, 0.5, 0.6, 0.7, 0.8, 0.9]",id,timestamp,"['CPIAUCSL', 'FEDFUNDS', 'PAYEMS']",,[],"['M2REAL', 'NONBORRES', 'PPICMM', 'TOTRESNS']",[],fred_md_2025/cee,3.4942281917,0,4.917195429,60,74fe4767146a4d96,False,0.9.0,3.4942281917,4.2810194365,0.0707690226,0.0594535568,"{""model_path"": ""Datadog/Toto-2.0-2.5B"", ""batch_size"": 256}",357bc23
Toto-2.0-2.5B,toto-2.0,autogluon/fev_datasets,fred_md_2025,12,20,-240,12,1,,1,SQL,"['MASE', {'name': 'WAPE', 'epsilon': 1.0}, {'name': 'WQL', 'epsilon': 1.0}]","[0.1, 0.2, 0.3, 0.4, 0.5, 0.6, 0.7, 0.8, 0.9]",id,timestamp,"['AAA', 'AWHMAN', 'BAA', 'BUSINVx', 'CPIAUCSL', 'CPIMEDSL', 'CUMFNS', 'DMANEMP', 'EXUSUKx', 'FEDFUNDS', 'GS1', 'GS10', 'GS5', 'HOUST', 'INDPRO', 'INVEST', 'IPBUSEQ', 'IPCONGD', 'IPDCONGD', 'IPDMAT', 'IPFINAL', 'IPMANSICS', 'IPMAT', 'IPNCONGD', 'IPNMAT', 'M2REAL', 'MANEMP', 'NDMANEMP', 'NONBORRES', 'PAYEMS', 'PERMIT', 'PPICMM', 'S&P 500', 'SRVPRD', 'TB3MS', 'TB6MS', 'TOTRESNS', 'UEMP15T26', 'UEMP27OV', 'UEMP5TO14', 'UEMPLT5', 'UEMPMEAN', 'UMCSENTx', 'UNRATE', 'USCONS', 'USFIRE', 'USGOOD', 'USGOVT', 'USTPU', 'USTRADE', 'VIXCLSx']",,[],[],[],fred_md_2025/macro,5.0400543973,0,50.610024669,1020,74fe4767146a4d96,False,0.9.0,5.0400543973,5.9119829967,0.0749571601,0.0612483994,"{""model_path"": ""Datadog/Toto-2.0-2.5B"", ""batch_size"": 256}",357bc23
Toto-2.0-2.5B,toto-2.0,autogluon/fev_datasets,fred_qd_2025,8,20,-160,8,1,,1,SQL,"['MASE', {'name': 'WAPE', 'epsilon': 1.0}, {'name': 'WQL', 'epsilon': 1.0}]","[0.1, 0.2, 0.3, 0.4, 0.5, 0.6, 0.7, 0.8, 0.9]",id,timestamp,"['CPIAUCSL', 'FEDFUNDS', 'PAYEMS']",,[],"['M2REAL', 'NONBORRES', 'PPICMM', 'TOTRESNS']",[],fred_qd_2025/cee,1.8959691559,0,4.934346276,60,d4ca154cc310644e,False,0.9.0,1.8959691559,2.2826534178,0.1481604876,0.1230588675,"{""model_path"": ""Datadog/Toto-2.0-2.5B"", ""batch_size"": 256}",357bc23
Toto-2.0-2.5B,toto-2.0,autogluon/fev_datasets,fred_qd_2025,8,20,-160,8,1,,1,SQL,"['MASE', {'name': 'WAPE', 'epsilon': 1.0}, {'name': 'WQL', 'epsilon': 1.0}]","[0.1, 0.2, 0.3, 0.4, 0.5, 0.6, 0.7, 0.8, 0.9]",id,timestamp,"['AAA', 'AWHMAN', 'BAA', 'BUSINVx', 'CPIAUCSL', 'CPIMEDSL', 'CUMFNS', 'DMANEMP', 'EXUSUKx', 'FEDFUNDS', 'GS1', 'GS10', 'GS5', 'HOUST', 'INDPRO', 'INVEST', 'IPBUSEQ', 'IPCONGD', 'IPDCONGD', 'IPDMAT', 'IPFINAL', 'IPMANSICS', 'IPMAT', 'IPNCONGD', 'IPNMAT', 'M2REAL', 'MANEMP', 'NDMANEMP', 'NONBORRES', 'PAYEMS', 'PERMIT', 'PPICMM', 'S&P 500', 'SRVPRD', 'TB3MS', 'TB6MS', 'TOTRESNS', 'UEMP15T26', 'UEMP27OV', 'UEMP5TO14', 'UEMPLT5', 'UEMPMEAN', 'UMCSENTx', 'UNRATE', 'USCONS', 'USFIRE', 'USGOOD', 'USGOVT', 'USTPU', 'USTRADE', 'VIXCLSx']",,[],[],[],fred_qd_2025/macro,3.3930127564,0,50.218229234,1020,d4ca154cc310644e,False,0.9.0,3.3930127564,4.0720868682,0.0993824289,0.0813262848,"{""model_path"": ""Datadog/Toto-2.0-2.5B"", ""batch_size"": 256}",357bc23
Toto-2.0-2.5B,toto-2.0,autogluon/fev_datasets,gvar,8,10,-80,8,1,,4,SQL,"['MASE', {'name': 'WAPE', 'epsilon': 1.0}, {'name': 'WQL', 'epsilon': 1.0}]","[0.1, 0.2, 0.3, 0.4, 0.5, 0.6, 0.7, 0.8, 0.9]",id,timestamp,"['Dp', 'ep', 'eq', 'lr', 'r', 'y']",,[],"['pmat', 'pmetal', 'poil']",[],gvar,0.5520770844,0,107.833263984,1980,d404e6be8d6f82fd,False,0.9.0,0.5520770844,0.6757247819000001,0.0178175124,0.0144267612,"{""model_path"": ""Datadog/Toto-2.0-2.5B"", ""batch_size"": 256}",357bc23
Toto-2.0-2.5B,toto-2.0,autogluon/fev_datasets,hermes,52,1,-52,52,1,,1,SQL,"['MASE', {'name': 'WAPE', 'epsilon': 1.0}, {'name': 'WQL', 'epsilon': 1.0}]","[0.1, 0.2, 0.3, 0.4, 0.5, 0.6, 0.7, 0.8, 0.9]",id,timestamp,target,,['external'],[],"['category', 'country']",hermes,0.6428202477,0,566.41760677,10000,003815c209114c79,False,0.9.0,0.6428202477,0.8179876234,0.0029982458,0.0023507897,"{""model_path"": ""Datadog/Toto-2.0-2.5B"", ""batch_size"": 256}",357bc23
Toto-2.0-2.5B,toto-2.0,autogluon/fev_datasets,hierarchical_sales_1D,28,10,-280,28,1,,7,SQL,"['MASE', {'name': 'WAPE', 'epsilon': 1.0}, {'name': 'WQL', 'epsilon': 1.0}]","[0.1, 0.2, 0.3, 0.4, 0.5, 0.6, 0.7, 0.8, 0.9]",id,timestamp,target,,[],[],[],hierarchical_sales_1D,0.5484381323,0,59.584645423,1180,569b9f333dc43810,False,0.9.0,0.5484381323,0.6817861283000001,0.6898964712,0.5619234998,"{""model_path"": ""Datadog/Toto-2.0-2.5B"", ""batch_size"": 256}",357bc23
Toto-2.0-2.5B,toto-2.0,autogluon/fev_datasets,hierarchical_sales_1W,13,10,-130,13,1,,1,SQL,"['MASE', {'name': 'WAPE', 'epsilon': 1.0}, {'name': 'WQL', 'epsilon': 1.0}]","[0.1, 0.2, 0.3, 0.4, 0.5, 0.6, 0.7, 0.8, 0.9]",id,timestamp,target,,[],[],[],hierarchical_sales_1W,0.624085328,0,58.248848513,1180,51efc7d99ad351b6,False,0.9.0,0.624085328,0.7629283834,0.4316688312,0.3651241862,"{""model_path"": ""Datadog/Toto-2.0-2.5B"", ""batch_size"": 256}",357bc23
Toto-2.0-2.5B,toto-2.0,autogluon/fev_datasets,hospital,12,4,-48,12,1,,12,SQL,"['MASE', {'name': 'WAPE', 'epsilon': 1.0}, {'name': 'WQL', 'epsilon': 1.0}]","[0.1, 0.2, 0.3, 0.4, 0.5, 0.6, 0.7, 0.8, 0.9]",id,timestamp,target,,[],[],[],hospital,0.6841879552,0,188.797778245,3068,fa8f208d01d9a008,False,0.9.0,0.6841879552,0.8671681389,0.0894252458,0.0722748026,"{""model_path"": ""Datadog/Toto-2.0-2.5B"", ""batch_size"": 256}",357bc23
Toto-2.0-2.5B,toto-2.0,autogluon/fev_datasets,hospital_admissions_1D,28,20,-560,28,1,,7,SQL,"['MASE', {'name': 'WAPE', 'epsilon': 1.0}, {'name': 'WQL', 'epsilon': 1.0}]","[0.1, 0.2, 0.3, 0.4, 0.5, 0.6, 0.7, 0.8, 0.9]",id,timestamp,target,,[],[],[],hospital_admissions_1D,0.5543424782,0,9.783451848,160,3f0a46c7e6210f5f,False,0.9.0,0.5543424782,0.7167227919,0.5316702001,0.4111777319,"{""model_path"": ""Datadog/Toto-2.0-2.5B"", ""batch_size"": 256}",357bc23
Toto-2.0-2.5B,toto-2.0,autogluon/fev_datasets,hospital_admissions_1W,13,16,-208,13,1,,1,SQL,"['MASE', {'name': 'WAPE', 'epsilon': 1.0}, {'name': 'WQL', 'epsilon': 1.0}]","[0.1, 0.2, 0.3, 0.4, 0.5, 0.6, 0.7, 0.8, 0.9]",id,timestamp,target,,[],[],[],hospital_admissions_1W,0.5787779578000001,0,8.354055147,128,008ee200cfa88de1,False,0.9.0,0.5787779578000001,0.7527228112000001,0.2120413037,0.1630574141,"{""model_path"": ""Datadog/Toto-2.0-2.5B"", ""batch_size"": 256}",357bc23
Toto-2.0-2.5B,toto-2.0,autogluon/fev_datasets,jena_weather_10T,144,20,-2880,144,1,,144,SQL,"['MASE', {'name': 'WAPE', 'epsilon': 1.0}, {'name': 'WQL', 'epsilon': 1.0}]","[0.1, 0.2, 0.3, 0.4, 0.5, 0.6, 0.7, 0.8, 0.9]",id,timestamp,"['target_0', 'target_1', 'target_10', 'target_11', 'target_12', 'target_13', 'target_14', 'target_15', 'target_16', 'target_17', 'target_18', 'target_19', 'target_2', 'target_20', 'target_3', 'target_4', 'target_5', 'target_6', 'target_7', 'target_8', 'target_9']",,[],[],[],jena_weather_10T,0.3452384725,0,23.018745866,420,289a13db9929af4f,False,0.9.0,0.3452384725,0.4218300215,0.2381326212,0.2254821538,"{""model_path"": ""Datadog/Toto-2.0-2.5B"", ""batch_size"": 256}",357bc23
Toto-2.0-2.5B,toto-2.0,autogluon/fev_datasets,jena_weather_1D,28,11,-308,28,1,,1,SQL,"['MASE', {'name': 'WAPE', 'epsilon': 1.0}, {'name': 'WQL', 'epsilon': 1.0}]","[0.1, 0.2, 0.3, 0.4, 0.5, 0.6, 0.7, 0.8, 0.9]",id,timestamp,"['target_0', 'target_1', 'target_10', 'target_11', 'target_12', 'target_13', 'target_14', 'target_15', 'target_16', 'target_17', 'target_18', 'target_19', 'target_2', 'target_20', 'target_3', 'target_4', 'target_5', 'target_6', 'target_7', 'target_8', 'target_9']",,[],[],[],jena_weather_1D,1.1538624622,0,12.504700411,231,a8ad906bff503daf,False,0.9.0,1.1538624622,1.4662347469,0.2912040897,0.2351874789,"{""model_path"": ""Datadog/Toto-2.0-2.5B"", ""batch_size"": 256}",357bc23
Toto-2.0-2.5B,toto-2.0,autogluon/fev_datasets,jena_weather_1H,24,20,-480,24,1,,24,SQL,"['MASE', {'name': 'WAPE', 'epsilon': 1.0}, {'name': 'WQL', 'epsilon': 1.0}]","[0.1, 0.2, 0.3, 0.4, 0.5, 0.6, 0.7, 0.8, 0.9]",id,timestamp,"['target_0', 'target_1', 'target_10', 'target_11', 'target_12', 'target_13', 'target_14', 'target_15', 'target_16', 'target_17', 'target_18', 'target_19', 'target_2', 'target_20', 'target_3', 'target_4', 'target_5', 'target_6', 'target_7', 'target_8', 'target_9']",,[],[],[],jena_weather_1H,0.3494926844,0,22.259159745,420,20626aa7356b69f9,False,0.9.0,0.3494926844,0.432801223,0.2354798981,0.2042789585,"{""model_path"": ""Datadog/Toto-2.0-2.5B"", ""batch_size"": 256}",357bc23
Toto-2.0-2.5B,toto-2.0,autogluon/fev_datasets,kdd_cup_2022_10T,288,10,-2880,288,1,,144,SQL,"['MASE', {'name': 'WAPE', 'epsilon': 1.0}, {'name': 'WQL', 'epsilon': 1.0}]","[0.1, 0.2, 0.3, 0.4, 0.5, 0.6, 0.7, 0.8, 0.9]",id,timestamp,Patv,,[],"['Etmp', 'Itmp', 'Ndir', 'Pab1', 'Pab2', 'Pab3', 'Prtv', 'Wdir', 'Wspd']",[],kdd_cup_2022_10T,0.447004261,0,73.154301798,1340,16cef2ee148416f8,False,0.9.0,0.447004261,0.5625294702,1.5392968909,1.2928265833,"{""model_path"": ""Datadog/Toto-2.0-2.5B"", ""batch_size"": 256}",357bc23
Toto-2.0-2.5B,toto-2.0,autogluon/fev_datasets,kdd_cup_2022_1D,14,10,-140,14,1,,1,SQL,"['MASE', {'name': 'WAPE', 'epsilon': 1.0}, {'name': 'WQL', 'epsilon': 1.0}]","[0.1, 0.2, 0.3, 0.4, 0.5, 0.6, 0.7, 0.8, 0.9]",id,timestamp,Patv,,[],"['Etmp', 'Itmp', 'Ndir', 'Pab1', 'Pab2', 'Pab3', 'Prtv', 'Wdir', 'Wspd']",[],kdd_cup_2022_1D,0.6977554734,0,72.511475325,1340,4126635775d467d9,False,0.9.0,0.6977554734,0.8940833015,0.7133054569,0.5548469306,"{""model_path"": ""Datadog/Toto-2.0-2.5B"", ""batch_size"": 256}",357bc23
Toto-2.0-2.5B,toto-2.0,autogluon/fev_datasets,kdd_cup_2022_30T,96,10,-960,96,1,,48,SQL,"['MASE', {'name': 'WAPE', 'epsilon': 1.0}, {'name': 'WQL', 'epsilon': 1.0}]","[0.1, 0.2, 0.3, 0.4, 0.5, 0.6, 0.7, 0.8, 0.9]",id,timestamp,Patv,,[],"['Etmp', 'Itmp', 'Ndir', 'Pab1', 'Pab2', 'Pab3', 'Prtv', 'Wdir', 'Wspd']",[],kdd_cup_2022_30T,0.4451861188,0,70.027551514,1340,d65c83db5d8286cf,False,0.9.0,0.4451861188,0.5508028859,1.5976285128,1.3827988006,"{""model_path"": ""Datadog/Toto-2.0-2.5B"", ""batch_size"": 256}",357bc23
Toto-2.0-2.5B,toto-2.0,autogluon/fev_datasets,m5_1D,28,1,-28,28,1,,7,SQL,"['MASE', {'name': 'WAPE', 'epsilon': 1.0}, {'name': 'WQL', 'epsilon': 1.0}]","[0.1, 0.2, 0.3, 0.4, 0.5, 0.6, 0.7, 0.8, 0.9]",id,timestamp,target,,"['event_Cultural', 'event_National', 'event_Religious', 'event_Sporting', 'sell_price', 'snap_CA', 'snap_TX', 'snap_WI']",[],"['cat_id', 'dept_id', 'item_id', 'state_id', 'store_id']",m5_1D,0.704144171,0,1858.683415625,30490,91e836c1eb428f2d,False,0.9.0,0.704144171,0.8640212180000001,0.6927740983,0.5449869045,"{""model_path"": ""Datadog/Toto-2.0-2.5B"", ""batch_size"": 256}",357bc23
Toto-2.0-2.5B,toto-2.0,autogluon/fev_datasets,m5_1M,12,1,-12,12,6,,12,SQL,"['MASE', {'name': 'WAPE', 'epsilon': 1.0}, {'name': 'WQL', 'epsilon': 1.0}]","[0.1, 0.2, 0.3, 0.4, 0.5, 0.6, 0.7, 0.8, 0.9]",id,timestamp,target,,"['event_Cultural', 'event_National', 'event_Religious', 'event_Sporting', 'sell_price', 'snap_CA', 'snap_TX', 'snap_WI']",[],"['cat_id', 'dept_id', 'item_id', 'state_id', 'store_id']",m5_1M,1.0883596808,0,1654.238465984,29364,4dcc997759fda726,False,0.9.0,1.0883596808,1.1890607512,0.4349113535,0.3670678202,"{""model_path"": ""Datadog/Toto-2.0-2.5B"", ""batch_size"": 256}",357bc23
Toto-2.0-2.5B,toto-2.0,autogluon/fev_datasets,m5_1W,13,1,-13,13,1,,1,SQL,"['MASE', {'name': 'WAPE', 'epsilon': 1.0}, {'name': 'WQL', 'epsilon': 1.0}]","[0.1, 0.2, 0.3, 0.4, 0.5, 0.6, 0.7, 0.8, 0.9]",id,timestamp,target,,"['event_Cultural', 'event_National', 'event_Religious', 'event_Sporting', 'sell_price', 'snap_CA', 'snap_TX', 'snap_WI']",[],"['cat_id', 'dept_id', 'item_id', 'state_id', 'store_id']",m5_1W,1.1721142515,0,1962.063621352,30490,bb4e7816349be551,False,0.9.0,1.1721142515,1.1867886991,0.4232106322,0.3479004073,"{""model_path"": ""Datadog/Toto-2.0-2.5B"", ""batch_size"": 256}",357bc23
Toto-2.0-2.5B,toto-2.0,autogluon/fev_datasets,proenfo_gfc12,168,10,-1680,168,1,,24,SQL,"['MASE', {'name': 'WAPE', 'epsilon': 1.0}, {'name': 'WQL', 'epsilon': 1.0}]","[0.1, 0.2, 0.3, 0.4, 0.5, 0.6, 0.7, 0.8, 0.9]",id,timestamp,target,,['airtemperature'],[],[],proenfo_gfc12,0.8538338737000001,0,6.869227283,110,70e6cce11b73757a,False,0.9.0,0.8538338737000001,1.0613431052,0.0894321188,0.0717016149,"{""model_path"": ""Datadog/Toto-2.0-2.5B"", ""batch_size"": 256}",357bc23
Toto-2.0-2.5B,toto-2.0,autogluon/fev_datasets,proenfo_gfc14,168,20,-3360,168,1,,24,SQL,"['MASE', {'name': 'WAPE', 'epsilon': 1.0}, {'name': 'WQL', 'epsilon': 1.0}]","[0.1, 0.2, 0.3, 0.4, 0.5, 0.6, 0.7, 0.8, 0.9]",id,timestamp,target,,['airtemperature'],[],[],proenfo_gfc14,0.6798239947,0,4.143113192,20,87312edc76952605,False,0.9.0,0.6798239947,0.8655041339,0.0421604433,0.0331126025,"{""model_path"": ""Datadog/Toto-2.0-2.5B"", ""batch_size"": 256}",357bc23
Toto-2.0-2.5B,toto-2.0,autogluon/fev_datasets,proenfo_gfc17,168,20,-3360,168,1,,24,SQL,"['MASE', {'name': 'WAPE', 'epsilon': 1.0}, {'name': 'WQL', 'epsilon': 1.0}]","[0.1, 0.2, 0.3, 0.4, 0.5, 0.6, 0.7, 0.8, 0.9]",id,timestamp,target,,['airtemperature'],[],[],proenfo_gfc17,0.8323749623000001,0,10.454660352,160,897258c227dde589,False,0.9.0,0.8323749623000001,1.0688623161,0.0721622244,0.0563933826,"{""model_path"": ""Datadog/Toto-2.0-2.5B"", ""batch_size"": 256}",357bc23
Toto-2.0-2.5B,toto-2.0,autogluon/fev_datasets,redset_15T,96,10,-960,96,1,,96,SQL,"['MASE', {'name': 'WAPE', 'epsilon': 1.0}, {'name': 'WQL', 'epsilon': 1.0}]","[0.1, 0.2, 0.3, 0.4, 0.5, 0.6, 0.7, 0.8, 0.9]",id,timestamp,target,,[],[],['subset'],redset_15T,0.6948127014000001,0,66.088095866,1260,08bf434cbfb37dc0,False,0.9.0,0.6948127014000001,0.8214438518,0.2629407655,0.2166346258,"{""model_path"": ""Datadog/Toto-2.0-2.5B"", ""batch_size"": 256}",357bc23
Toto-2.0-2.5B,toto-2.0,autogluon/fev_datasets,redset_1H,24,10,-240,24,1,,24,SQL,"['MASE', {'name': 'WAPE', 'epsilon': 1.0}, {'name': 'WQL', 'epsilon': 1.0}]","[0.1, 0.2, 0.3, 0.4, 0.5, 0.6, 0.7, 0.8, 0.9]",id,timestamp,target,,[],[],['subset'],redset_1H,1.2901889685,0,68.975093585,1380,e8e85a6b0b054d1f,False,0.9.0,1.2901889685,1.4247565104,0.2017175558,0.1690059871,"{""model_path"": ""Datadog/Toto-2.0-2.5B"", ""batch_size"": 256}",357bc23
Toto-2.0-2.5B,toto-2.0,autogluon/fev_datasets,redset_5T,288,10,-2880,288,1,,288,SQL,"['MASE', {'name': 'WAPE', 'epsilon': 1.0}, {'name': 'WQL', 'epsilon': 1.0}]","[0.1, 0.2, 0.3, 0.4, 0.5, 0.6, 0.7, 0.8, 0.9]",id,timestamp,target,,[],[],['subset'],redset_5T,0.5941297826,0,60.710645671,1180,706c03b5beda8537,False,0.9.0,0.5941297826,0.7108076876,0.3060558619,0.2485814134,"{""model_path"": ""Datadog/Toto-2.0-2.5B"", ""batch_size"": 256}",357bc23
Toto-2.0-2.5B,toto-2.0,autogluon/fev_datasets,restaurant,28,8,-224,28,1,,7,SQL,"['MASE', {'name': 'WAPE', 'epsilon': 1.0}, {'name': 'WQL', 'epsilon': 1.0}]","[0.1, 0.2, 0.3, 0.4, 0.5, 0.6, 0.7, 0.8, 0.9]",id,timestamp,target,,[],[],"['air_area_name', 'air_genre_name', 'latitude', 'longitude']",restaurant,0.7243627349,0,386.055942056,6502,eb8da1769444e614,False,0.9.0,0.7243627349,0.878036229,0.3634033593,0.2874544178,"{""model_path"": ""Datadog/Toto-2.0-2.5B"", ""batch_size"": 256}",357bc23
Toto-2.0-2.5B,toto-2.0,autogluon/fev_datasets,rohlik_orders_1D,61,5,2023-05-01T00:00:00,61,1,,7,SQL,"['MASE', {'name': 'WAPE', 'epsilon': 1.0}, {'name': 'WQL', 'epsilon': 1.0}]","[0.1, 0.2, 0.3, 0.4, 0.5, 0.6, 0.7, 0.8, 0.9]",id,timestamp,orders,,"['holiday', 'school_holidays', 'shops_closed', 'winter_school_holidays']","['blackout', 'frankfurt_shutdown', 'mini_shutdown', 'mov_change', 'precipitation', 'shutdown', 'snow', 'user_activity_1', 'user_activity_2']",[],rohlik_orders_1D,1.0322960977,0,2.929338815,35,d4ccf61e0ac3ccdf,False,0.9.0,1.0322960977,1.2742865811,0.0592987501,0.0476137085,"{""model_path"": ""Datadog/Toto-2.0-2.5B"", ""batch_size"": 256}",357bc23
Toto-2.0-2.5B,toto-2.0,autogluon/fev_datasets,rohlik_orders_1W,8,5,2023-05-01T00:00:00,8,1,,1,SQL,"['MASE', {'name': 'WAPE', 'epsilon': 1.0}, {'name': 'WQL', 'epsilon': 1.0}]","[0.1, 0.2, 0.3, 0.4, 0.5, 0.6, 0.7, 0.8, 0.9]",id,timestamp,orders,,"['holiday', 'school_holidays', 'shops_closed', 'winter_school_holidays']","['blackout', 'frankfurt_shutdown', 'mini_shutdown', 'mov_change', 'precipitation', 'shutdown', 'snow', 'user_activity_1', 'user_activity_2']",[],rohlik_orders_1W,1.3854453606,0,2.8682495340000003,35,4eea90b920dec215,False,0.9.0,1.3854453606,1.7107726157,0.0560200038,0.0453016201,"{""model_path"": ""Datadog/Toto-2.0-2.5B"", ""batch_size"": 256}",357bc23
Toto-2.0-2.5B,toto-2.0,autogluon/fev_datasets,rohlik_sales_1D,14,1,2023-12-15T00:00:00,14,14,,7,SQL,"['MASE', {'name': 'WAPE', 'epsilon': 1.0}, {'name': 'WQL', 'epsilon': 1.0}]","[0.1, 0.2, 0.3, 0.4, 0.5, 0.6, 0.7, 0.8, 0.9]",id,timestamp,sales,,"['holiday', 'school_holidays', 'sell_price_main', 'shops_closed', 'total_orders', 'type_0_discount', 'type_1_discount', 'type_2_discount', 'type_3_discount', 'type_4_discount', 'type_5_discount', 'type_6_discount', 'winter_school_holidays']",['availability'],"['L1_category_name_en', 'L2_category_name_en', 'L3_category_name_en', 'L4_category_name_en', 'name', 'product_unique_id', 'warehouse']",rohlik_sales_1D,1.1560317215,0,262.66207873,4116,2c9ecdd477948cce,False,0.9.0,1.1560317215,1.3881384395,0.3761145051,0.3131468674,"{""model_path"": ""Datadog/Toto-2.0-2.5B"", ""batch_size"": 256}",357bc23
Toto-2.0-2.5B,toto-2.0,autogluon/fev_datasets,rohlik_sales_1W,8,1,2023-12-15T00:00:00,8,8,,1,SQL,"['MASE', {'name': 'WAPE', 'epsilon': 1.0}, {'name': 'WQL', 'epsilon': 1.0}]","[0.1, 0.2, 0.3, 0.4, 0.5, 0.6, 0.7, 0.8, 0.9]",id,timestamp,sales,,"['holiday', 'school_holidays', 'sell_price_main', 'shops_closed', 'total_orders', 'type_0_discount', 'type_1_discount', 'type_2_discount', 'type_3_discount', 'type_4_discount', 'type_5_discount', 'type_6_discount', 'winter_school_holidays']",['availability'],"['L1_category_name_en', 'L2_category_name_en', 'L3_category_name_en', 'L4_category_name_en', 'name', 'product_unique_id', 'warehouse']",rohlik_sales_1W,1.7701907593,0,246.79307793,3942,149ec34eb852d454,False,0.9.0,1.7701907593,1.7857222115,0.2841345035,0.2652332743,"{""model_path"": ""Datadog/Toto-2.0-2.5B"", ""batch_size"": 256}",357bc23
Toto-2.0-2.5B,toto-2.0,autogluon/fev_datasets,rossmann_1D,48,10,-480,48,1,,7,SQL,"['MASE', {'name': 'WAPE', 'epsilon': 1.0}, {'name': 'WQL', 'epsilon': 1.0}]","[0.1, 0.2, 0.3, 0.4, 0.5, 0.6, 0.7, 0.8, 0.9]",id,timestamp,Sales,,"['DayOfWeek', 'Open', 'Promo', 'SchoolHoliday', 'StateHoliday']",['Customers'],"['Assortment', 'CompetitionDistance', 'CompetitionOpenSinceMonth', 'CompetitionOpenSinceYear', 'Promo2', 'Promo2SinceWeek', 'Promo2SinceYear', 'PromoInterval', 'Store', 'StoreType']",rossmann_1D,0.4770118744,0,700.181268094,11150,83a79b0a9a999f56,False,0.9.0,0.4770118744,0.5826082292,0.1982480092,0.1620992466,"{""model_path"": ""Datadog/Toto-2.0-2.5B"", ""batch_size"": 256}",357bc23
Toto-2.0-2.5B,toto-2.0,autogluon/fev_datasets,rossmann_1W,13,8,-104,13,1,,1,SQL,"['MASE', {'name': 'WAPE', 'epsilon': 1.0}, {'name': 'WQL', 'epsilon': 1.0}]","[0.1, 0.2, 0.3, 0.4, 0.5, 0.6, 0.7, 0.8, 0.9]",id,timestamp,Sales,,"['Open', 'Promo', 'SchoolHoliday', 'StateHoliday']",['Customers'],"['Assortment', 'CompetitionDistance', 'CompetitionOpenSinceMonth', 'CompetitionOpenSinceYear', 'Promo2', 'Promo2SinceWeek', 'Promo2SinceYear', 'PromoInterval', 'Store', 'StoreType']",rossmann_1W,0.5094845774,0,499.016353538,8920,28f46b06b50c6d84,False,0.9.0,0.5094845774,0.6711312763,0.1861110308,0.1395972961,"{""model_path"": ""Datadog/Toto-2.0-2.5B"", ""batch_size"": 256}",357bc23
Toto-2.0-2.5B,toto-2.0,autogluon/fev_datasets,solar_1D,28,10,-280,28,1,,1,SQL,"['MASE', {'name': 'WAPE', 'epsilon': 1.0}, {'name': 'WQL', 'epsilon': 1.0}]","[0.1, 0.2, 0.3, 0.4, 0.5, 0.6, 0.7, 0.8, 0.9]",id,timestamp,target,,[],[],[],solar_1D,0.6059313025,0,68.877194592,1370,ae293fab54bb1beb,False,0.9.0,0.6059313025,0.7645863438,0.2409444958,0.1901680063,"{""model_path"": ""Datadog/Toto-2.0-2.5B"", ""batch_size"": 256}",357bc23
Toto-2.0-2.5B,toto-2.0,autogluon/fev_datasets,solar_1W,13,1,-13,13,1,,1,SQL,"['MASE', {'name': 'WAPE', 'epsilon': 1.0}, {'name': 'WQL', 'epsilon': 1.0}]","[0.1, 0.2, 0.3, 0.4, 0.5, 0.6, 0.7, 0.8, 0.9]",id,timestamp,target,,[],[],[],solar_1W,1.2167066201,0,7.313884221,137,63a28ed11ce85dc9,False,0.9.0,1.2167066201,1.6645969288,0.2799942737,0.2050441656,"{""model_path"": ""Datadog/Toto-2.0-2.5B"", ""batch_size"": 256}",357bc23
Toto-2.0-2.5B,toto-2.0,autogluon/fev_datasets,solar_with_weather_15T,96,20,-1920,96,1,,96,SQL,"['MASE', {'name': 'WAPE', 'epsilon': 1.0}, {'name': 'WQL', 'epsilon': 1.0}]","[0.1, 0.2, 0.3, 0.4, 0.5, 0.6, 0.7, 0.8, 0.9]",id,timestamp,target,,"['day_length', 'humidity', 'pressure', 'rain_1h', 'snow_1h', 'temp', 'wind_speed']","['clouds_all', 'global_horizontal_irradiance']",[],solar_with_weather_15T,0.7413717176,0,5.111506585,20,6e766232f6e4f0ac,False,0.9.0,0.7413717176,0.9555119206,1.2227536019,0.9307564127,"{""model_path"": ""Datadog/Toto-2.0-2.5B"", ""batch_size"": 256}",357bc23
Toto-2.0-2.5B,toto-2.0,autogluon/fev_datasets,solar_with_weather_1H,24,20,-480,24,1,,24,SQL,"['MASE', {'name': 'WAPE', 'epsilon': 1.0}, {'name': 'WQL', 'epsilon': 1.0}]","[0.1, 0.2, 0.3, 0.4, 0.5, 0.6, 0.7, 0.8, 0.9]",id,timestamp,target,,"['day_length', 'humidity', 'pressure', 'rain_1h', 'snow_1h', 'temp', 'wind_speed']","['clouds_all', 'global_horizontal_irradiance']",[],solar_with_weather_1H,0.8391664238000001,0,4.688401547,20,12eed0644b253066,False,0.9.0,0.8391664238000001,1.0700589041,1.2418595811,0.9363466814,"{""model_path"": ""Datadog/Toto-2.0-2.5B"", ""batch_size"": 256}",357bc23
Toto-2.0-2.5B,toto-2.0,autogluon/fev_datasets,uci_air_quality_1D,28,11,-308,28,1,,7,SQL,"['MASE', {'name': 'WAPE', 'epsilon': 1.0}, {'name': 'WQL', 'epsilon': 1.0}]","[0.1, 0.2, 0.3, 0.4, 0.5, 0.6, 0.7, 0.8, 0.9]",id,timestamp,"['C6H6(GT)', 'CO(GT)', 'NO2(GT)', 'NOx(GT)']",,"['AH', 'RH', 'T']",[],[],uci_air_quality_1D,1.2067715015,0,3.976316614,44,b6e9003deabe1eba,False,0.9.0,1.2067715015,1.4993468509,0.3084263949,0.2459044435,"{""model_path"": ""Datadog/Toto-2.0-2.5B"", ""batch_size"": 256}",357bc23
Toto-2.0-2.5B,toto-2.0,autogluon/fev_datasets,uci_air_quality_1H,168,20,-3360,168,1,,24,SQL,"['MASE', {'name': 'WAPE', 'epsilon': 1.0}, {'name': 'WQL', 'epsilon': 1.0}]","[0.1, 0.2, 0.3, 0.4, 0.5, 0.6, 0.7, 0.8, 0.9]",id,timestamp,"['C6H6(GT)', 'CO(GT)', 'NO2(GT)', 'NOx(GT)']",,"['AH', 'RH', 'T']",[],[],uci_air_quality_1H,0.8350023750000001,0,5.958332486,80,770ea30aa1f2a0fd,False,0.9.0,0.8350023750000001,1.077758562,0.3592765005,0.2777558294,"{""model_path"": ""Datadog/Toto-2.0-2.5B"", ""batch_size"": 256}",357bc23
Toto-2.0-2.5B,toto-2.0,autogluon/fev_datasets,uk_covid_nation_1D,28,20,-560,28,1,,1,SQL,"['MASE', {'name': 'WAPE', 'epsilon': 1.0}, {'name': 'WQL', 'epsilon': 1.0}]","[0.1, 0.2, 0.3, 0.4, 0.5, 0.6, 0.7, 0.8, 0.9]",id,timestamp,"['cumulative_admissions', 'cumulative_cases', 'cumulative_deaths']",,[],"['cumulative_vaccinated_1', 'cumulative_vaccinated_2', 'cumulative_vaccinated_3', 'hospital_cases', 'icu_ventilator_occupancy']",[],uk_covid_nation_1D/cumulative,7.1530132889,0,13.766377916,240,49ed8b456f954821,False,0.9.0,7.1530132889,8.9628700129,0.0190213645,0.0157888682,"{""model_path"": ""Datadog/Toto-2.0-2.5B"", ""batch_size"": 256}",357bc23
Toto-2.0-2.5B,toto-2.0,autogluon/fev_datasets,uk_covid_nation_1D,28,20,-560,28,1,,7,SQL,"['MASE', {'name': 'WAPE', 'epsilon': 1.0}, {'name': 'WQL', 'epsilon': 1.0}]","[0.1, 0.2, 0.3, 0.4, 0.5, 0.6, 0.7, 0.8, 0.9]",id,timestamp,"['new_admissions', 'new_cases', 'new_deaths']",,[],"['hospital_cases', 'icu_ventilator_occupancy', 'new_vaccinated_1', 'new_vaccinated_2', 'new_vaccinated_3']",[],uk_covid_nation_1D/new,2.2645262895,0,13.434125014,240,49ed8b456f954821,False,0.9.0,2.2645262895,2.7222213621,0.3614326159,0.302305556,"{""model_path"": ""Datadog/Toto-2.0-2.5B"", ""batch_size"": 256}",357bc23
Toto-2.0-2.5B,toto-2.0,autogluon/fev_datasets,uk_covid_nation_1W,8,4,-32,8,1,,1,SQL,"['MASE', {'name': 'WAPE', 'epsilon': 1.0}, {'name': 'WQL', 'epsilon': 1.0}]","[0.1, 0.2, 0.3, 0.4, 0.5, 0.6, 0.7, 0.8, 0.9]",id,timestamp,"['cumulative_admissions', 'cumulative_cases', 'cumulative_deaths']",,[],"['cumulative_vaccinated_1', 'cumulative_vaccinated_2', 'cumulative_vaccinated_3', 'hospital_cases', 'icu_ventilator_occupancy']",[],uk_covid_nation_1W/cumulative,3.6860555352,0,3.276260067,48,92ea0a1b98c9e5ce,False,0.9.0,3.6860555352,4.7711143976,0.0441215305,0.0340356163,"{""model_path"": ""Datadog/Toto-2.0-2.5B"", ""batch_size"": 256}",357bc23
Toto-2.0-2.5B,toto-2.0,autogluon/fev_datasets,uk_covid_nation_1W,8,4,-32,8,1,,1,SQL,"['MASE', {'name': 'WAPE', 'epsilon': 1.0}, {'name': 'WQL', 'epsilon': 1.0}]","[0.1, 0.2, 0.3, 0.4, 0.5, 0.6, 0.7, 0.8, 0.9]",id,timestamp,"['new_admissions', 'new_cases', 'new_deaths']",,[],"['hospital_cases', 'icu_ventilator_occupancy', 'new_vaccinated_1', 'new_vaccinated_2', 'new_vaccinated_3']",[],uk_covid_nation_1W/new,6.0424348003,0,2.9940106120000003,48,92ea0a1b98c9e5ce,False,0.9.0,6.0424348003,7.1687811979,0.8954703095000001,0.7760675975,"{""model_path"": ""Datadog/Toto-2.0-2.5B"", ""batch_size"": 256}",357bc23
Toto-2.0-2.5B,toto-2.0,autogluon/fev_datasets,uk_covid_utla_1D,28,10,-280,28,1,,7,SQL,"['MASE', {'name': 'WAPE', 'epsilon': 1.0}, {'name': 'WQL', 'epsilon': 1.0}]","[0.1, 0.2, 0.3, 0.4, 0.5, 0.6, 0.7, 0.8, 0.9]",id,timestamp,new_cases,,[],[],[],uk_covid_utla_1D/new,4.7206890719,0,106.856119009,2140,da1326db1e917a89,False,0.9.0,4.7206890719,5.6514989034,0.5580658893,0.46306235,"{""model_path"": ""Datadog/Toto-2.0-2.5B"", ""batch_size"": 256}",357bc23
Toto-2.0-2.5B,toto-2.0,autogluon/fev_datasets,uk_covid_utla_1W,13,5,-65,13,1,,1,SQL,"['MASE', {'name': 'WAPE', 'epsilon': 1.0}, {'name': 'WQL', 'epsilon': 1.0}]","[0.1, 0.2, 0.3, 0.4, 0.5, 0.6, 0.7, 0.8, 0.9]",id,timestamp,cumulative_cases,,[],[],[],uk_covid_utla_1W/cumulative,16.313005958,0,56.778701031,1070,4c07446a089a723d,False,0.9.0,16.313005958,18.6393489528,0.19326943,0.1683119425,"{""model_path"": ""Datadog/Toto-2.0-2.5B"", ""batch_size"": 256}",357bc23
Toto-2.0-2.5B,toto-2.0,autogluon/fev_datasets,us_consumption_1M,12,10,-120,12,1,,12,SQL,"['MASE', {'name': 'WAPE', 'epsilon': 1.0}, {'name': 'WQL', 'epsilon': 1.0}]","[0.1, 0.2, 0.3, 0.4, 0.5, 0.6, 0.7, 0.8, 0.9]",id,timestamp,target,,[],[],[],us_consumption_1M,1.4950722504,0,16.15984423,310,dee11a908eddc948,False,0.9.0,1.4950722504,1.7861351626,0.022871724,0.0203890787,"{""model_path"": ""Datadog/Toto-2.0-2.5B"", ""batch_size"": 256}",357bc23
Toto-2.0-2.5B,toto-2.0,autogluon/fev_datasets,us_consumption_1Q,8,10,-80,8,1,,4,SQL,"['MASE', {'name': 'WAPE', 'epsilon': 1.0}, {'name': 'WQL', 'epsilon': 1.0}]","[0.1, 0.2, 0.3, 0.4, 0.5, 0.6, 0.7, 0.8, 0.9]",id,timestamp,target,,[],[],[],us_consumption_1Q,1.8176170854,0,15.821831478,310,05aa7957a46336f0,False,0.9.0,1.8176170854,2.2760506458,0.0337412445,0.0284304871,"{""model_path"": ""Datadog/Toto-2.0-2.5B"", ""batch_size"": 256}",357bc23
Toto-2.0-2.5B,toto-2.0,autogluon/fev_datasets,us_consumption_1Y,5,10,-50,5,1,,1,SQL,"['MASE', {'name': 'WAPE', 'epsilon': 1.0}, {'name': 'WQL', 'epsilon': 1.0}]","[0.1, 0.2, 0.3, 0.4, 0.5, 0.6, 0.7, 0.8, 0.9]",id,timestamp,target,,[],[],[],us_consumption_1Y,3.8888009562,0,16.101708244,310,34316f35c64781aa,False,0.9.0,3.8888009562,4.6963218124,0.0571401975,0.0470536109,"{""model_path"": ""Datadog/Toto-2.0-2.5B"", ""batch_size"": 256}",357bc23
Toto-2.0-2.5B,toto-2.0,autogluon/fev_datasets,walmart,39,1,-39,39,1,,1,SQL,"['MASE', {'name': 'WAPE', 'epsilon': 1.0}, {'name': 'WQL', 'epsilon': 1.0}]","[0.1, 0.2, 0.3, 0.4, 0.5, 0.6, 0.7, 0.8, 0.9]",id,timestamp,target,,"['CPI', 'Fuel_Price', 'IsHoliday', 'MarkDown1', 'MarkDown2', 'MarkDown3', 'MarkDown4', 'MarkDown5', 'Temperature', 'Unemployment']",[],"['Dept', 'Size', 'Store', 'Type']",walmart,0.7544329677,0,185.255298022,2936,5de0711be36aab0b,False,0.9.0,0.7544329677,0.9502651815,0.1117610119,0.0892816748,"{""model_path"": ""Datadog/Toto-2.0-2.5B"", ""batch_size"": 256}",357bc23
Toto-2.0-2.5B,toto-2.0,autogluon/fev_datasets,world_co2_emissions,5,9,-45,5,1,,1,SQL,"['MASE', {'name': 'WAPE', 'epsilon': 1.0}, {'name': 'WQL', 'epsilon': 1.0}]","[0.1, 0.2, 0.3, 0.4, 0.5, 0.6, 0.7, 0.8, 0.9]",id,timestamp,target,,[],[],[],world_co2_emissions,2.7324181499,0,97.380924081,1719,0604d178ae264900,False,0.9.0,2.7324181499,3.3211447941,0.0871109818,0.0712541736,"{""model_path"": ""Datadog/Toto-2.0-2.5B"", ""batch_size"": 256}",357bc23
Toto-2.0-2.5B,toto-2.0,autogluon/fev_datasets,world_life_expectancy,5,10,-50,5,1,,1,SQL,"['MASE', {'name': 'WAPE', 'epsilon': 1.0}, {'name': 'WQL', 'epsilon': 1.0}]","[0.1, 0.2, 0.3, 0.4, 0.5, 0.6, 0.7, 0.8, 0.9]",id,timestamp,target,,[],[],[],world_life_expectancy,1.0886521728,0,124.684568211,2370,34b64743f43fc2a0,False,0.9.0,1.0886521728,1.2960841175,0.0102682366,0.0087031863,"{""model_path"": ""Datadog/Toto-2.0-2.5B"", ""batch_size"": 256}",357bc23
Toto-2.0-2.5B,toto-2.0,autogluon/fev_datasets,world_tourism,5,2,-10,5,1,,1,SQL,"['MASE', {'name': 'WAPE', 'epsilon': 1.0}, {'name': 'WQL', 'epsilon': 1.0}]","[0.1, 0.2, 0.3, 0.4, 0.5, 0.6, 0.7, 0.8, 0.9]",id,timestamp,target,,[],[],[],world_tourism,3.1287513725,0,19.280155195,356,893ed5f68fefe071,False,0.9.0,3.1287513725,3.8352385537,0.1235617054,0.0935038069,"{""model_path"": ""Datadog/Toto-2.0-2.5B"", ""batch_size"": 256}",357bc23
Toto-2.0-22m,toto-2.0,autogluon/fev_datasets,ETT_15T,96,20,-1920,96,1,,96,SQL,"['MASE', {'name': 'WAPE', 'epsilon': 1.0}, {'name': 'WQL', 'epsilon': 1.0}]","[0.1, 0.2, 0.3, 0.4, 0.5, 0.6, 0.7, 0.8, 0.9]",id,timestamp,"['HUFL', 'HULL', 'LUFL', 'LULL', 'MUFL', 'MULL', 'OT']",,[],[],[],ETT_15T,0.5515558792,0,1.122475669,280,b5dd9d1f1927aad6,False,0.9.0,0.5515558792,0.7051491417,0.1133056087,0.0883123431,"{""model_path"": ""Datadog/Toto-2.0-22m"", ""batch_size"": 512}",357bc23
Toto-2.0-22m,toto-2.0,autogluon/fev_datasets,ETT_1D,28,20,-560,28,1,,7,SQL,"['MASE', {'name': 'WAPE', 'epsilon': 1.0}, {'name': 'WQL', 'epsilon': 1.0}]","[0.1, 0.2, 0.3, 0.4, 0.5, 0.6, 0.7, 0.8, 0.9]",id,timestamp,"['HUFL', 'HULL', 'LUFL', 'LULL', 'MUFL', 'MULL', 'OT']",,[],[],[],ETT_1D,1.1363853572,0,0.968035657,280,936cfaf2a3a6ab34,False,0.9.0,1.1363853572,1.360219481,0.3229389383,0.2597752993,"{""model_path"": ""Datadog/Toto-2.0-22m"", ""batch_size"": 512}",357bc23
Toto-2.0-22m,toto-2.0,autogluon/fev_datasets,ETT_1H,168,20,-3360,168,1,,24,SQL,"['MASE', {'name': 'WAPE', 'epsilon': 1.0}, {'name': 'WQL', 'epsilon': 1.0}]","[0.1, 0.2, 0.3, 0.4, 0.5, 0.6, 0.7, 0.8, 0.9]",id,timestamp,"['HUFL', 'HULL', 'LUFL', 'LULL', 'MUFL', 'MULL', 'OT']",,[],[],[],ETT_1H,0.8786900273,0,0.990528278,280,abd94afdf0b158e2,False,0.9.0,0.8786900273,1.1219144676,0.2442280412,0.1905551921,"{""model_path"": ""Datadog/Toto-2.0-22m"", ""batch_size"": 512}",357bc23
Toto-2.0-22m,toto-2.0,autogluon/fev_datasets,ETT_1W,13,5,-65,13,1,,1,SQL,"['MASE', {'name': 'WAPE', 'epsilon': 1.0}, {'name': 'WQL', 'epsilon': 1.0}]","[0.1, 0.2, 0.3, 0.4, 0.5, 0.6, 0.7, 0.8, 0.9]",id,timestamp,"['HUFL', 'HULL', 'LUFL', 'LULL', 'MUFL', 'MULL', 'OT']",,[],[],[],ETT_1W,2.2877468379,0,0.483858756,70,2e18066fd2e18f63,False,0.9.0,2.2877468379,2.6378253434000003,0.4859628314,0.3873589951,"{""model_path"": ""Datadog/Toto-2.0-22m"", ""batch_size"": 512}",357bc23
Toto-2.0-22m,toto-2.0,autogluon/fev_datasets,LOOP_SEATTLE_1D,28,10,-280,28,1,,7,SQL,"['MASE', {'name': 'WAPE', 'epsilon': 1.0}, {'name': 'WQL', 'epsilon': 1.0}]","[0.1, 0.2, 0.3, 0.4, 0.5, 0.6, 0.7, 0.8, 0.9]",id,timestamp,target,,[],[],[],LOOP_SEATTLE_1D,0.7949908437000001,0,4.353421185,3230,678fdb11fbd87309,False,0.9.0,0.7949908437000001,0.9736365263,0.0367073286,0.0299183023,"{""model_path"": ""Datadog/Toto-2.0-22m"", ""batch_size"": 512}",357bc23
Toto-2.0-22m,toto-2.0,autogluon/fev_datasets,LOOP_SEATTLE_1H,168,10,-1680,168,1,,24,SQL,"['MASE', {'name': 'WAPE', 'epsilon': 1.0}, {'name': 'WQL', 'epsilon': 1.0}]","[0.1, 0.2, 0.3, 0.4, 0.5, 0.6, 0.7, 0.8, 0.9]",id,timestamp,target,,[],[],[],LOOP_SEATTLE_1H,0.6609654351,0,5.6067835,3230,85c8da08d0377714,False,0.9.0,0.6609654351,0.8226133174,0.0706625336,0.0566445643,"{""model_path"": ""Datadog/Toto-2.0-22m"", ""batch_size"": 512}",357bc23
Toto-2.0-22m,toto-2.0,autogluon/fev_datasets,LOOP_SEATTLE_5T,288,10,-2880,288,1,,288,SQL,"['MASE', {'name': 'WAPE', 'epsilon': 1.0}, {'name': 'WQL', 'epsilon': 1.0}]","[0.1, 0.2, 0.3, 0.4, 0.5, 0.6, 0.7, 0.8, 0.9]",id,timestamp,target,,[],[],[],LOOP_SEATTLE_5T,0.5428956192000001,0,21.871651574,3230,ddf124d757f77e1e,False,0.9.0,0.5428956192000001,0.6838622591,0.0740519529,0.0586603039,"{""model_path"": ""Datadog/Toto-2.0-22m"", ""batch_size"": 512}",357bc23
Toto-2.0-22m,toto-2.0,autogluon/fev_datasets,M_DENSE_1D,28,10,-280,28,1,,7,SQL,"['MASE', {'name': 'WAPE', 'epsilon': 1.0}, {'name': 'WQL', 'epsilon': 1.0}]","[0.1, 0.2, 0.3, 0.4, 0.5, 0.6, 0.7, 0.8, 0.9]",id,timestamp,target,,[],[],[],M_DENSE_1D,0.8232509545000001,0,0.8021215650000001,300,1ceaf27cc148581f,False,0.9.0,0.8232509545000001,1.0025138642,0.1071643367,0.0900759525,"{""model_path"": ""Datadog/Toto-2.0-22m"", ""batch_size"": 512}",357bc23
Toto-2.0-22m,toto-2.0,autogluon/fev_datasets,M_DENSE_1H,168,10,-1680,168,1,,24,SQL,"['MASE', {'name': 'WAPE', 'epsilon': 1.0}, {'name': 'WQL', 'epsilon': 1.0}]","[0.1, 0.2, 0.3, 0.4, 0.5, 0.6, 0.7, 0.8, 0.9]",id,timestamp,target,,[],[],[],M_DENSE_1H,0.6085256933000001,0,1.035081808,300,a291fe961233f488,False,0.9.0,0.6085256933000001,0.7450523741,0.1511157635,0.1239245022,"{""model_path"": ""Datadog/Toto-2.0-22m"", ""batch_size"": 512}",357bc23
Toto-2.0-22m,toto-2.0,autogluon/fev_datasets,SZ_TAXI_15T,96,10,-960,96,1,,96,SQL,"['MASE', {'name': 'WAPE', 'epsilon': 1.0}, {'name': 'WQL', 'epsilon': 1.0}]","[0.1, 0.2, 0.3, 0.4, 0.5, 0.6, 0.7, 0.8, 0.9]",id,timestamp,target,,[],[],[],SZ_TAXI_15T,0.3973579075,0,2.480787071,1560,947f77f0c19ac7ce,False,0.9.0,0.3973579075,0.5055042958,0.2417945176,0.1897678128,"{""model_path"": ""Datadog/Toto-2.0-22m"", ""batch_size"": 512}",357bc23
Toto-2.0-22m,toto-2.0,autogluon/fev_datasets,SZ_TAXI_1H,168,2,-336,168,1,,24,SQL,"['MASE', {'name': 'WAPE', 'epsilon': 1.0}, {'name': 'WQL', 'epsilon': 1.0}]","[0.1, 0.2, 0.3, 0.4, 0.5, 0.6, 0.7, 0.8, 0.9]",id,timestamp,target,,[],[],[],SZ_TAXI_1H,0.3878147741,0,0.70756107,312,c8fc2c774fa27320,False,0.9.0,0.3878147741,0.4855926557,0.1626474037,0.1300923261,"{""model_path"": ""Datadog/Toto-2.0-22m"", ""batch_size"": 512}",357bc23
Toto-2.0-22m,toto-2.0,autogluon/fev_datasets,australian_tourism,8,2,-16,8,1,,4,SQL,"['MASE', {'name': 'WAPE', 'epsilon': 1.0}, {'name': 'WQL', 'epsilon': 1.0}]","[0.1, 0.2, 0.3, 0.4, 0.5, 0.6, 0.7, 0.8, 0.9]",id,timestamp,target,,[],[],[],australian_tourism,0.8427923954000001,0,0.5407004630000001,178,67065ff520a65e45,False,0.9.0,0.8427923954000001,1.0629594743,0.1217966059,0.0957395858,"{""model_path"": ""Datadog/Toto-2.0-22m"", ""batch_size"": 512}",357bc23
Toto-2.0-22m,toto-2.0,autogluon/fev_datasets,bizitobs_l2c_1H,24,20,-480,24,1,,24,SQL,"['MASE', {'name': 'WAPE', 'epsilon': 1.0}, {'name': 'WQL', 'epsilon': 1.0}]","[0.1, 0.2, 0.3, 0.4, 0.5, 0.6, 0.7, 0.8, 0.9]",id,timestamp,"['target_0', 'target_1', 'target_2', 'target_3', 'target_4', 'target_5', 'target_6']",,[],[],[],bizitobs_l2c_1H,0.2950040382,0,0.941294546,140,167357ba0cdd59b2,False,0.9.0,0.2950040382,0.3718131352,0.3194207955,0.2547160692,"{""model_path"": ""Datadog/Toto-2.0-22m"", ""batch_size"": 512}",357bc23
Toto-2.0-22m,toto-2.0,autogluon/fev_datasets,bizitobs_l2c_5T,288,20,-5760,288,1,,288,SQL,"['MASE', {'name': 'WAPE', 'epsilon': 1.0}, {'name': 'WQL', 'epsilon': 1.0}]","[0.1, 0.2, 0.3, 0.4, 0.5, 0.6, 0.7, 0.8, 0.9]",id,timestamp,"['target_0', 'target_1', 'target_2', 'target_3', 'target_4', 'target_5', 'target_6']",,[],[],[],bizitobs_l2c_5T,0.5403936605,0,0.963327645,140,89ab1ca4d8dbeb4e,False,0.9.0,0.5403936605,0.6669647305,1.0151896199,0.7756543999000001,"{""model_path"": ""Datadog/Toto-2.0-22m"", ""batch_size"": 512}",357bc23
Toto-2.0-22m,toto-2.0,autogluon/fev_datasets,boomlet_1062,288,20,-5760,288,1,,288,SQL,"['MASE', {'name': 'WAPE', 'epsilon': 1.0}, {'name': 'WQL', 'epsilon': 1.0}]","[0.1, 0.2, 0.3, 0.4, 0.5, 0.6, 0.7, 0.8, 0.9]",id,timestamp,"['target_0', 'target_1', 'target_10', 'target_11', 'target_12', 'target_13', 'target_14', 'target_15', 'target_16', 'target_17', 'target_18', 'target_19', 'target_2', 'target_20', 'target_3', 'target_4', 'target_5', 'target_6', 'target_7', 'target_8', 'target_9']",,[],[],[],boomlet_1062,0.5389569652,0,0.96869693,420,5315f65aa45f55db,False,0.9.0,0.5389569652,0.6659740307,0.5647496388000001,0.4511908987,"{""model_path"": ""Datadog/Toto-2.0-22m"", ""batch_size"": 512}",357bc23
Toto-2.0-22m,toto-2.0,autogluon/fev_datasets,boomlet_1209,288,20,-5760,288,1,,288,SQL,"['MASE', {'name': 'WAPE', 'epsilon': 1.0}, {'name': 'WQL', 'epsilon': 1.0}]","[0.1, 0.2, 0.3, 0.4, 0.5, 0.6, 0.7, 0.8, 0.9]",id,timestamp,"['target_0', 'target_1', 'target_10', 'target_11', 'target_12', 'target_13', 'target_14', 'target_15', 'target_16', 'target_17', 'target_18', 'target_19', 'target_2', 'target_20', 'target_21', 'target_22', 'target_23', 'target_24', 'target_25', 'target_26', 'target_27', 'target_28', 'target_29', 'target_3', 'target_30', 'target_31', 'target_32', 'target_33', 'target_34', 'target_35', 'target_36', 'target_37', 'target_38', 'target_39', 'target_4', 'target_40', 'target_41', 'target_42', 'target_43', 'target_44', 'target_45', 'target_46', 'target_47', 'target_48', 'target_49', 'target_5', 'target_50', 'target_51', 'target_52', 'target_6', 'target_7', 'target_8', 'target_9']",,[],[],[],boomlet_1209,0.6146719328,0,1.349804071,1060,af76fff1b484ede3,False,0.9.0,0.6146719328,0.7189732508000001,0.2819311969,0.238664163,"{""model_path"": ""Datadog/Toto-2.0-22m"", ""batch_size"": 512}",357bc23
Toto-2.0-22m,toto-2.0,autogluon/fev_datasets,boomlet_1225,60,20,-1200,60,1,,1440,SQL,"['MASE', {'name': 'WAPE', 'epsilon': 1.0}, {'name': 'WQL', 'epsilon': 1.0}]","[0.1, 0.2, 0.3, 0.4, 0.5, 0.6, 0.7, 0.8, 0.9]",id,timestamp,"['target_0', 'target_1', 'target_10', 'target_11', 'target_12', 'target_13', 'target_14', 'target_15', 'target_16', 'target_17', 'target_18', 'target_19', 'target_2', 'target_20', 'target_21', 'target_22', 'target_23', 'target_24', 'target_25', 'target_26', 'target_27', 'target_28', 'target_29', 'target_3', 'target_30', 'target_31', 'target_32', 'target_33', 'target_34', 'target_35', 'target_36', 'target_37', 'target_38', 'target_39', 'target_4', 'target_40', 'target_41', 'target_42', 'target_43', 'target_44', 'target_45', 'target_46', 'target_47', 'target_48', 'target_5', 'target_6', 'target_7', 'target_8', 'target_9']",,[],[],[],boomlet_1225,0.1822725152,0,1.291196888,980,53a43cd2c9c7ebf1,False,0.9.0,0.1822725152,0.2279137051,0.1199806027,0.0962455277,"{""model_path"": ""Datadog/Toto-2.0-22m"", ""batch_size"": 512}",357bc23
Toto-2.0-22m,toto-2.0,autogluon/fev_datasets,boomlet_1230,288,20,-5760,288,1,,288,SQL,"['MASE', {'name': 'WAPE', 'epsilon': 1.0}, {'name': 'WQL', 'epsilon': 1.0}]","[0.1, 0.2, 0.3, 0.4, 0.5, 0.6, 0.7, 0.8, 0.9]",id,timestamp,"['target_0', 'target_1', 'target_10', 'target_11', 'target_12', 'target_13', 'target_14', 'target_15', 'target_16', 'target_17', 'target_18', 'target_19', 'target_2', 'target_20', 'target_21', 'target_22', 'target_3', 'target_4', 'target_5', 'target_6', 'target_7', 'target_8', 'target_9']",,[],[],[],boomlet_1230,1.1115808079,0,0.970209018,460,6e7b8e026660d41c,False,0.9.0,1.1115808079,1.2731721241,0.2865913906,0.241320235,"{""model_path"": ""Datadog/Toto-2.0-22m"", ""batch_size"": 512}",357bc23
Toto-2.0-22m,toto-2.0,autogluon/fev_datasets,boomlet_1282,60,20,-1200,60,1,,1440,SQL,"['MASE', {'name': 'WAPE', 'epsilon': 1.0}, {'name': 'WQL', 'epsilon': 1.0}]","[0.1, 0.2, 0.3, 0.4, 0.5, 0.6, 0.7, 0.8, 0.9]",id,timestamp,"['target_0', 'target_1', 'target_10', 'target_11', 'target_12', 'target_13', 'target_14', 'target_15', 'target_16', 'target_17', 'target_18', 'target_19', 'target_2', 'target_20', 'target_21', 'target_22', 'target_23', 'target_24', 'target_25', 'target_26', 'target_27', 'target_28', 'target_29', 'target_3', 'target_30', 'target_31', 'target_32', 'target_33', 'target_34', 'target_4', 'target_5', 'target_6', 'target_7', 'target_8', 'target_9']",,[],[],[],boomlet_1282,0.4101595822,0,1.099416102,700,c0f21ca23524dd1f,False,0.9.0,0.4101595822,0.5032166153000001,0.3476774543,0.2808980282,"{""model_path"": ""Datadog/Toto-2.0-22m"", ""batch_size"": 512}",357bc23
Toto-2.0-22m,toto-2.0,autogluon/fev_datasets,boomlet_1487,288,20,-5760,288,1,,288,SQL,"['MASE', {'name': 'WAPE', 'epsilon': 1.0}, {'name': 'WQL', 'epsilon': 1.0}]","[0.1, 0.2, 0.3, 0.4, 0.5, 0.6, 0.7, 0.8, 0.9]",id,timestamp,"['target_0', 'target_1', 'target_10', 'target_11', 'target_12', 'target_13', 'target_14', 'target_15', 'target_16', 'target_17', 'target_18', 'target_19', 'target_2', 'target_20', 'target_21', 'target_22', 'target_23', 'target_24', 'target_25', 'target_26', 'target_27', 'target_28', 'target_29', 'target_3', 'target_30', 'target_31', 'target_32', 'target_33', 'target_34', 'target_35', 'target_36', 'target_37', 'target_38', 'target_39', 'target_4', 'target_40', 'target_41', 'target_42', 'target_43', 'target_44', 'target_45', 'target_46', 'target_47', 'target_48', 'target_49', 'target_5', 'target_50', 'target_51', 'target_52', 'target_53', 'target_6', 'target_7', 'target_8', 'target_9']",,[],[],[],boomlet_1487,0.4017548532,0,1.364403207,1080,230d7ec998d3cbb2,False,0.9.0,0.4017548532,0.4846863637,0.1907900428,0.1579855205,"{""model_path"": ""Datadog/Toto-2.0-22m"", ""batch_size"": 512}",357bc23
Toto-2.0-22m,toto-2.0,autogluon/fev_datasets,boomlet_1631,96,20,-1920,96,1,,48,SQL,"['MASE', {'name': 'WAPE', 'epsilon': 1.0}, {'name': 'WQL', 'epsilon': 1.0}]","[0.1, 0.2, 0.3, 0.4, 0.5, 0.6, 0.7, 0.8, 0.9]",id,timestamp,"['target_0', 'target_1', 'target_10', 'target_11', 'target_12', 'target_13', 'target_14', 'target_15', 'target_16', 'target_17', 'target_18', 'target_19', 'target_2', 'target_20', 'target_21', 'target_22', 'target_23', 'target_24', 'target_25', 'target_26', 'target_27', 'target_28', 'target_29', 'target_3', 'target_30', 'target_31', 'target_32', 'target_33', 'target_34', 'target_35', 'target_36', 'target_37', 'target_38', 'target_39', 'target_4', 'target_5', 'target_6', 'target_7', 'target_8', 'target_9']",,[],[],[],boomlet_1631,0.5764632744,0,1.173267528,800,d69b69e987e32a2b,False,0.9.0,0.5764632744,0.7194841727,0.3131809945,0.2505825906,"{""model_path"": ""Datadog/Toto-2.0-22m"", ""batch_size"": 512}",357bc23
Toto-2.0-22m,toto-2.0,autogluon/fev_datasets,boomlet_1676,96,20,-1920,96,1,,48,SQL,"['MASE', {'name': 'WAPE', 'epsilon': 1.0}, {'name': 'WQL', 'epsilon': 1.0}]","[0.1, 0.2, 0.3, 0.4, 0.5, 0.6, 0.7, 0.8, 0.9]",id,timestamp,"['target_0', 'target_1', 'target_10', 'target_11', 'target_12', 'target_13', 'target_14', 'target_15', 'target_16', 'target_17', 'target_18', 'target_19', 'target_2', 'target_20', 'target_21', 'target_22', 'target_23', 'target_24', 'target_25', 'target_26', 'target_27', 'target_28', 'target_29', 'target_3', 'target_30', 'target_31', 'target_32', 'target_33', 'target_34', 'target_35', 'target_36', 'target_37', 'target_38', 'target_39', 'target_4', 'target_40', 'target_41', 'target_42', 'target_43', 'target_44', 'target_45', 'target_46', 'target_47', 'target_48', 'target_49', 'target_5', 'target_50', 'target_51', 'target_52', 'target_53', 'target_54', 'target_55', 'target_56', 'target_57', 'target_58', 'target_59', 'target_6', 'target_60', 'target_61', 'target_62', 'target_63', 'target_64', 'target_65', 'target_66', 'target_67', 'target_68', 'target_69', 'target_7', 'target_70', 'target_71', 'target_72', 'target_73', 'target_74', 'target_75', 'target_76', 'target_77', 'target_78', 'target_79', 'target_8', 'target_80', 'target_81', 'target_82', 'target_83', 'target_84', 'target_85', 'target_86', 'target_87', 'target_88', 'target_89', 'target_9', 'target_90', 'target_91', 'target_92', 'target_93', 'target_94', 'target_95', 'target_96', 'target_97', 'target_98', 'target_99']",,[],[],[],boomlet_1676,0.5513277666,0,2.082879896,2000,027ec0ef1e78a6f2,False,0.9.0,0.5513277666,0.6840990988,0.3138007667,0.2476536476,"{""model_path"": ""Datadog/Toto-2.0-22m"", ""batch_size"": 512}",357bc23
Toto-2.0-22m,toto-2.0,autogluon/fev_datasets,boomlet_1855,24,20,-480,24,1,,24,SQL,"['MASE', {'name': 'WAPE', 'epsilon': 1.0}, {'name': 'WQL', 'epsilon': 1.0}]","[0.1, 0.2, 0.3, 0.4, 0.5, 0.6, 0.7, 0.8, 0.9]",id,timestamp,"['target_0', 'target_1', 'target_10', 'target_11', 'target_12', 'target_13', 'target_14', 'target_15', 'target_16', 'target_17', 'target_18', 'target_19', 'target_2', 'target_20', 'target_21', 'target_22', 'target_23', 'target_24', 'target_25', 'target_26', 'target_27', 'target_28', 'target_29', 'target_3', 'target_30', 'target_31', 'target_32', 'target_33', 'target_34', 'target_35', 'target_36', 'target_37', 'target_38', 'target_39', 'target_4', 'target_40', 'target_41', 'target_42', 'target_43', 'target_44', 'target_45', 'target_46', 'target_47', 'target_48', 'target_49', 'target_5', 'target_50', 'target_51', 'target_6', 'target_7', 'target_8', 'target_9']",,[],[],[],boomlet_1855,0.4474067593,0,1.300433426,1040,cd1d53a59eac2c8a,False,0.9.0,0.4474067593,0.5227952786,0.1555421752,0.1337652069,"{""model_path"": ""Datadog/Toto-2.0-22m"", ""batch_size"": 512}",357bc23
Toto-2.0-22m,toto-2.0,autogluon/fev_datasets,boomlet_1975,24,20,-480,24,1,,24,SQL,"['MASE', {'name': 'WAPE', 'epsilon': 1.0}, {'name': 'WQL', 'epsilon': 1.0}]","[0.1, 0.2, 0.3, 0.4, 0.5, 0.6, 0.7, 0.8, 0.9]",id,timestamp,"['target_0', 'target_1', 'target_10', 'target_11', 'target_12', 'target_13', 'target_14', 'target_15', 'target_16', 'target_17', 'target_18', 'target_19', 'target_2', 'target_20', 'target_21', 'target_22', 'target_23', 'target_24', 'target_25', 'target_26', 'target_27', 'target_28', 'target_29', 'target_3', 'target_30', 'target_31', 'target_32', 'target_33', 'target_34', 'target_35', 'target_36', 'target_37', 'target_38', 'target_39', 'target_4', 'target_40', 'target_41', 'target_42', 'target_43', 'target_44', 'target_45', 'target_46', 'target_47', 'target_48', 'target_49', 'target_5', 'target_50', 'target_51', 'target_52', 'target_53', 'target_54', 'target_55', 'target_56', 'target_57', 'target_58', 'target_59', 'target_6', 'target_60', 'target_61', 'target_62', 'target_63', 'target_64', 'target_65', 'target_66', 'target_67', 'target_68', 'target_69', 'target_7', 'target_70', 'target_71', 'target_72', 'target_73', 'target_74', 'target_8', 'target_9']",,[],[],[],boomlet_1975,0.1191291154,0,1.6527042230000002,1500,7e9816ee39ec8d75,False,0.9.0,0.1191291154,0.139129764,0.0806787256,0.0692389795,"{""model_path"": ""Datadog/Toto-2.0-22m"", ""batch_size"": 512}",357bc23
Toto-2.0-22m,toto-2.0,autogluon/fev_datasets,boomlet_2187,24,20,-480,24,1,,24,SQL,"['MASE', {'name': 'WAPE', 'epsilon': 1.0}, {'name': 'WQL', 'epsilon': 1.0}]","[0.1, 0.2, 0.3, 0.4, 0.5, 0.6, 0.7, 0.8, 0.9]",id,timestamp,"['target_0', 'target_1', 'target_10', 'target_11', 'target_12', 'target_13', 'target_14', 'target_15', 'target_16', 'target_17', 'target_18', 'target_19', 'target_2', 'target_20', 'target_21', 'target_22', 'target_23', 'target_24', 'target_25', 'target_26', 'target_27', 'target_28', 'target_29', 'target_3', 'target_30', 'target_31', 'target_32', 'target_33', 'target_34', 'target_35', 'target_36', 'target_37', 'target_38', 'target_39', 'target_4', 'target_40', 'target_41', 'target_42', 'target_43', 'target_44', 'target_45', 'target_46', 'target_47', 'target_48', 'target_49', 'target_5', 'target_50', 'target_51', 'target_52', 'target_53', 'target_54', 'target_55', 'target_56', 'target_57', 'target_58', 'target_59', 'target_6', 'target_60', 'target_61', 'target_62', 'target_63', 'target_64', 'target_65', 'target_66', 'target_67', 'target_68', 'target_69', 'target_7', 'target_70', 'target_71', 'target_72', 'target_73', 'target_74', 'target_75', 'target_76', 'target_77', 'target_78', 'target_79', 'target_8', 'target_80', 'target_81', 'target_82', 'target_83', 'target_84', 'target_85', 'target_86', 'target_87', 'target_88', 'target_89', 'target_9', 'target_90', 'target_91', 'target_92', 'target_93', 'target_94', 'target_95', 'target_96', 'target_97', 'target_98', 'target_99']",,[],[],[],boomlet_2187,0.6990546247,0,2.056657879,2000,8afbba40b02d520a,False,0.9.0,0.6990546247,0.7939046721,0.2602692843,0.2273386278,"{""model_path"": ""Datadog/Toto-2.0-22m"", ""batch_size"": 512}",357bc23
Toto-2.0-22m,toto-2.0,autogluon/fev_datasets,boomlet_285,60,20,-1200,60,1,,1440,SQL,"['MASE', {'name': 'WAPE', 'epsilon': 1.0}, {'name': 'WQL', 'epsilon': 1.0}]","[0.1, 0.2, 0.3, 0.4, 0.5, 0.6, 0.7, 0.8, 0.9]",id,timestamp,"['target_0', 'target_1', 'target_10', 'target_11', 'target_12', 'target_13', 'target_14', 'target_15', 'target_16', 'target_17', 'target_18', 'target_19', 'target_2', 'target_20', 'target_21', 'target_22', 'target_23', 'target_24', 'target_25', 'target_26', 'target_27', 'target_28', 'target_29', 'target_3', 'target_30', 'target_31', 'target_32', 'target_33', 'target_34', 'target_35', 'target_36', 'target_37', 'target_38', 'target_39', 'target_4', 'target_40', 'target_41', 'target_42', 'target_43', 'target_44', 'target_45', 'target_46', 'target_47', 'target_48', 'target_49', 'target_5', 'target_50', 'target_51', 'target_52', 'target_53', 'target_54', 'target_55', 'target_56', 'target_57', 'target_58', 'target_59', 'target_6', 'target_60', 'target_61', 'target_62', 'target_63', 'target_64', 'target_65', 'target_66', 'target_67', 'target_68', 'target_69', 'target_7', 'target_70', 'target_71', 'target_72', 'target_73', 'target_74', 'target_8', 'target_9']",,[],[],[],boomlet_285,0.280219851,0,1.697491129,1500,b08e8ba2a228e2e5,False,0.9.0,0.280219851,0.3389889824,0.1573398691,0.1298710644,"{""model_path"": ""Datadog/Toto-2.0-22m"", ""batch_size"": 512}",357bc23
Toto-2.0-22m,toto-2.0,autogluon/fev_datasets,boomlet_619,60,20,-1200,60,1,,1440,SQL,"['MASE', {'name': 'WAPE', 'epsilon': 1.0}, {'name': 'WQL', 'epsilon': 1.0}]","[0.1, 0.2, 0.3, 0.4, 0.5, 0.6, 0.7, 0.8, 0.9]",id,timestamp,"['target_0', 'target_1', 'target_10', 'target_11', 'target_12', 'target_13', 'target_14', 'target_15', 'target_16', 'target_17', 'target_18', 'target_19', 'target_2', 'target_20', 'target_21', 'target_22', 'target_23', 'target_24', 'target_25', 'target_26', 'target_27', 'target_28', 'target_29', 'target_3', 'target_30', 'target_31', 'target_32', 'target_33', 'target_34', 'target_35', 'target_36', 'target_37', 'target_38', 'target_39', 'target_4', 'target_40', 'target_41', 'target_42', 'target_43', 'target_44', 'target_45', 'target_46', 'target_47', 'target_48', 'target_49', 'target_5', 'target_50', 'target_51', 'target_6', 'target_7', 'target_8', 'target_9']",,[],[],[],boomlet_619,0.2986340787,0,1.338809729,1040,a20d9d612ea2e091,False,0.9.0,0.2986340787,0.3916098008,0.2686271378,0.2060479072,"{""model_path"": ""Datadog/Toto-2.0-22m"", ""batch_size"": 512}",357bc23
Toto-2.0-22m,toto-2.0,autogluon/fev_datasets,boomlet_772,60,20,-1200,60,1,,1440,SQL,"['MASE', {'name': 'WAPE', 'epsilon': 1.0}, {'name': 'WQL', 'epsilon': 1.0}]","[0.1, 0.2, 0.3, 0.4, 0.5, 0.6, 0.7, 0.8, 0.9]",id,timestamp,"['target_0', 'target_1', 'target_10', 'target_11', 'target_12', 'target_13', 'target_14', 'target_15', 'target_16', 'target_17', 'target_18', 'target_19', 'target_2', 'target_20', 'target_21', 'target_22', 'target_23', 'target_24', 'target_25', 'target_26', 'target_27', 'target_28', 'target_29', 'target_3', 'target_30', 'target_31', 'target_32', 'target_33', 'target_34', 'target_35', 'target_36', 'target_37', 'target_38', 'target_39', 'target_4', 'target_40', 'target_41', 'target_42', 'target_43', 'target_44', 'target_45', 'target_46', 'target_47', 'target_48', 'target_49', 'target_5', 'target_50', 'target_51', 'target_52', 'target_53', 'target_54', 'target_55', 'target_56', 'target_57', 'target_58', 'target_59', 'target_6', 'target_60', 'target_61', 'target_62', 'target_63', 'target_64', 'target_65', 'target_66', 'target_7', 'target_8', 'target_9']",,[],[],[],boomlet_772,0.2761029446,0,1.58448932,1340,65e5cc1b1b902449,False,0.9.0,0.2761029446,0.3239342816,0.1523247081,0.12852107,"{""model_path"": ""Datadog/Toto-2.0-22m"", ""batch_size"": 512}",357bc23
Toto-2.0-22m,toto-2.0,autogluon/fev_datasets,boomlet_963,60,20,-1200,60,1,,1440,SQL,"['MASE', {'name': 'WAPE', 'epsilon': 1.0}, {'name': 'WQL', 'epsilon': 1.0}]","[0.1, 0.2, 0.3, 0.4, 0.5, 0.6, 0.7, 0.8, 0.9]",id,timestamp,"['target_0', 'target_1', 'target_10', 'target_11', 'target_12', 'target_13', 'target_14', 'target_15', 'target_16', 'target_17', 'target_18', 'target_19', 'target_2', 'target_20', 'target_21', 'target_22', 'target_23', 'target_24', 'target_25', 'target_26', 'target_27', 'target_3', 'target_4', 'target_5', 'target_6', 'target_7', 'target_8', 'target_9']",,[],[],[],boomlet_963,0.7140251293000001,0,0.997531091,560,45e417d57b7c8664,False,0.9.0,0.7140251293000001,0.8306712701000001,0.375685391,0.3113023917,"{""model_path"": ""Datadog/Toto-2.0-22m"", ""batch_size"": 512}",357bc23
Toto-2.0-22m,toto-2.0,autogluon/fev_datasets,ecdc_ili,13,10,-130,13,1,,1,SQL,"['MASE', {'name': 'WAPE', 'epsilon': 1.0}, {'name': 'WQL', 'epsilon': 1.0}]","[0.1, 0.2, 0.3, 0.4, 0.5, 0.6, 0.7, 0.8, 0.9]",id,timestamp,target,,[],[],[],ecdc_ili,2.4510300395,0,0.721451617,240,e72cf15c97fc1dd6,False,0.9.0,2.4510300395,2.9480610447,0.429471832,0.370964991,"{""model_path"": ""Datadog/Toto-2.0-22m"", ""batch_size"": 512}",357bc23
Toto-2.0-22m,toto-2.0,autogluon/fev_datasets,entsoe_15T,96,20,-1920,96,1,,96,SQL,"['MASE', {'name': 'WAPE', 'epsilon': 1.0}, {'name': 'WQL', 'epsilon': 1.0}]","[0.1, 0.2, 0.3, 0.4, 0.5, 0.6, 0.7, 0.8, 0.9]",id,timestamp,target,,"['radiation_diffuse_horizontal', 'radiation_direct_horizontal', 'temperature']",[],[],entsoe_15T,0.5055777775,0,2.221472156,120,762c7ee326587aa2,False,0.9.0,0.5055777775,0.6201839279,0.0451831162,0.037019735,"{""model_path"": ""Datadog/Toto-2.0-22m"", ""batch_size"": 512}",357bc23
Toto-2.0-22m,toto-2.0,autogluon/fev_datasets,entsoe_1H,168,20,-3360,168,1,,24,SQL,"['MASE', {'name': 'WAPE', 'epsilon': 1.0}, {'name': 'WQL', 'epsilon': 1.0}]","[0.1, 0.2, 0.3, 0.4, 0.5, 0.6, 0.7, 0.8, 0.9]",id,timestamp,target,,"['radiation_diffuse_horizontal', 'radiation_direct_horizontal', 'temperature']",[],[],entsoe_1H,0.4447538881,0,1.274887728,120,aff93292e497726b,False,0.9.0,0.4447538881,0.5546733890000001,0.0325106984,0.0265039239,"{""model_path"": ""Datadog/Toto-2.0-22m"", ""batch_size"": 512}",357bc23
Toto-2.0-22m,toto-2.0,autogluon/fev_datasets,entsoe_30T,96,20,-1920,96,1,,48,SQL,"['MASE', {'name': 'WAPE', 'epsilon': 1.0}, {'name': 'WQL', 'epsilon': 1.0}]","[0.1, 0.2, 0.3, 0.4, 0.5, 0.6, 0.7, 0.8, 0.9]",id,timestamp,target,,"['radiation_diffuse_horizontal', 'radiation_direct_horizontal', 'temperature']",[],[],entsoe_30T,0.4395821765,0,1.5946018940000002,120,0416fc7d5fcf96e2,False,0.9.0,0.4395821765,0.5513736822,0.0314183275,0.025097932,"{""model_path"": ""Datadog/Toto-2.0-22m"", ""batch_size"": 512}",357bc23
Toto-2.0-22m,toto-2.0,autogluon/fev_datasets,epf_be,24,20,-480,24,1,,24,SQL,"['MASE', {'name': 'WAPE', 'epsilon': 1.0}, {'name': 'WQL', 'epsilon': 1.0}]","[0.1, 0.2, 0.3, 0.4, 0.5, 0.6, 0.7, 0.8, 0.9]",id,timestamp,target,,"['Generation forecast', 'System load forecast']",[],[],epf_be,0.5416327571,0,0.994025164,20,eacac43cdbd837ec,False,0.9.0,0.5416327571,0.6826692584,0.1273098184,0.1006279492,"{""model_path"": ""Datadog/Toto-2.0-22m"", ""batch_size"": 512}",357bc23
Toto-2.0-22m,toto-2.0,autogluon/fev_datasets,epf_de,24,20,-480,24,1,,24,SQL,"['MASE', {'name': 'WAPE', 'epsilon': 1.0}, {'name': 'WQL', 'epsilon': 1.0}]","[0.1, 0.2, 0.3, 0.4, 0.5, 0.6, 0.7, 0.8, 0.9]",id,timestamp,target,,"['Ampirion Load Forecast', 'PV+Wind Forecast']",[],[],epf_de,1.0304676086,0,0.997874855,20,ad020fd54ab7078f,False,0.9.0,1.0304676086,1.2518412727,0.5396161448,0.4684737795,"{""model_path"": ""Datadog/Toto-2.0-22m"", ""batch_size"": 512}",357bc23
Toto-2.0-22m,toto-2.0,autogluon/fev_datasets,epf_fr,24,20,-480,24,1,,24,SQL,"['MASE', {'name': 'WAPE', 'epsilon': 1.0}, {'name': 'WQL', 'epsilon': 1.0}]","[0.1, 0.2, 0.3, 0.4, 0.5, 0.6, 0.7, 0.8, 0.9]",id,timestamp,target,,"['Generation forecast', 'System load forecast']",[],[],epf_fr,0.4353276464,0,0.976559877,20,dfce2cfc9cbcf380,False,0.9.0,0.4353276464,0.5358316805000001,0.0851043823,0.0693790181,"{""model_path"": ""Datadog/Toto-2.0-22m"", ""batch_size"": 512}",357bc23
Toto-2.0-22m,toto-2.0,autogluon/fev_datasets,epf_np,24,20,-480,24,1,,24,SQL,"['MASE', {'name': 'WAPE', 'epsilon': 1.0}, {'name': 'WQL', 'epsilon': 1.0}]","[0.1, 0.2, 0.3, 0.4, 0.5, 0.6, 0.7, 0.8, 0.9]",id,timestamp,target,,"['Grid load forecast', 'Wind power forecast']",[],[],epf_np,0.9821055904,0,0.983790403,20,0a17a2edca8b0670,False,0.9.0,0.9821055904,1.2300520468,0.0556997585,0.044517994,"{""model_path"": ""Datadog/Toto-2.0-22m"", ""batch_size"": 512}",357bc23
Toto-2.0-22m,toto-2.0,autogluon/fev_datasets,epf_pjm,24,20,-480,24,1,,24,SQL,"['MASE', {'name': 'WAPE', 'epsilon': 1.0}, {'name': 'WQL', 'epsilon': 1.0}]","[0.1, 0.2, 0.3, 0.4, 0.5, 0.6, 0.7, 0.8, 0.9]",id,timestamp,target,,"['System load forecast', 'Zonal COMED load foecast']",[],[],epf_pjm,0.4214118509,0,0.976996251,20,6752d1881d4327d6,False,0.9.0,0.4214118509,0.5305707284,0.0943006606,0.0749215636,"{""model_path"": ""Datadog/Toto-2.0-22m"", ""batch_size"": 512}",357bc23
Toto-2.0-22m,toto-2.0,autogluon/fev_datasets,ercot_1D,28,20,-560,28,1,,7,SQL,"['MASE', {'name': 'WAPE', 'epsilon': 1.0}, {'name': 'WQL', 'epsilon': 1.0}]","[0.1, 0.2, 0.3, 0.4, 0.5, 0.6, 0.7, 0.8, 0.9]",id,timestamp,target,,[],[],[],ercot_1D,0.8660805833,0,1.016171755,160,60f5c61c335ca94b,False,0.9.0,0.8660805833,1.1535828877,0.0796014942,0.0608222803,"{""model_path"": ""Datadog/Toto-2.0-22m"", ""batch_size"": 512}",357bc23
Toto-2.0-22m,toto-2.0,autogluon/fev_datasets,ercot_1H,168,20,-3360,168,1,,24,SQL,"['MASE', {'name': 'WAPE', 'epsilon': 1.0}, {'name': 'WQL', 'epsilon': 1.0}]","[0.1, 0.2, 0.3, 0.4, 0.5, 0.6, 0.7, 0.8, 0.9]",id,timestamp,target,,[],[],[],ercot_1H,1.1001127974,0,2.323658522,160,9dac00f9725bae76,False,0.9.0,1.1001127974,1.4117552424,0.0724032038,0.0561599381,"{""model_path"": ""Datadog/Toto-2.0-22m"", ""batch_size"": 512}",357bc23
Toto-2.0-22m,toto-2.0,autogluon/fev_datasets,ercot_1M,12,15,-180,12,1,,12,SQL,"['MASE', {'name': 'WAPE', 'epsilon': 1.0}, {'name': 'WQL', 'epsilon': 1.0}]","[0.1, 0.2, 0.3, 0.4, 0.5, 0.6, 0.7, 0.8, 0.9]",id,timestamp,target,,[],[],[],ercot_1M,0.7727935542000001,0,0.811906511,120,f718a7351f27a9ca,False,0.9.0,0.7727935542000001,0.9708948781,0.0486793381,0.0386906414,"{""model_path"": ""Datadog/Toto-2.0-22m"", ""batch_size"": 512}",357bc23
Toto-2.0-22m,toto-2.0,autogluon/fev_datasets,ercot_1W,13,20,-260,13,1,,1,SQL,"['MASE', {'name': 'WAPE', 'epsilon': 1.0}, {'name': 'WQL', 'epsilon': 1.0}]","[0.1, 0.2, 0.3, 0.4, 0.5, 0.6, 0.7, 0.8, 0.9]",id,timestamp,target,,[],[],[],ercot_1W,0.9803640377,0,0.977632381,160,b2fe1f0fe49551a1,False,0.9.0,0.9803640377,1.240747847,0.0587249383,0.0460305391,"{""model_path"": ""Datadog/Toto-2.0-22m"", ""batch_size"": 512}",357bc23
Toto-2.0-22m,toto-2.0,autogluon/fev_datasets,favorita_stores_1D,28,10,-280,28,1,,7,SQL,"['MASE', {'name': 'WAPE', 'epsilon': 1.0}, {'name': 'WQL', 'epsilon': 1.0}]","[0.1, 0.2, 0.3, 0.4, 0.5, 0.6, 0.7, 0.8, 0.9]",id,timestamp,sales,,"['holiday', 'onpromotion']",['oil_price'],"['city', 'cluster', 'family', 'state', 'store_nbr', 'type']",favorita_stores_1D,1.0011850261,0,31.95784667,15790,19461c7044524e5b,False,0.9.0,1.0011850261,1.2354348051,0.1603027881,0.1304018233,"{""model_path"": ""Datadog/Toto-2.0-22m"", ""batch_size"": 512}",357bc23
Toto-2.0-22m,toto-2.0,autogluon/fev_datasets,favorita_stores_1M,12,2,-24,12,1,,12,SQL,"['MASE', {'name': 'WAPE', 'epsilon': 1.0}, {'name': 'WQL', 'epsilon': 1.0}]","[0.1, 0.2, 0.3, 0.4, 0.5, 0.6, 0.7, 0.8, 0.9]",id,timestamp,sales,,['onpromotion'],['oil_price'],"['city', 'cluster', 'family', 'state', 'store_nbr', 'type']",favorita_stores_1M,1.8077841091,0,5.895746473,3158,84fb97f68dbadc4d,False,0.9.0,1.8077841091,1.9849134839,0.1405769813,0.1277282603,"{""model_path"": ""Datadog/Toto-2.0-22m"", ""batch_size"": 512}",357bc23
Toto-2.0-22m,toto-2.0,autogluon/fev_datasets,favorita_stores_1W,13,10,-130,13,1,,1,SQL,"['MASE', {'name': 'WAPE', 'epsilon': 1.0}, {'name': 'WQL', 'epsilon': 1.0}]","[0.1, 0.2, 0.3, 0.4, 0.5, 0.6, 0.7, 0.8, 0.9]",id,timestamp,sales,,['onpromotion'],['oil_price'],"['city', 'cluster', 'family', 'state', 'store_nbr', 'type']",favorita_stores_1W,2.0558505179,0,28.249069601,15790,209e5285efe3cc11,False,0.9.0,2.0558505179,2.4047551592,0.1319886036,0.1101220279,"{""model_path"": ""Datadog/Toto-2.0-22m"", ""batch_size"": 512}",357bc23
Toto-2.0-22m,toto-2.0,autogluon/fev_datasets,favorita_transactions_1D,28,10,-280,28,1,,7,SQL,"['MASE', {'name': 'WAPE', 'epsilon': 1.0}, {'name': 'WQL', 'epsilon': 1.0}]","[0.1, 0.2, 0.3, 0.4, 0.5, 0.6, 0.7, 0.8, 0.9]",id,timestamp,transactions,,['holiday'],['oil_price'],"['city', 'cluster', 'state', 'store_nbr', 'type']",favorita_transactions_1D,1.0712494281,0,1.654358926,510,39e8c1c4f2cbe086,False,0.9.0,1.0712494281,1.1727163782,0.0826301662,0.0690001943,"{""model_path"": ""Datadog/Toto-2.0-22m"", ""batch_size"": 512}",357bc23
Toto-2.0-22m,toto-2.0,autogluon/fev_datasets,favorita_transactions_1M,12,2,-24,12,1,,12,SQL,"['MASE', {'name': 'WAPE', 'epsilon': 1.0}, {'name': 'WQL', 'epsilon': 1.0}]","[0.1, 0.2, 0.3, 0.4, 0.5, 0.6, 0.7, 0.8, 0.9]",id,timestamp,transactions,,[],['oil_price'],"['city', 'cluster', 'state', 'store_nbr', 'type']",favorita_transactions_1M,1.1494598672,0,0.486912127,102,f2fdd1578e3fe1da,False,0.9.0,1.1494598672,1.3639966097,0.0814224618,0.0709101213,"{""model_path"": ""Datadog/Toto-2.0-22m"", ""batch_size"": 512}",357bc23
Toto-2.0-22m,toto-2.0,autogluon/fev_datasets,favorita_transactions_1W,13,10,-130,13,1,,1,SQL,"['MASE', {'name': 'WAPE', 'epsilon': 1.0}, {'name': 'WQL', 'epsilon': 1.0}]","[0.1, 0.2, 0.3, 0.4, 0.5, 0.6, 0.7, 0.8, 0.9]",id,timestamp,transactions,,[],['oil_price'],"['city', 'cluster', 'state', 'store_nbr', 'type']",favorita_transactions_1W,1.4613329187,0,1.153625567,510,297f1fca2bed5b06,False,0.9.0,1.4613329187,1.6801341964,0.0602192565,0.0511042722,"{""model_path"": ""Datadog/Toto-2.0-22m"", ""batch_size"": 512}",357bc23
Toto-2.0-22m,toto-2.0,autogluon/fev_datasets,fred_md_2025,12,20,-240,12,1,,1,SQL,"['MASE', {'name': 'WAPE', 'epsilon': 1.0}, {'name': 'WQL', 'epsilon': 1.0}]","[0.1, 0.2, 0.3, 0.4, 0.5, 0.6, 0.7, 0.8, 0.9]",id,timestamp,"['CPIAUCSL', 'FEDFUNDS', 'PAYEMS']",,[],"['M2REAL', 'NONBORRES', 'PPICMM', 'TOTRESNS']",[],fred_md_2025/cee,3.5530764112,0,0.946427267,60,6fd14b4ca30b94f0,False,0.9.0,3.5530764112,3.9665827387,0.0802872354,0.0650855324,"{""model_path"": ""Datadog/Toto-2.0-22m"", ""batch_size"": 512}",357bc23
Toto-2.0-22m,toto-2.0,autogluon/fev_datasets,fred_md_2025,12,20,-240,12,1,,1,SQL,"['MASE', {'name': 'WAPE', 'epsilon': 1.0}, {'name': 'WQL', 'epsilon': 1.0}]","[0.1, 0.2, 0.3, 0.4, 0.5, 0.6, 0.7, 0.8, 0.9]",id,timestamp,"['AAA', 'AWHMAN', 'BAA', 'BUSINVx', 'CPIAUCSL', 'CPIMEDSL', 'CUMFNS', 'DMANEMP', 'EXUSUKx', 'FEDFUNDS', 'GS1', 'GS10', 'GS5', 'HOUST', 'INDPRO', 'INVEST', 'IPBUSEQ', 'IPCONGD', 'IPDCONGD', 'IPDMAT', 'IPFINAL', 'IPMANSICS', 'IPMAT', 'IPNCONGD', 'IPNMAT', 'M2REAL', 'MANEMP', 'NDMANEMP', 'NONBORRES', 'PAYEMS', 'PERMIT', 'PPICMM', 'S&P 500', 'SRVPRD', 'TB3MS', 'TB6MS', 'TOTRESNS', 'UEMP15T26', 'UEMP27OV', 'UEMP5TO14', 'UEMPLT5', 'UEMPMEAN', 'UMCSENTx', 'UNRATE', 'USCONS', 'USFIRE', 'USGOOD', 'USGOVT', 'USTPU', 'USTRADE', 'VIXCLSx']",,[],[],[],fred_md_2025/macro,5.1661849842,0,1.293919777,1020,6fd14b4ca30b94f0,False,0.9.0,5.1661849842,6.021655579,0.0758627334,0.0624999144,"{""model_path"": ""Datadog/Toto-2.0-22m"", ""batch_size"": 512}",357bc23
Toto-2.0-22m,toto-2.0,autogluon/fev_datasets,fred_qd_2025,8,20,-160,8,1,,1,SQL,"['MASE', {'name': 'WAPE', 'epsilon': 1.0}, {'name': 'WQL', 'epsilon': 1.0}]","[0.1, 0.2, 0.3, 0.4, 0.5, 0.6, 0.7, 0.8, 0.9]",id,timestamp,"['CPIAUCSL', 'FEDFUNDS', 'PAYEMS']",,[],"['M2REAL', 'NONBORRES', 'PPICMM', 'TOTRESNS']",[],fred_qd_2025/cee,1.8110020468,0,0.933264676,60,4ca57ebf484d0702,False,0.9.0,1.8110020468,2.2053211634,0.152661422,0.1212280711,"{""model_path"": ""Datadog/Toto-2.0-22m"", ""batch_size"": 512}",357bc23
Toto-2.0-22m,toto-2.0,autogluon/fev_datasets,fred_qd_2025,8,20,-160,8,1,,1,SQL,"['MASE', {'name': 'WAPE', 'epsilon': 1.0}, {'name': 'WQL', 'epsilon': 1.0}]","[0.1, 0.2, 0.3, 0.4, 0.5, 0.6, 0.7, 0.8, 0.9]",id,timestamp,"['AAA', 'AWHMAN', 'BAA', 'BUSINVx', 'CPIAUCSL', 'CPIMEDSL', 'CUMFNS', 'DMANEMP', 'EXUSUKx', 'FEDFUNDS', 'GS1', 'GS10', 'GS5', 'HOUST', 'INDPRO', 'INVEST', 'IPBUSEQ', 'IPCONGD', 'IPDCONGD', 'IPDMAT', 'IPFINAL', 'IPMANSICS', 'IPMAT', 'IPNCONGD', 'IPNMAT', 'M2REAL', 'MANEMP', 'NDMANEMP', 'NONBORRES', 'PAYEMS', 'PERMIT', 'PPICMM', 'S&P 500', 'SRVPRD', 'TB3MS', 'TB6MS', 'TOTRESNS', 'UEMP15T26', 'UEMP27OV', 'UEMP5TO14', 'UEMPLT5', 'UEMPMEAN', 'UMCSENTx', 'UNRATE', 'USCONS', 'USFIRE', 'USGOOD', 'USGOVT', 'USTPU', 'USTRADE', 'VIXCLSx']",,[],[],[],fred_qd_2025/macro,3.3639434301,0,1.298158785,1020,4ca57ebf484d0702,False,0.9.0,3.3639434301,4.0304717642,0.1000970201,0.0823549396,"{""model_path"": ""Datadog/Toto-2.0-22m"", ""batch_size"": 512}",357bc23
Toto-2.0-22m,toto-2.0,autogluon/fev_datasets,gvar,8,10,-80,8,1,,4,SQL,"['MASE', {'name': 'WAPE', 'epsilon': 1.0}, {'name': 'WQL', 'epsilon': 1.0}]","[0.1, 0.2, 0.3, 0.4, 0.5, 0.6, 0.7, 0.8, 0.9]",id,timestamp,"['Dp', 'ep', 'eq', 'lr', 'r', 'y']",,[],"['pmat', 'pmetal', 'poil']",[],gvar,0.5586088046000001,0,2.196780055,1980,61766544be22840b,False,0.9.0,0.5586088046000001,0.6837591879,0.0178974614,0.0146511705,"{""model_path"": ""Datadog/Toto-2.0-22m"", ""batch_size"": 512}",357bc23
Toto-2.0-22m,toto-2.0,autogluon/fev_datasets,hermes,52,1,-52,52,1,,1,SQL,"['MASE', {'name': 'WAPE', 'epsilon': 1.0}, {'name': 'WQL', 'epsilon': 1.0}]","[0.1, 0.2, 0.3, 0.4, 0.5, 0.6, 0.7, 0.8, 0.9]",id,timestamp,target,,['external'],[],"['category', 'country']",hermes,0.6741658114,0,15.732367795,10000,107b852d349c8182,False,0.9.0,0.6741658114,0.8550402934,0.0031568631,0.0024907526,"{""model_path"": ""Datadog/Toto-2.0-22m"", ""batch_size"": 512}",357bc23
Toto-2.0-22m,toto-2.0,autogluon/fev_datasets,hierarchical_sales_1D,28,10,-280,28,1,,7,SQL,"['MASE', {'name': 'WAPE', 'epsilon': 1.0}, {'name': 'WQL', 'epsilon': 1.0}]","[0.1, 0.2, 0.3, 0.4, 0.5, 0.6, 0.7, 0.8, 0.9]",id,timestamp,target,,[],[],[],hierarchical_sales_1D,0.5553720088,0,2.079533,1180,77b3d008284e117b,False,0.9.0,0.5553720088,0.6909932359000001,0.7028477360000001,0.5704484356,"{""model_path"": ""Datadog/Toto-2.0-22m"", ""batch_size"": 512}",357bc23
Toto-2.0-22m,toto-2.0,autogluon/fev_datasets,hierarchical_sales_1W,13,10,-130,13,1,,1,SQL,"['MASE', {'name': 'WAPE', 'epsilon': 1.0}, {'name': 'WQL', 'epsilon': 1.0}]","[0.1, 0.2, 0.3, 0.4, 0.5, 0.6, 0.7, 0.8, 0.9]",id,timestamp,target,,[],[],[],hierarchical_sales_1W,0.6309678977000001,0,1.799603553,1180,2b2b335c105dabf3,False,0.9.0,0.6309678977000001,0.7710459945,0.4371998036,0.3712940507,"{""model_path"": ""Datadog/Toto-2.0-22m"", ""batch_size"": 512}",357bc23
Toto-2.0-22m,toto-2.0,autogluon/fev_datasets,hospital,12,4,-48,12,1,,12,SQL,"['MASE', {'name': 'WAPE', 'epsilon': 1.0}, {'name': 'WQL', 'epsilon': 1.0}]","[0.1, 0.2, 0.3, 0.4, 0.5, 0.6, 0.7, 0.8, 0.9]",id,timestamp,target,,[],[],[],hospital,0.6850518532000001,0,3.99279747,3068,188b4fce7bbf0ba7,False,0.9.0,0.6850518532000001,0.8692955815000001,0.0897854684,0.0720618303,"{""model_path"": ""Datadog/Toto-2.0-22m"", ""batch_size"": 512}",357bc23
Toto-2.0-22m,toto-2.0,autogluon/fev_datasets,hospital_admissions_1D,28,20,-560,28,1,,7,SQL,"['MASE', {'name': 'WAPE', 'epsilon': 1.0}, {'name': 'WQL', 'epsilon': 1.0}]","[0.1, 0.2, 0.3, 0.4, 0.5, 0.6, 0.7, 0.8, 0.9]",id,timestamp,target,,[],[],[],hospital_admissions_1D,0.5545977005,0,1.003014901,160,2a4e1183560f9bb2,False,0.9.0,0.5545977005,0.7174107913000001,0.5321823976,0.4113671478,"{""model_path"": ""Datadog/Toto-2.0-22m"", ""batch_size"": 512}",357bc23
Toto-2.0-22m,toto-2.0,autogluon/fev_datasets,hospital_admissions_1W,13,16,-208,13,1,,1,SQL,"['MASE', {'name': 'WAPE', 'epsilon': 1.0}, {'name': 'WQL', 'epsilon': 1.0}]","[0.1, 0.2, 0.3, 0.4, 0.5, 0.6, 0.7, 0.8, 0.9]",id,timestamp,target,,[],[],[],hospital_admissions_1W,0.578135881,0,0.855399329,128,5ac11b235b4614f4,False,0.9.0,0.578135881,0.7523353457,0.2119039432,0.1628616325,"{""model_path"": ""Datadog/Toto-2.0-22m"", ""batch_size"": 512}",357bc23
Toto-2.0-22m,toto-2.0,autogluon/fev_datasets,jena_weather_10T,144,20,-2880,144,1,,144,SQL,"['MASE', {'name': 'WAPE', 'epsilon': 1.0}, {'name': 'WQL', 'epsilon': 1.0}]","[0.1, 0.2, 0.3, 0.4, 0.5, 0.6, 0.7, 0.8, 0.9]",id,timestamp,"['target_0', 'target_1', 'target_10', 'target_11', 'target_12', 'target_13', 'target_14', 'target_15', 'target_16', 'target_17', 'target_18', 'target_19', 'target_2', 'target_20', 'target_3', 'target_4', 'target_5', 'target_6', 'target_7', 'target_8', 'target_9']",,[],[],[],jena_weather_10T,0.3521827767,0,1.142162133,420,25a5999066a34de5,False,0.9.0,0.3521827767,0.4296973578,0.2394360428,0.2058012416,"{""model_path"": ""Datadog/Toto-2.0-22m"", ""batch_size"": 512}",357bc23
Toto-2.0-22m,toto-2.0,autogluon/fev_datasets,jena_weather_1D,28,11,-308,28,1,,1,SQL,"['MASE', {'name': 'WAPE', 'epsilon': 1.0}, {'name': 'WQL', 'epsilon': 1.0}]","[0.1, 0.2, 0.3, 0.4, 0.5, 0.6, 0.7, 0.8, 0.9]",id,timestamp,"['target_0', 'target_1', 'target_10', 'target_11', 'target_12', 'target_13', 'target_14', 'target_15', 'target_16', 'target_17', 'target_18', 'target_19', 'target_2', 'target_20', 'target_3', 'target_4', 'target_5', 'target_6', 'target_7', 'target_8', 'target_9']",,[],[],[],jena_weather_1D,1.129349467,0,0.665455315,231,003626a54394cc81,False,0.9.0,1.129349467,1.4313472293,0.2841558883,0.2296760039,"{""model_path"": ""Datadog/Toto-2.0-22m"", ""batch_size"": 512}",357bc23
Toto-2.0-22m,toto-2.0,autogluon/fev_datasets,jena_weather_1H,24,20,-480,24,1,,24,SQL,"['MASE', {'name': 'WAPE', 'epsilon': 1.0}, {'name': 'WQL', 'epsilon': 1.0}]","[0.1, 0.2, 0.3, 0.4, 0.5, 0.6, 0.7, 0.8, 0.9]",id,timestamp,"['target_0', 'target_1', 'target_10', 'target_11', 'target_12', 'target_13', 'target_14', 'target_15', 'target_16', 'target_17', 'target_18', 'target_19', 'target_2', 'target_20', 'target_3', 'target_4', 'target_5', 'target_6', 'target_7', 'target_8', 'target_9']",,[],[],[],jena_weather_1H,0.3592740462,0,0.971492457,420,75bfd3b5994a5acf,False,0.9.0,0.3592740462,0.4426331909,0.2529699124,0.2150192859,"{""model_path"": ""Datadog/Toto-2.0-22m"", ""batch_size"": 512}",357bc23
Toto-2.0-22m,toto-2.0,autogluon/fev_datasets,kdd_cup_2022_10T,288,10,-2880,288,1,,144,SQL,"['MASE', {'name': 'WAPE', 'epsilon': 1.0}, {'name': 'WQL', 'epsilon': 1.0}]","[0.1, 0.2, 0.3, 0.4, 0.5, 0.6, 0.7, 0.8, 0.9]",id,timestamp,Patv,,[],"['Etmp', 'Itmp', 'Ndir', 'Pab1', 'Pab2', 'Pab3', 'Prtv', 'Wdir', 'Wspd']",[],kdd_cup_2022_10T,0.4368852356,0,5.204760212,1340,9b41e743d33077cd,False,0.9.0,0.4368852356,0.5438323687000001,1.6394006523,1.3449398697,"{""model_path"": ""Datadog/Toto-2.0-22m"", ""batch_size"": 512}",357bc23
Toto-2.0-22m,toto-2.0,autogluon/fev_datasets,kdd_cup_2022_1D,14,10,-140,14,1,,1,SQL,"['MASE', {'name': 'WAPE', 'epsilon': 1.0}, {'name': 'WQL', 'epsilon': 1.0}]","[0.1, 0.2, 0.3, 0.4, 0.5, 0.6, 0.7, 0.8, 0.9]",id,timestamp,Patv,,[],"['Etmp', 'Itmp', 'Ndir', 'Pab1', 'Pab2', 'Pab3', 'Prtv', 'Wdir', 'Wspd']",[],kdd_cup_2022_1D,0.6972014541,0,2.547422905,1340,53e3bfa3689aa2d7,False,0.9.0,0.6972014541,0.8954765100000001,0.7141805984,0.5539245901000001,"{""model_path"": ""Datadog/Toto-2.0-22m"", ""batch_size"": 512}",357bc23
Toto-2.0-22m,toto-2.0,autogluon/fev_datasets,kdd_cup_2022_30T,96,10,-960,96,1,,48,SQL,"['MASE', {'name': 'WAPE', 'epsilon': 1.0}, {'name': 'WQL', 'epsilon': 1.0}]","[0.1, 0.2, 0.3, 0.4, 0.5, 0.6, 0.7, 0.8, 0.9]",id,timestamp,Patv,,[],"['Etmp', 'Itmp', 'Ndir', 'Pab1', 'Pab2', 'Pab3', 'Prtv', 'Wdir', 'Wspd']",[],kdd_cup_2022_30T,0.4323781862,0,3.375472666,1340,f73b55a07564deaa,False,0.9.0,0.4323781862,0.5439977775,1.6558394604000002,1.3760568548,"{""model_path"": ""Datadog/Toto-2.0-22m"", ""batch_size"": 512}",357bc23
Toto-2.0-22m,toto-2.0,autogluon/fev_datasets,m5_1D,28,1,-28,28,1,,7,SQL,"['MASE', {'name': 'WAPE', 'epsilon': 1.0}, {'name': 'WQL', 'epsilon': 1.0}]","[0.1, 0.2, 0.3, 0.4, 0.5, 0.6, 0.7, 0.8, 0.9]",id,timestamp,target,,"['event_Cultural', 'event_National', 'event_Religious', 'event_Sporting', 'sell_price', 'snap_CA', 'snap_TX', 'snap_WI']",[],"['cat_id', 'dept_id', 'item_id', 'state_id', 'store_id']",m5_1D,0.7101053234,0,52.831014751,30490,a5408e93540ec5c9,False,0.9.0,0.7101053234,0.8700025566,0.6978408809000001,0.5493187376,"{""model_path"": ""Datadog/Toto-2.0-22m"", ""batch_size"": 512}",357bc23
Toto-2.0-22m,toto-2.0,autogluon/fev_datasets,m5_1M,12,1,-12,12,6,,12,SQL,"['MASE', {'name': 'WAPE', 'epsilon': 1.0}, {'name': 'WQL', 'epsilon': 1.0}]","[0.1, 0.2, 0.3, 0.4, 0.5, 0.6, 0.7, 0.8, 0.9]",id,timestamp,target,,"['event_Cultural', 'event_National', 'event_Religious', 'event_Sporting', 'sell_price', 'snap_CA', 'snap_TX', 'snap_WI']",[],"['cat_id', 'dept_id', 'item_id', 'state_id', 'store_id']",m5_1M,0.9921575147,0,45.696653787,29364,b562dee8546ce598,False,0.9.0,0.9921575147,1.1705038773,0.433231795,0.3479056364,"{""model_path"": ""Datadog/Toto-2.0-22m"", ""batch_size"": 512}",357bc23
Toto-2.0-22m,toto-2.0,autogluon/fev_datasets,m5_1W,13,1,-13,13,1,,1,SQL,"['MASE', {'name': 'WAPE', 'epsilon': 1.0}, {'name': 'WQL', 'epsilon': 1.0}]","[0.1, 0.2, 0.3, 0.4, 0.5, 0.6, 0.7, 0.8, 0.9]",id,timestamp,target,,"['event_Cultural', 'event_National', 'event_Religious', 'event_Sporting', 'sell_price', 'snap_CA', 'snap_TX', 'snap_WI']",[],"['cat_id', 'dept_id', 'item_id', 'state_id', 'store_id']",m5_1W,0.89877054,0,48.234653665,30490,0c7d59ea6d50dbdf,False,0.9.0,0.89877054,1.1312936077,0.4236058496,0.3339785495,"{""model_path"": ""Datadog/Toto-2.0-22m"", ""batch_size"": 512}",357bc23
Toto-2.0-22m,toto-2.0,autogluon/fev_datasets,proenfo_gfc12,168,10,-1680,168,1,,24,SQL,"['MASE', {'name': 'WAPE', 'epsilon': 1.0}, {'name': 'WQL', 'epsilon': 1.0}]","[0.1, 0.2, 0.3, 0.4, 0.5, 0.6, 0.7, 0.8, 0.9]",id,timestamp,target,,['airtemperature'],[],[],proenfo_gfc12,0.880628559,0,0.920971024,110,b9d66f77d6db1337,False,0.9.0,0.880628559,1.0802707824,0.0922328972,0.0751443412,"{""model_path"": ""Datadog/Toto-2.0-22m"", ""batch_size"": 512}",357bc23
Toto-2.0-22m,toto-2.0,autogluon/fev_datasets,proenfo_gfc14,168,20,-3360,168,1,,24,SQL,"['MASE', {'name': 'WAPE', 'epsilon': 1.0}, {'name': 'WQL', 'epsilon': 1.0}]","[0.1, 0.2, 0.3, 0.4, 0.5, 0.6, 0.7, 0.8, 0.9]",id,timestamp,target,,['airtemperature'],[],[],proenfo_gfc14,0.7100394417,0,0.946225271,20,a2f90b2f1ba52e38,False,0.9.0,0.7100394417,0.8890321009000001,0.04333303,0.0346144869,"{""model_path"": ""Datadog/Toto-2.0-22m"", ""batch_size"": 512}",357bc23
Toto-2.0-22m,toto-2.0,autogluon/fev_datasets,proenfo_gfc17,168,20,-3360,168,1,,24,SQL,"['MASE', {'name': 'WAPE', 'epsilon': 1.0}, {'name': 'WQL', 'epsilon': 1.0}]","[0.1, 0.2, 0.3, 0.4, 0.5, 0.6, 0.7, 0.8, 0.9]",id,timestamp,target,,['airtemperature'],[],[],proenfo_gfc17,0.8651703039,0,1.156026846,160,eba07ba0bb45e5dc,False,0.9.0,0.8651703039,1.1100847503,0.0749119102,0.0582943263,"{""model_path"": ""Datadog/Toto-2.0-22m"", ""batch_size"": 512}",357bc23
Toto-2.0-22m,toto-2.0,autogluon/fev_datasets,redset_15T,96,10,-960,96,1,,96,SQL,"['MASE', {'name': 'WAPE', 'epsilon': 1.0}, {'name': 'WQL', 'epsilon': 1.0}]","[0.1, 0.2, 0.3, 0.4, 0.5, 0.6, 0.7, 0.8, 0.9]",id,timestamp,target,,[],[],['subset'],redset_15T,0.8138408035,0,2.412667397,1260,49fdfb78f00880f9,False,0.9.0,0.8138408035,0.9673386936,0.290728309,0.237406876,"{""model_path"": ""Datadog/Toto-2.0-22m"", ""batch_size"": 512}",357bc23
Toto-2.0-22m,toto-2.0,autogluon/fev_datasets,redset_1H,24,10,-240,24,1,,24,SQL,"['MASE', {'name': 'WAPE', 'epsilon': 1.0}, {'name': 'WQL', 'epsilon': 1.0}]","[0.1, 0.2, 0.3, 0.4, 0.5, 0.6, 0.7, 0.8, 0.9]",id,timestamp,target,,[],[],['subset'],redset_1H,1.320261017,0,2.554871999,1380,f7cbb47cb5f76ea7,False,0.9.0,1.320261017,1.4587178019,0.2096151434,0.1793620686,"{""model_path"": ""Datadog/Toto-2.0-22m"", ""batch_size"": 512}",357bc23
Toto-2.0-22m,toto-2.0,autogluon/fev_datasets,redset_5T,288,10,-2880,288,1,,288,SQL,"['MASE', {'name': 'WAPE', 'epsilon': 1.0}, {'name': 'WQL', 'epsilon': 1.0}]","[0.1, 0.2, 0.3, 0.4, 0.5, 0.6, 0.7, 0.8, 0.9]",id,timestamp,target,,[],[],['subset'],redset_5T,0.6393017889,0,3.181159294,1180,b9a12aeba2af7192,False,0.9.0,0.6393017889,0.7609255276,0.3185551639,0.2607775031,"{""model_path"": ""Datadog/Toto-2.0-22m"", ""batch_size"": 512}",357bc23
Toto-2.0-22m,toto-2.0,autogluon/fev_datasets,restaurant,28,8,-224,28,1,,7,SQL,"['MASE', {'name': 'WAPE', 'epsilon': 1.0}, {'name': 'WQL', 'epsilon': 1.0}]","[0.1, 0.2, 0.3, 0.4, 0.5, 0.6, 0.7, 0.8, 0.9]",id,timestamp,target,,[],[],"['air_area_name', 'air_genre_name', 'latitude', 'longitude']",restaurant,0.7703560352000001,0,9.083721241,6502,5af240c09db342cf,False,0.9.0,0.7703560352000001,0.9897720074,0.3711203038,0.2920942716,"{""model_path"": ""Datadog/Toto-2.0-22m"", ""batch_size"": 512}",357bc23
Toto-2.0-22m,toto-2.0,autogluon/fev_datasets,rohlik_orders_1D,61,5,2023-05-01T00:00:00,61,1,,7,SQL,"['MASE', {'name': 'WAPE', 'epsilon': 1.0}, {'name': 'WQL', 'epsilon': 1.0}]","[0.1, 0.2, 0.3, 0.4, 0.5, 0.6, 0.7, 0.8, 0.9]",id,timestamp,orders,,"['holiday', 'school_holidays', 'shops_closed', 'winter_school_holidays']","['blackout', 'frankfurt_shutdown', 'mini_shutdown', 'mov_change', 'precipitation', 'shutdown', 'snow', 'user_activity_1', 'user_activity_2']",[],rohlik_orders_1D,1.1692702801,0,0.52398965,35,743d7d85eea679ed,False,0.9.0,1.1692702801,1.4584155621,0.066612091,0.0535962101,"{""model_path"": ""Datadog/Toto-2.0-22m"", ""batch_size"": 512}",357bc23
Toto-2.0-22m,toto-2.0,autogluon/fev_datasets,rohlik_orders_1W,8,5,2023-05-01T00:00:00,8,1,,1,SQL,"['MASE', {'name': 'WAPE', 'epsilon': 1.0}, {'name': 'WQL', 'epsilon': 1.0}]","[0.1, 0.2, 0.3, 0.4, 0.5, 0.6, 0.7, 0.8, 0.9]",id,timestamp,orders,,"['holiday', 'school_holidays', 'shops_closed', 'winter_school_holidays']","['blackout', 'frankfurt_shutdown', 'mini_shutdown', 'mov_change', 'precipitation', 'shutdown', 'snow', 'user_activity_1', 'user_activity_2']",[],rohlik_orders_1W,1.40148047,0,0.516725118,35,18a03d658590ecd3,False,0.9.0,1.40148047,1.7074815426,0.056230612,0.0460703459,"{""model_path"": ""Datadog/Toto-2.0-22m"", ""batch_size"": 512}",357bc23
Toto-2.0-22m,toto-2.0,autogluon/fev_datasets,rohlik_sales_1D,14,1,2023-12-15T00:00:00,14,14,,7,SQL,"['MASE', {'name': 'WAPE', 'epsilon': 1.0}, {'name': 'WQL', 'epsilon': 1.0}]","[0.1, 0.2, 0.3, 0.4, 0.5, 0.6, 0.7, 0.8, 0.9]",id,timestamp,sales,,"['holiday', 'school_holidays', 'sell_price_main', 'shops_closed', 'total_orders', 'type_0_discount', 'type_1_discount', 'type_2_discount', 'type_3_discount', 'type_4_discount', 'type_5_discount', 'type_6_discount', 'winter_school_holidays']",['availability'],"['L1_category_name_en', 'L2_category_name_en', 'L3_category_name_en', 'L4_category_name_en', 'name', 'product_unique_id', 'warehouse']",rohlik_sales_1D,1.2157829822,0,9.014184715,4116,bdd7a282f9fc98e5,False,0.9.0,1.2157829822,1.4467593383,0.3963773029,0.3349647247,"{""model_path"": ""Datadog/Toto-2.0-22m"", ""batch_size"": 512}",357bc23
Toto-2.0-22m,toto-2.0,autogluon/fev_datasets,rohlik_sales_1W,8,1,2023-12-15T00:00:00,8,8,,1,SQL,"['MASE', {'name': 'WAPE', 'epsilon': 1.0}, {'name': 'WQL', 'epsilon': 1.0}]","[0.1, 0.2, 0.3, 0.4, 0.5, 0.6, 0.7, 0.8, 0.9]",id,timestamp,sales,,"['holiday', 'school_holidays', 'sell_price_main', 'shops_closed', 'total_orders', 'type_0_discount', 'type_1_discount', 'type_2_discount', 'type_3_discount', 'type_4_discount', 'type_5_discount', 'type_6_discount', 'winter_school_holidays']",['availability'],"['L1_category_name_en', 'L2_category_name_en', 'L3_category_name_en', 'L4_category_name_en', 'name', 'product_unique_id', 'warehouse']",rohlik_sales_1W,1.5727170773,0,7.362945439,3942,a1817f8223c08fb5,False,0.9.0,1.5727170773,1.8763516468,0.2851454086,0.2374216511,"{""model_path"": ""Datadog/Toto-2.0-22m"", ""batch_size"": 512}",357bc23
Toto-2.0-22m,toto-2.0,autogluon/fev_datasets,rossmann_1D,48,10,-480,48,1,,7,SQL,"['MASE', {'name': 'WAPE', 'epsilon': 1.0}, {'name': 'WQL', 'epsilon': 1.0}]","[0.1, 0.2, 0.3, 0.4, 0.5, 0.6, 0.7, 0.8, 0.9]",id,timestamp,Sales,,"['DayOfWeek', 'Open', 'Promo', 'SchoolHoliday', 'StateHoliday']",['Customers'],"['Assortment', 'CompetitionDistance', 'CompetitionOpenSinceMonth', 'CompetitionOpenSinceYear', 'Promo2', 'Promo2SinceWeek', 'Promo2SinceYear', 'PromoInterval', 'Store', 'StoreType']",rossmann_1D,0.5297763587000001,0,22.474592529,11150,8441c9ccbe2ff4d1,False,0.9.0,0.5297763587000001,0.6423766826,0.2190897824,0.1804052727,"{""model_path"": ""Datadog/Toto-2.0-22m"", ""batch_size"": 512}",357bc23
Toto-2.0-22m,toto-2.0,autogluon/fev_datasets,rossmann_1W,13,8,-104,13,1,,1,SQL,"['MASE', {'name': 'WAPE', 'epsilon': 1.0}, {'name': 'WQL', 'epsilon': 1.0}]","[0.1, 0.2, 0.3, 0.4, 0.5, 0.6, 0.7, 0.8, 0.9]",id,timestamp,Sales,,"['Open', 'Promo', 'SchoolHoliday', 'StateHoliday']",['Customers'],"['Assortment', 'CompetitionDistance', 'CompetitionOpenSinceMonth', 'CompetitionOpenSinceYear', 'Promo2', 'Promo2SinceWeek', 'Promo2SinceYear', 'PromoInterval', 'Store', 'StoreType']",rossmann_1W,0.4987686782,0,17.057959311,8920,e18c12f0c75cf8c0,False,0.9.0,0.4987686782,0.6460452534000001,0.1776477702,0.1359702522,"{""model_path"": ""Datadog/Toto-2.0-22m"", ""batch_size"": 512}",357bc23
Toto-2.0-22m,toto-2.0,autogluon/fev_datasets,solar_1D,28,10,-280,28,1,,1,SQL,"['MASE', {'name': 'WAPE', 'epsilon': 1.0}, {'name': 'WQL', 'epsilon': 1.0}]","[0.1, 0.2, 0.3, 0.4, 0.5, 0.6, 0.7, 0.8, 0.9]",id,timestamp,target,,[],[],[],solar_1D,0.6175156859,0,2.066856579,1370,61a16072f577b902,False,0.9.0,0.6175156859,0.7893618688,0.2485404078,0.1939100736,"{""model_path"": ""Datadog/Toto-2.0-22m"", ""batch_size"": 512}",357bc23
Toto-2.0-22m,toto-2.0,autogluon/fev_datasets,solar_1W,13,1,-13,13,1,,1,SQL,"['MASE', {'name': 'WAPE', 'epsilon': 1.0}, {'name': 'WQL', 'epsilon': 1.0}]","[0.1, 0.2, 0.3, 0.4, 0.5, 0.6, 0.7, 0.8, 0.9]",id,timestamp,target,,[],[],[],solar_1W,1.2648448129,0,0.478470087,137,b957c1ccfd8bdefc,False,0.9.0,1.2648448129,1.7044368376,0.2853983081,0.2119188222,"{""model_path"": ""Datadog/Toto-2.0-22m"", ""batch_size"": 512}",357bc23
Toto-2.0-22m,toto-2.0,autogluon/fev_datasets,solar_with_weather_15T,96,20,-1920,96,1,,96,SQL,"['MASE', {'name': 'WAPE', 'epsilon': 1.0}, {'name': 'WQL', 'epsilon': 1.0}]","[0.1, 0.2, 0.3, 0.4, 0.5, 0.6, 0.7, 0.8, 0.9]",id,timestamp,target,,"['day_length', 'humidity', 'pressure', 'rain_1h', 'snow_1h', 'temp', 'wind_speed']","['clouds_all', 'global_horizontal_irradiance']",[],solar_with_weather_15T,0.8157816532000001,0,1.237203972,20,52351e76b7090ab1,False,0.9.0,0.8157816532000001,1.0750742389,1.0874356688,0.8613928953000001,"{""model_path"": ""Datadog/Toto-2.0-22m"", ""batch_size"": 512}",357bc23
Toto-2.0-22m,toto-2.0,autogluon/fev_datasets,solar_with_weather_1H,24,20,-480,24,1,,24,SQL,"['MASE', {'name': 'WAPE', 'epsilon': 1.0}, {'name': 'WQL', 'epsilon': 1.0}]","[0.1, 0.2, 0.3, 0.4, 0.5, 0.6, 0.7, 0.8, 0.9]",id,timestamp,target,,"['day_length', 'humidity', 'pressure', 'rain_1h', 'snow_1h', 'temp', 'wind_speed']","['clouds_all', 'global_horizontal_irradiance']",[],solar_with_weather_1H,0.8746813342,0,1.016863949,20,4a140710760f779a,False,0.9.0,0.8746813342,1.1325661008,1.2288506357,0.9715098564,"{""model_path"": ""Datadog/Toto-2.0-22m"", ""batch_size"": 512}",357bc23
Toto-2.0-22m,toto-2.0,autogluon/fev_datasets,uci_air_quality_1D,28,11,-308,28,1,,7,SQL,"['MASE', {'name': 'WAPE', 'epsilon': 1.0}, {'name': 'WQL', 'epsilon': 1.0}]","[0.1, 0.2, 0.3, 0.4, 0.5, 0.6, 0.7, 0.8, 0.9]",id,timestamp,"['C6H6(GT)', 'CO(GT)', 'NO2(GT)', 'NOx(GT)']",,"['AH', 'RH', 'T']",[],[],uci_air_quality_1D,1.2810571706,0,0.653684582,44,0d2ba39e4e4ce5f4,False,0.9.0,1.2810571706,1.5492951561,0.3157957638,0.2584251747,"{""model_path"": ""Datadog/Toto-2.0-22m"", ""batch_size"": 512}",357bc23
Toto-2.0-22m,toto-2.0,autogluon/fev_datasets,uci_air_quality_1H,168,20,-3360,168,1,,24,SQL,"['MASE', {'name': 'WAPE', 'epsilon': 1.0}, {'name': 'WQL', 'epsilon': 1.0}]","[0.1, 0.2, 0.3, 0.4, 0.5, 0.6, 0.7, 0.8, 0.9]",id,timestamp,"['C6H6(GT)', 'CO(GT)', 'NO2(GT)', 'NOx(GT)']",,"['AH', 'RH', 'T']",[],[],uci_air_quality_1H,0.8660008695,0,0.939957807,80,62f958117014ee08,False,0.9.0,0.8660008695,1.1144604459,0.3697312327,0.2877458593,"{""model_path"": ""Datadog/Toto-2.0-22m"", ""batch_size"": 512}",357bc23
Toto-2.0-22m,toto-2.0,autogluon/fev_datasets,uk_covid_nation_1D,28,20,-560,28,1,,1,SQL,"['MASE', {'name': 'WAPE', 'epsilon': 1.0}, {'name': 'WQL', 'epsilon': 1.0}]","[0.1, 0.2, 0.3, 0.4, 0.5, 0.6, 0.7, 0.8, 0.9]",id,timestamp,"['cumulative_admissions', 'cumulative_cases', 'cumulative_deaths']",,[],"['cumulative_vaccinated_1', 'cumulative_vaccinated_2', 'cumulative_vaccinated_3', 'hospital_cases', 'icu_ventilator_occupancy']",[],uk_covid_nation_1D/cumulative,6.4442836086,0,1.023305361,240,c8dff53b6fcb4695,False,0.9.0,6.4442836086,7.9823562014,0.0153480591,0.012694904,"{""model_path"": ""Datadog/Toto-2.0-22m"", ""batch_size"": 512}",357bc23
Toto-2.0-22m,toto-2.0,autogluon/fev_datasets,uk_covid_nation_1D,28,20,-560,28,1,,7,SQL,"['MASE', {'name': 'WAPE', 'epsilon': 1.0}, {'name': 'WQL', 'epsilon': 1.0}]","[0.1, 0.2, 0.3, 0.4, 0.5, 0.6, 0.7, 0.8, 0.9]",id,timestamp,"['new_admissions', 'new_cases', 'new_deaths']",,[],"['hospital_cases', 'icu_ventilator_occupancy', 'new_vaccinated_1', 'new_vaccinated_2', 'new_vaccinated_3']",[],uk_covid_nation_1D/new,2.1867353631,0,1.011043607,240,c8dff53b6fcb4695,False,0.9.0,2.1867353631,2.6807320604,0.3835114455,0.3073863274,"{""model_path"": ""Datadog/Toto-2.0-22m"", ""batch_size"": 512}",357bc23
Toto-2.0-22m,toto-2.0,autogluon/fev_datasets,uk_covid_nation_1W,8,4,-32,8,1,,1,SQL,"['MASE', {'name': 'WAPE', 'epsilon': 1.0}, {'name': 'WQL', 'epsilon': 1.0}]","[0.1, 0.2, 0.3, 0.4, 0.5, 0.6, 0.7, 0.8, 0.9]",id,timestamp,"['cumulative_admissions', 'cumulative_cases', 'cumulative_deaths']",,[],"['cumulative_vaccinated_1', 'cumulative_vaccinated_2', 'cumulative_vaccinated_3', 'hospital_cases', 'icu_ventilator_occupancy']",[],uk_covid_nation_1W/cumulative,3.8519373235,0,0.458909312,48,a1bd24bd7d949574,False,0.9.0,3.8519373235,4.813056105,0.0493797155,0.0396520756,"{""model_path"": ""Datadog/Toto-2.0-22m"", ""batch_size"": 512}",357bc23
Toto-2.0-22m,toto-2.0,autogluon/fev_datasets,uk_covid_nation_1W,8,4,-32,8,1,,1,SQL,"['MASE', {'name': 'WAPE', 'epsilon': 1.0}, {'name': 'WQL', 'epsilon': 1.0}]","[0.1, 0.2, 0.3, 0.4, 0.5, 0.6, 0.7, 0.8, 0.9]",id,timestamp,"['new_admissions', 'new_cases', 'new_deaths']",,[],"['hospital_cases', 'icu_ventilator_occupancy', 'new_vaccinated_1', 'new_vaccinated_2', 'new_vaccinated_3']",[],uk_covid_nation_1W/new,5.3611908053,0,0.461619759,48,a1bd24bd7d949574,False,0.9.0,5.3611908053,6.5229133938,0.7781901692000001,0.6207483021,"{""model_path"": ""Datadog/Toto-2.0-22m"", ""batch_size"": 512}",357bc23
Toto-2.0-22m,toto-2.0,autogluon/fev_datasets,uk_covid_utla_1D,28,10,-280,28,1,,7,SQL,"['MASE', {'name': 'WAPE', 'epsilon': 1.0}, {'name': 'WQL', 'epsilon': 1.0}]","[0.1, 0.2, 0.3, 0.4, 0.5, 0.6, 0.7, 0.8, 0.9]",id,timestamp,new_cases,,[],[],[],uk_covid_utla_1D/new,4.961775272,0,3.099919917,2140,46f9bb53c6d05e0a,False,0.9.0,4.961775272,6.0502734556,0.5850520904000001,0.4761063286,"{""model_path"": ""Datadog/Toto-2.0-22m"", ""batch_size"": 512}",357bc23
Toto-2.0-22m,toto-2.0,autogluon/fev_datasets,uk_covid_utla_1W,13,5,-65,13,1,,1,SQL,"['MASE', {'name': 'WAPE', 'epsilon': 1.0}, {'name': 'WQL', 'epsilon': 1.0}]","[0.1, 0.2, 0.3, 0.4, 0.5, 0.6, 0.7, 0.8, 0.9]",id,timestamp,cumulative_cases,,[],[],[],uk_covid_utla_1W/cumulative,18.1752497617,0,1.6100515,1070,c4fdce102c5b6f47,False,0.9.0,18.1752497617,20.5655792661,0.2217403292,0.1948482077,"{""model_path"": ""Datadog/Toto-2.0-22m"", ""batch_size"": 512}",357bc23
Toto-2.0-22m,toto-2.0,autogluon/fev_datasets,us_consumption_1M,12,10,-120,12,1,,12,SQL,"['MASE', {'name': 'WAPE', 'epsilon': 1.0}, {'name': 'WQL', 'epsilon': 1.0}]","[0.1, 0.2, 0.3, 0.4, 0.5, 0.6, 0.7, 0.8, 0.9]",id,timestamp,target,,[],[],[],us_consumption_1M,1.4812668297,0,0.7806030850000001,310,c882f886bec32c78,False,0.9.0,1.4812668297,1.7727807268,0.0216064946,0.0189618803,"{""model_path"": ""Datadog/Toto-2.0-22m"", ""batch_size"": 512}",357bc23
Toto-2.0-22m,toto-2.0,autogluon/fev_datasets,us_consumption_1Q,8,10,-80,8,1,,4,SQL,"['MASE', {'name': 'WAPE', 'epsilon': 1.0}, {'name': 'WQL', 'epsilon': 1.0}]","[0.1, 0.2, 0.3, 0.4, 0.5, 0.6, 0.7, 0.8, 0.9]",id,timestamp,target,,[],[],[],us_consumption_1Q,1.7385742469,0,0.7832554220000001,310,9a76cd11c4c2c07e,False,0.9.0,1.7385742469,2.1986157742,0.0340781602,0.0271783974,"{""model_path"": ""Datadog/Toto-2.0-22m"", ""batch_size"": 512}",357bc23
Toto-2.0-22m,toto-2.0,autogluon/fev_datasets,us_consumption_1Y,5,10,-50,5,1,,1,SQL,"['MASE', {'name': 'WAPE', 'epsilon': 1.0}, {'name': 'WQL', 'epsilon': 1.0}]","[0.1, 0.2, 0.3, 0.4, 0.5, 0.6, 0.7, 0.8, 0.9]",id,timestamp,target,,[],[],[],us_consumption_1Y,3.9738024329,0,0.77547345,310,d29d0d81db6393b4,False,0.9.0,3.9738024329,4.8028596285,0.0656996625,0.0524474511,"{""model_path"": ""Datadog/Toto-2.0-22m"", ""batch_size"": 512}",357bc23
Toto-2.0-22m,toto-2.0,autogluon/fev_datasets,walmart,39,1,-39,39,1,,1,SQL,"['MASE', {'name': 'WAPE', 'epsilon': 1.0}, {'name': 'WQL', 'epsilon': 1.0}]","[0.1, 0.2, 0.3, 0.4, 0.5, 0.6, 0.7, 0.8, 0.9]",id,timestamp,target,,"['CPI', 'Fuel_Price', 'IsHoliday', 'MarkDown1', 'MarkDown2', 'MarkDown3', 'MarkDown4', 'MarkDown5', 'Temperature', 'Unemployment']",[],"['Dept', 'Size', 'Store', 'Type']",walmart,0.8049006043,0,5.266578814,2936,84f95b6543281d0d,False,0.9.0,0.8049006043,1.0108812538,0.1216304299,0.0970589506,"{""model_path"": ""Datadog/Toto-2.0-22m"", ""batch_size"": 512}",357bc23
Toto-2.0-22m,toto-2.0,autogluon/fev_datasets,world_co2_emissions,5,9,-45,5,1,,1,SQL,"['MASE', {'name': 'WAPE', 'epsilon': 1.0}, {'name': 'WQL', 'epsilon': 1.0}]","[0.1, 0.2, 0.3, 0.4, 0.5, 0.6, 0.7, 0.8, 0.9]",id,timestamp,target,,[],[],[],world_co2_emissions,2.7462530318,0,2.394803678,1719,c78d3682201594d9,False,0.9.0,2.7462530318,3.3155603371,0.0888289364,0.0742572403,"{""model_path"": ""Datadog/Toto-2.0-22m"", ""batch_size"": 512}",357bc23
Toto-2.0-22m,toto-2.0,autogluon/fev_datasets,world_life_expectancy,5,10,-50,5,1,,1,SQL,"['MASE', {'name': 'WAPE', 'epsilon': 1.0}, {'name': 'WQL', 'epsilon': 1.0}]","[0.1, 0.2, 0.3, 0.4, 0.5, 0.6, 0.7, 0.8, 0.9]",id,timestamp,target,,[],[],[],world_life_expectancy,1.162996096,0,3.156913614,2370,f9ce571f4bf31401,False,0.9.0,1.162996096,1.3675507256,0.0108807995,0.009246841,"{""model_path"": ""Datadog/Toto-2.0-22m"", ""batch_size"": 512}",357bc23
Toto-2.0-22m,toto-2.0,autogluon/fev_datasets,world_tourism,5,2,-10,5,1,,1,SQL,"['MASE', {'name': 'WAPE', 'epsilon': 1.0}, {'name': 'WQL', 'epsilon': 1.0}]","[0.1, 0.2, 0.3, 0.4, 0.5, 0.6, 0.7, 0.8, 0.9]",id,timestamp,target,,[],[],[],world_tourism,2.8432689486,0,0.747648921,356,dcd8469c3acc4caa,False,0.9.0,2.8432689486,3.4659581762,0.0896198531,0.0685025512,"{""model_path"": ""Datadog/Toto-2.0-22m"", ""batch_size"": 512}",357bc23
Toto-2.0-313m,toto-2.0,autogluon/fev_datasets,ETT_15T,96,20,-1920,96,1,,96,SQL,"['MASE', {'name': 'WAPE', 'epsilon': 1.0}, {'name': 'WQL', 'epsilon': 1.0}]","[0.1, 0.2, 0.3, 0.4, 0.5, 0.6, 0.7, 0.8, 0.9]",id,timestamp,"['HUFL', 'HULL', 'LUFL', 'LULL', 'MUFL', 'MULL', 'OT']",,[],[],[],ETT_15T,0.5398526253,0,3.147057683,280,b5dd9d1f1927aad6,False,0.9.0,0.5398526253,0.689935194,0.1102235484,0.0861819589,"{""model_path"": ""Datadog/Toto-2.0-313m"", ""batch_size"": 512}",357bc23
Toto-2.0-313m,toto-2.0,autogluon/fev_datasets,ETT_1D,28,20,-560,28,1,,7,SQL,"['MASE', {'name': 'WAPE', 'epsilon': 1.0}, {'name': 'WQL', 'epsilon': 1.0}]","[0.1, 0.2, 0.3, 0.4, 0.5, 0.6, 0.7, 0.8, 0.9]",id,timestamp,"['HUFL', 'HULL', 'LUFL', 'LULL', 'MUFL', 'MULL', 'OT']",,[],[],[],ETT_1D,1.143855937,0,2.959786557,280,936cfaf2a3a6ab34,False,0.9.0,1.143855937,1.3591429885,0.3158326952,0.2572776704,"{""model_path"": ""Datadog/Toto-2.0-313m"", ""batch_size"": 512}",357bc23
Toto-2.0-313m,toto-2.0,autogluon/fev_datasets,ETT_1H,168,20,-3360,168,1,,24,SQL,"['MASE', {'name': 'WAPE', 'epsilon': 1.0}, {'name': 'WQL', 'epsilon': 1.0}]","[0.1, 0.2, 0.3, 0.4, 0.5, 0.6, 0.7, 0.8, 0.9]",id,timestamp,"['HUFL', 'HULL', 'LUFL', 'LULL', 'MUFL', 'MULL', 'OT']",,[],[],[],ETT_1H,0.8673932811,0,3.009910764,280,abd94afdf0b158e2,False,0.9.0,0.8673932811,1.1157883861,0.2424597287,0.1885384479,"{""model_path"": ""Datadog/Toto-2.0-313m"", ""batch_size"": 512}",357bc23
Toto-2.0-313m,toto-2.0,autogluon/fev_datasets,ETT_1W,13,5,-65,13,1,,1,SQL,"['MASE', {'name': 'WAPE', 'epsilon': 1.0}, {'name': 'WQL', 'epsilon': 1.0}]","[0.1, 0.2, 0.3, 0.4, 0.5, 0.6, 0.7, 0.8, 0.9]",id,timestamp,"['HUFL', 'HULL', 'LUFL', 'LULL', 'MUFL', 'MULL', 'OT']",,[],[],[],ETT_1W,2.285850695,0,0.973154641,70,2e18066fd2e18f63,False,0.9.0,2.285850695,2.6461028202,0.5174044067,0.4173539396,"{""model_path"": ""Datadog/Toto-2.0-313m"", ""batch_size"": 512}",357bc23
Toto-2.0-313m,toto-2.0,autogluon/fev_datasets,LOOP_SEATTLE_1D,28,10,-280,28,1,,7,SQL,"['MASE', {'name': 'WAPE', 'epsilon': 1.0}, {'name': 'WQL', 'epsilon': 1.0}]","[0.1, 0.2, 0.3, 0.4, 0.5, 0.6, 0.7, 0.8, 0.9]",id,timestamp,target,,[],[],[],LOOP_SEATTLE_1D,0.7857961149,0,27.506868502,3230,678fdb11fbd87309,False,0.9.0,0.7857961149,0.9648075817,0.0363307562,0.0295119101,"{""model_path"": ""Datadog/Toto-2.0-313m"", ""batch_size"": 512}",357bc23
Toto-2.0-313m,toto-2.0,autogluon/fev_datasets,LOOP_SEATTLE_1H,168,10,-1680,168,1,,24,SQL,"['MASE', {'name': 'WAPE', 'epsilon': 1.0}, {'name': 'WQL', 'epsilon': 1.0}]","[0.1, 0.2, 0.3, 0.4, 0.5, 0.6, 0.7, 0.8, 0.9]",id,timestamp,target,,[],[],[],LOOP_SEATTLE_1H,0.6310907196000001,0,29.359445451,3230,85c8da08d0377714,False,0.9.0,0.6310907196000001,0.7860718165,0.0673099319,0.053951477,"{""model_path"": ""Datadog/Toto-2.0-313m"", ""batch_size"": 512}",357bc23
Toto-2.0-313m,toto-2.0,autogluon/fev_datasets,LOOP_SEATTLE_5T,288,10,-2880,288,1,,288,SQL,"['MASE', {'name': 'WAPE', 'epsilon': 1.0}, {'name': 'WQL', 'epsilon': 1.0}]","[0.1, 0.2, 0.3, 0.4, 0.5, 0.6, 0.7, 0.8, 0.9]",id,timestamp,target,,[],[],[],LOOP_SEATTLE_5T,0.5506517325,0,45.59058979,3230,ddf124d757f77e1e,False,0.9.0,0.5506517325,0.6969426203,0.0753441604,0.0593876316,"{""model_path"": ""Datadog/Toto-2.0-313m"", ""batch_size"": 512}",357bc23
Toto-2.0-313m,toto-2.0,autogluon/fev_datasets,M_DENSE_1D,28,10,-280,28,1,,7,SQL,"['MASE', {'name': 'WAPE', 'epsilon': 1.0}, {'name': 'WQL', 'epsilon': 1.0}]","[0.1, 0.2, 0.3, 0.4, 0.5, 0.6, 0.7, 0.8, 0.9]",id,timestamp,target,,[],[],[],M_DENSE_1D,0.7512110797,0,3.064403295,300,1ceaf27cc148581f,False,0.9.0,0.7512110797,0.9041932079,0.1019439018,0.0858611805,"{""model_path"": ""Datadog/Toto-2.0-313m"", ""batch_size"": 512}",357bc23
Toto-2.0-313m,toto-2.0,autogluon/fev_datasets,M_DENSE_1H,168,10,-1680,168,1,,24,SQL,"['MASE', {'name': 'WAPE', 'epsilon': 1.0}, {'name': 'WQL', 'epsilon': 1.0}]","[0.1, 0.2, 0.3, 0.4, 0.5, 0.6, 0.7, 0.8, 0.9]",id,timestamp,target,,[],[],[],M_DENSE_1H,0.6074108393000001,0,3.324481353,300,a291fe961233f488,False,0.9.0,0.6074108393000001,0.7194327349,0.1439970149,0.1208815859,"{""model_path"": ""Datadog/Toto-2.0-313m"", ""batch_size"": 512}",357bc23
Toto-2.0-313m,toto-2.0,autogluon/fev_datasets,SZ_TAXI_15T,96,10,-960,96,1,,96,SQL,"['MASE', {'name': 'WAPE', 'epsilon': 1.0}, {'name': 'WQL', 'epsilon': 1.0}]","[0.1, 0.2, 0.3, 0.4, 0.5, 0.6, 0.7, 0.8, 0.9]",id,timestamp,target,,[],[],[],SZ_TAXI_15T,0.393367667,0,17.018760605,1560,947f77f0c19ac7ce,False,0.9.0,0.393367667,0.5007849306000001,0.2394940953,0.1878794648,"{""model_path"": ""Datadog/Toto-2.0-313m"", ""batch_size"": 512}",357bc23
Toto-2.0-313m,toto-2.0,autogluon/fev_datasets,SZ_TAXI_1H,168,2,-336,168,1,,24,SQL,"['MASE', {'name': 'WAPE', 'epsilon': 1.0}, {'name': 'WQL', 'epsilon': 1.0}]","[0.1, 0.2, 0.3, 0.4, 0.5, 0.6, 0.7, 0.8, 0.9]",id,timestamp,target,,[],[],[],SZ_TAXI_1H,0.3827914496,0,3.579487975,312,c8fc2c774fa27320,False,0.9.0,0.3827914496,0.4778644873,0.1600338345,0.1283504497,"{""model_path"": ""Datadog/Toto-2.0-313m"", ""batch_size"": 512}",357bc23
Toto-2.0-313m,toto-2.0,autogluon/fev_datasets,australian_tourism,8,2,-16,8,1,,4,SQL,"['MASE', {'name': 'WAPE', 'epsilon': 1.0}, {'name': 'WQL', 'epsilon': 1.0}]","[0.1, 0.2, 0.3, 0.4, 0.5, 0.6, 0.7, 0.8, 0.9]",id,timestamp,target,,[],[],[],australian_tourism,0.7795670798000001,0,2.07927492,178,67065ff520a65e45,False,0.9.0,0.7795670798000001,0.9754443766,0.1024777689,0.0827576086,"{""model_path"": ""Datadog/Toto-2.0-313m"", ""batch_size"": 512}",357bc23
Toto-2.0-313m,toto-2.0,autogluon/fev_datasets,bizitobs_l2c_1H,24,20,-480,24,1,,24,SQL,"['MASE', {'name': 'WAPE', 'epsilon': 1.0}, {'name': 'WQL', 'epsilon': 1.0}]","[0.1, 0.2, 0.3, 0.4, 0.5, 0.6, 0.7, 0.8, 0.9]",id,timestamp,"['target_0', 'target_1', 'target_2', 'target_3', 'target_4', 'target_5', 'target_6']",,[],[],[],bizitobs_l2c_1H,0.2785240037,0,2.289380244,140,167357ba0cdd59b2,False,0.9.0,0.2785240037,0.3528233163,0.2740413015,0.2192658523,"{""model_path"": ""Datadog/Toto-2.0-313m"", ""batch_size"": 512}",357bc23
Toto-2.0-313m,toto-2.0,autogluon/fev_datasets,bizitobs_l2c_5T,288,20,-5760,288,1,,288,SQL,"['MASE', {'name': 'WAPE', 'epsilon': 1.0}, {'name': 'WQL', 'epsilon': 1.0}]","[0.1, 0.2, 0.3, 0.4, 0.5, 0.6, 0.7, 0.8, 0.9]",id,timestamp,"['target_0', 'target_1', 'target_2', 'target_3', 'target_4', 'target_5', 'target_6']",,[],[],[],bizitobs_l2c_5T,0.4687876227,0,2.317211317,140,89ab1ca4d8dbeb4e,False,0.9.0,0.4687876227,0.6126677916000001,0.8028948850000001,0.6450790756,"{""model_path"": ""Datadog/Toto-2.0-313m"", ""batch_size"": 512}",357bc23
Toto-2.0-313m,toto-2.0,autogluon/fev_datasets,boomlet_1062,288,20,-5760,288,1,,288,SQL,"['MASE', {'name': 'WAPE', 'epsilon': 1.0}, {'name': 'WQL', 'epsilon': 1.0}]","[0.1, 0.2, 0.3, 0.4, 0.5, 0.6, 0.7, 0.8, 0.9]",id,timestamp,"['target_0', 'target_1', 'target_10', 'target_11', 'target_12', 'target_13', 'target_14', 'target_15', 'target_16', 'target_17', 'target_18', 'target_19', 'target_2', 'target_20', 'target_3', 'target_4', 'target_5', 'target_6', 'target_7', 'target_8', 'target_9']",,[],[],[],boomlet_1062,0.5326701994,0,4.235163383,420,5315f65aa45f55db,False,0.9.0,0.5326701994,0.6615311338000001,0.5608505135,0.4464520402,"{""model_path"": ""Datadog/Toto-2.0-313m"", ""batch_size"": 512}",357bc23
Toto-2.0-313m,toto-2.0,autogluon/fev_datasets,boomlet_1209,288,20,-5760,288,1,,288,SQL,"['MASE', {'name': 'WAPE', 'epsilon': 1.0}, {'name': 'WQL', 'epsilon': 1.0}]","[0.1, 0.2, 0.3, 0.4, 0.5, 0.6, 0.7, 0.8, 0.9]",id,timestamp,"['target_0', 'target_1', 'target_10', 'target_11', 'target_12', 'target_13', 'target_14', 'target_15', 'target_16', 'target_17', 'target_18', 'target_19', 'target_2', 'target_20', 'target_21', 'target_22', 'target_23', 'target_24', 'target_25', 'target_26', 'target_27', 'target_28', 'target_29', 'target_3', 'target_30', 'target_31', 'target_32', 'target_33', 'target_34', 'target_35', 'target_36', 'target_37', 'target_38', 'target_39', 'target_4', 'target_40', 'target_41', 'target_42', 'target_43', 'target_44', 'target_45', 'target_46', 'target_47', 'target_48', 'target_49', 'target_5', 'target_50', 'target_51', 'target_52', 'target_6', 'target_7', 'target_8', 'target_9']",,[],[],[],boomlet_1209,0.6033069594,0,10.050680033,1060,af76fff1b484ede3,False,0.9.0,0.6033069594,0.7058283912000001,0.2768972005,0.2347769724,"{""model_path"": ""Datadog/Toto-2.0-313m"", ""batch_size"": 512}",357bc23
Toto-2.0-313m,toto-2.0,autogluon/fev_datasets,boomlet_1225,60,20,-1200,60,1,,1440,SQL,"['MASE', {'name': 'WAPE', 'epsilon': 1.0}, {'name': 'WQL', 'epsilon': 1.0}]","[0.1, 0.2, 0.3, 0.4, 0.5, 0.6, 0.7, 0.8, 0.9]",id,timestamp,"['target_0', 'target_1', 'target_10', 'target_11', 'target_12', 'target_13', 'target_14', 'target_15', 'target_16', 'target_17', 'target_18', 'target_19', 'target_2', 'target_20', 'target_21', 'target_22', 'target_23', 'target_24', 'target_25', 'target_26', 'target_27', 'target_28', 'target_29', 'target_3', 'target_30', 'target_31', 'target_32', 'target_33', 'target_34', 'target_35', 'target_36', 'target_37', 'target_38', 'target_39', 'target_4', 'target_40', 'target_41', 'target_42', 'target_43', 'target_44', 'target_45', 'target_46', 'target_47', 'target_48', 'target_5', 'target_6', 'target_7', 'target_8', 'target_9']",,[],[],[],boomlet_1225,0.1808226777,0,8.926603915,980,53a43cd2c9c7ebf1,False,0.9.0,0.1808226777,0.2260180215,0.1190632458,0.0955606494,"{""model_path"": ""Datadog/Toto-2.0-313m"", ""batch_size"": 512}",357bc23
Toto-2.0-313m,toto-2.0,autogluon/fev_datasets,boomlet_1230,288,20,-5760,288,1,,288,SQL,"['MASE', {'name': 'WAPE', 'epsilon': 1.0}, {'name': 'WQL', 'epsilon': 1.0}]","[0.1, 0.2, 0.3, 0.4, 0.5, 0.6, 0.7, 0.8, 0.9]",id,timestamp,"['target_0', 'target_1', 'target_10', 'target_11', 'target_12', 'target_13', 'target_14', 'target_15', 'target_16', 'target_17', 'target_18', 'target_19', 'target_2', 'target_20', 'target_21', 'target_22', 'target_3', 'target_4', 'target_5', 'target_6', 'target_7', 'target_8', 'target_9']",,[],[],[],boomlet_1230,1.0920678565,0,4.505332983,460,6e7b8e026660d41c,False,0.9.0,1.0920678565,1.2562088129,0.2826603804,0.237018003,"{""model_path"": ""Datadog/Toto-2.0-313m"", ""batch_size"": 512}",357bc23
Toto-2.0-313m,toto-2.0,autogluon/fev_datasets,boomlet_1282,60,20,-1200,60,1,,1440,SQL,"['MASE', {'name': 'WAPE', 'epsilon': 1.0}, {'name': 'WQL', 'epsilon': 1.0}]","[0.1, 0.2, 0.3, 0.4, 0.5, 0.6, 0.7, 0.8, 0.9]",id,timestamp,"['target_0', 'target_1', 'target_10', 'target_11', 'target_12', 'target_13', 'target_14', 'target_15', 'target_16', 'target_17', 'target_18', 'target_19', 'target_2', 'target_20', 'target_21', 'target_22', 'target_23', 'target_24', 'target_25', 'target_26', 'target_27', 'target_28', 'target_29', 'target_3', 'target_30', 'target_31', 'target_32', 'target_33', 'target_34', 'target_4', 'target_5', 'target_6', 'target_7', 'target_8', 'target_9']",,[],[],[],boomlet_1282,0.3934727046,0,6.368184539,700,c0f21ca23524dd1f,False,0.9.0,0.3934727046,0.4809766906,0.3326308737,0.2696006255,"{""model_path"": ""Datadog/Toto-2.0-313m"", ""batch_size"": 512}",357bc23
Toto-2.0-313m,toto-2.0,autogluon/fev_datasets,boomlet_1487,288,20,-5760,288,1,,288,SQL,"['MASE', {'name': 'WAPE', 'epsilon': 1.0}, {'name': 'WQL', 'epsilon': 1.0}]","[0.1, 0.2, 0.3, 0.4, 0.5, 0.6, 0.7, 0.8, 0.9]",id,timestamp,"['target_0', 'target_1', 'target_10', 'target_11', 'target_12', 'target_13', 'target_14', 'target_15', 'target_16', 'target_17', 'target_18', 'target_19', 'target_2', 'target_20', 'target_21', 'target_22', 'target_23', 'target_24', 'target_25', 'target_26', 'target_27', 'target_28', 'target_29', 'target_3', 'target_30', 'target_31', 'target_32', 'target_33', 'target_34', 'target_35', 'target_36', 'target_37', 'target_38', 'target_39', 'target_4', 'target_40', 'target_41', 'target_42', 'target_43', 'target_44', 'target_45', 'target_46', 'target_47', 'target_48', 'target_49', 'target_5', 'target_50', 'target_51', 'target_52', 'target_53', 'target_6', 'target_7', 'target_8', 'target_9']",,[],[],[],boomlet_1487,0.3844379293,0,9.502220655,1080,230d7ec998d3cbb2,False,0.9.0,0.3844379293,0.4625465232,0.1818382742,0.1510379668,"{""model_path"": ""Datadog/Toto-2.0-313m"", ""batch_size"": 512}",357bc23
Toto-2.0-313m,toto-2.0,autogluon/fev_datasets,boomlet_1631,96,20,-1920,96,1,,48,SQL,"['MASE', {'name': 'WAPE', 'epsilon': 1.0}, {'name': 'WQL', 'epsilon': 1.0}]","[0.1, 0.2, 0.3, 0.4, 0.5, 0.6, 0.7, 0.8, 0.9]",id,timestamp,"['target_0', 'target_1', 'target_10', 'target_11', 'target_12', 'target_13', 'target_14', 'target_15', 'target_16', 'target_17', 'target_18', 'target_19', 'target_2', 'target_20', 'target_21', 'target_22', 'target_23', 'target_24', 'target_25', 'target_26', 'target_27', 'target_28', 'target_29', 'target_3', 'target_30', 'target_31', 'target_32', 'target_33', 'target_34', 'target_35', 'target_36', 'target_37', 'target_38', 'target_39', 'target_4', 'target_5', 'target_6', 'target_7', 'target_8', 'target_9']",,[],[],[],boomlet_1631,0.5583924678000001,0,7.40886434,800,d69b69e987e32a2b,False,0.9.0,0.5583924678000001,0.703163705,0.3079245165,0.2436279945,"{""model_path"": ""Datadog/Toto-2.0-313m"", ""batch_size"": 512}",357bc23
Toto-2.0-313m,toto-2.0,autogluon/fev_datasets,boomlet_1676,96,20,-1920,96,1,,48,SQL,"['MASE', {'name': 'WAPE', 'epsilon': 1.0}, {'name': 'WQL', 'epsilon': 1.0}]","[0.1, 0.2, 0.3, 0.4, 0.5, 0.6, 0.7, 0.8, 0.9]",id,timestamp,"['target_0', 'target_1', 'target_10', 'target_11', 'target_12', 'target_13', 'target_14', 'target_15', 'target_16', 'target_17', 'target_18', 'target_19', 'target_2', 'target_20', 'target_21', 'target_22', 'target_23', 'target_24', 'target_25', 'target_26', 'target_27', 'target_28', 'target_29', 'target_3', 'target_30', 'target_31', 'target_32', 'target_33', 'target_34', 'target_35', 'target_36', 'target_37', 'target_38', 'target_39', 'target_4', 'target_40', 'target_41', 'target_42', 'target_43', 'target_44', 'target_45', 'target_46', 'target_47', 'target_48', 'target_49', 'target_5', 'target_50', 'target_51', 'target_52', 'target_53', 'target_54', 'target_55', 'target_56', 'target_57', 'target_58', 'target_59', 'target_6', 'target_60', 'target_61', 'target_62', 'target_63', 'target_64', 'target_65', 'target_66', 'target_67', 'target_68', 'target_69', 'target_7', 'target_70', 'target_71', 'target_72', 'target_73', 'target_74', 'target_75', 'target_76', 'target_77', 'target_78', 'target_79', 'target_8', 'target_80', 'target_81', 'target_82', 'target_83', 'target_84', 'target_85', 'target_86', 'target_87', 'target_88', 'target_89', 'target_9', 'target_90', 'target_91', 'target_92', 'target_93', 'target_94', 'target_95', 'target_96', 'target_97', 'target_98', 'target_99']",,[],[],[],boomlet_1676,0.5422867104,0,19.987226827,2000,027ec0ef1e78a6f2,False,0.9.0,0.5422867104,0.6743446133000001,0.3111644961,0.244204697,"{""model_path"": ""Datadog/Toto-2.0-313m"", ""batch_size"": 512}",357bc23
Toto-2.0-313m,toto-2.0,autogluon/fev_datasets,boomlet_1855,24,20,-480,24,1,,24,SQL,"['MASE', {'name': 'WAPE', 'epsilon': 1.0}, {'name': 'WQL', 'epsilon': 1.0}]","[0.1, 0.2, 0.3, 0.4, 0.5, 0.6, 0.7, 0.8, 0.9]",id,timestamp,"['target_0', 'target_1', 'target_10', 'target_11', 'target_12', 'target_13', 'target_14', 'target_15', 'target_16', 'target_17', 'target_18', 'target_19', 'target_2', 'target_20', 'target_21', 'target_22', 'target_23', 'target_24', 'target_25', 'target_26', 'target_27', 'target_28', 'target_29', 'target_3', 'target_30', 'target_31', 'target_32', 'target_33', 'target_34', 'target_35', 'target_36', 'target_37', 'target_38', 'target_39', 'target_4', 'target_40', 'target_41', 'target_42', 'target_43', 'target_44', 'target_45', 'target_46', 'target_47', 'target_48', 'target_49', 'target_5', 'target_50', 'target_51', 'target_6', 'target_7', 'target_8', 'target_9']",,[],[],[],boomlet_1855,0.4352980292,0,9.90646925,1040,cd1d53a59eac2c8a,False,0.9.0,0.4352980292,0.514113728,0.1532895691,0.1304422632,"{""model_path"": ""Datadog/Toto-2.0-313m"", ""batch_size"": 512}",357bc23
Toto-2.0-313m,toto-2.0,autogluon/fev_datasets,boomlet_1975,24,20,-480,24,1,,24,SQL,"['MASE', {'name': 'WAPE', 'epsilon': 1.0}, {'name': 'WQL', 'epsilon': 1.0}]","[0.1, 0.2, 0.3, 0.4, 0.5, 0.6, 0.7, 0.8, 0.9]",id,timestamp,"['target_0', 'target_1', 'target_10', 'target_11', 'target_12', 'target_13', 'target_14', 'target_15', 'target_16', 'target_17', 'target_18', 'target_19', 'target_2', 'target_20', 'target_21', 'target_22', 'target_23', 'target_24', 'target_25', 'target_26', 'target_27', 'target_28', 'target_29', 'target_3', 'target_30', 'target_31', 'target_32', 'target_33', 'target_34', 'target_35', 'target_36', 'target_37', 'target_38', 'target_39', 'target_4', 'target_40', 'target_41', 'target_42', 'target_43', 'target_44', 'target_45', 'target_46', 'target_47', 'target_48', 'target_49', 'target_5', 'target_50', 'target_51', 'target_52', 'target_53', 'target_54', 'target_55', 'target_56', 'target_57', 'target_58', 'target_59', 'target_6', 'target_60', 'target_61', 'target_62', 'target_63', 'target_64', 'target_65', 'target_66', 'target_67', 'target_68', 'target_69', 'target_7', 'target_70', 'target_71', 'target_72', 'target_73', 'target_74', 'target_8', 'target_9']",,[],[],[],boomlet_1975,0.0975215503,0,14.634985078,1500,7e9816ee39ec8d75,False,0.9.0,0.0975215503,0.1091500465,0.0646200666,0.0576372056,"{""model_path"": ""Datadog/Toto-2.0-313m"", ""batch_size"": 512}",357bc23
Toto-2.0-313m,toto-2.0,autogluon/fev_datasets,boomlet_2187,24,20,-480,24,1,,24,SQL,"['MASE', {'name': 'WAPE', 'epsilon': 1.0}, {'name': 'WQL', 'epsilon': 1.0}]","[0.1, 0.2, 0.3, 0.4, 0.5, 0.6, 0.7, 0.8, 0.9]",id,timestamp,"['target_0', 'target_1', 'target_10', 'target_11', 'target_12', 'target_13', 'target_14', 'target_15', 'target_16', 'target_17', 'target_18', 'target_19', 'target_2', 'target_20', 'target_21', 'target_22', 'target_23', 'target_24', 'target_25', 'target_26', 'target_27', 'target_28', 'target_29', 'target_3', 'target_30', 'target_31', 'target_32', 'target_33', 'target_34', 'target_35', 'target_36', 'target_37', 'target_38', 'target_39', 'target_4', 'target_40', 'target_41', 'target_42', 'target_43', 'target_44', 'target_45', 'target_46', 'target_47', 'target_48', 'target_49', 'target_5', 'target_50', 'target_51', 'target_52', 'target_53', 'target_54', 'target_55', 'target_56', 'target_57', 'target_58', 'target_59', 'target_6', 'target_60', 'target_61', 'target_62', 'target_63', 'target_64', 'target_65', 'target_66', 'target_67', 'target_68', 'target_69', 'target_7', 'target_70', 'target_71', 'target_72', 'target_73', 'target_74', 'target_75', 'target_76', 'target_77', 'target_78', 'target_79', 'target_8', 'target_80', 'target_81', 'target_82', 'target_83', 'target_84', 'target_85', 'target_86', 'target_87', 'target_88', 'target_89', 'target_9', 'target_90', 'target_91', 'target_92', 'target_93', 'target_94', 'target_95', 'target_96', 'target_97', 'target_98', 'target_99']",,[],[],[],boomlet_2187,0.6815604435,0,19.586676261,2000,8afbba40b02d520a,False,0.9.0,0.6815604435,0.7753872854,0.255390406,0.223165607,"{""model_path"": ""Datadog/Toto-2.0-313m"", ""batch_size"": 512}",357bc23
Toto-2.0-313m,toto-2.0,autogluon/fev_datasets,boomlet_285,60,20,-1200,60,1,,1440,SQL,"['MASE', {'name': 'WAPE', 'epsilon': 1.0}, {'name': 'WQL', 'epsilon': 1.0}]","[0.1, 0.2, 0.3, 0.4, 0.5, 0.6, 0.7, 0.8, 0.9]",id,timestamp,"['target_0', 'target_1', 'target_10', 'target_11', 'target_12', 'target_13', 'target_14', 'target_15', 'target_16', 'target_17', 'target_18', 'target_19', 'target_2', 'target_20', 'target_21', 'target_22', 'target_23', 'target_24', 'target_25', 'target_26', 'target_27', 'target_28', 'target_29', 'target_3', 'target_30', 'target_31', 'target_32', 'target_33', 'target_34', 'target_35', 'target_36', 'target_37', 'target_38', 'target_39', 'target_4', 'target_40', 'target_41', 'target_42', 'target_43', 'target_44', 'target_45', 'target_46', 'target_47', 'target_48', 'target_49', 'target_5', 'target_50', 'target_51', 'target_52', 'target_53', 'target_54', 'target_55', 'target_56', 'target_57', 'target_58', 'target_59', 'target_6', 'target_60', 'target_61', 'target_62', 'target_63', 'target_64', 'target_65', 'target_66', 'target_67', 'target_68', 'target_69', 'target_7', 'target_70', 'target_71', 'target_72', 'target_73', 'target_74', 'target_8', 'target_9']",,[],[],[],boomlet_285,0.2608434451,0,14.602120504,1500,b08e8ba2a228e2e5,False,0.9.0,0.2608434451,0.3221439734,0.1517381549,0.1251907933,"{""model_path"": ""Datadog/Toto-2.0-313m"", ""batch_size"": 512}",357bc23
Toto-2.0-313m,toto-2.0,autogluon/fev_datasets,boomlet_619,60,20,-1200,60,1,,1440,SQL,"['MASE', {'name': 'WAPE', 'epsilon': 1.0}, {'name': 'WQL', 'epsilon': 1.0}]","[0.1, 0.2, 0.3, 0.4, 0.5, 0.6, 0.7, 0.8, 0.9]",id,timestamp,"['target_0', 'target_1', 'target_10', 'target_11', 'target_12', 'target_13', 'target_14', 'target_15', 'target_16', 'target_17', 'target_18', 'target_19', 'target_2', 'target_20', 'target_21', 'target_22', 'target_23', 'target_24', 'target_25', 'target_26', 'target_27', 'target_28', 'target_29', 'target_3', 'target_30', 'target_31', 'target_32', 'target_33', 'target_34', 'target_35', 'target_36', 'target_37', 'target_38', 'target_39', 'target_4', 'target_40', 'target_41', 'target_42', 'target_43', 'target_44', 'target_45', 'target_46', 'target_47', 'target_48', 'target_49', 'target_5', 'target_50', 'target_51', 'target_6', 'target_7', 'target_8', 'target_9']",,[],[],[],boomlet_619,0.2894401896,0,9.49105661,1040,a20d9d612ea2e091,False,0.9.0,0.2894401896,0.38259119,0.2606405884,0.1976896456,"{""model_path"": ""Datadog/Toto-2.0-313m"", ""batch_size"": 512}",357bc23
Toto-2.0-313m,toto-2.0,autogluon/fev_datasets,boomlet_772,60,20,-1200,60,1,,1440,SQL,"['MASE', {'name': 'WAPE', 'epsilon': 1.0}, {'name': 'WQL', 'epsilon': 1.0}]","[0.1, 0.2, 0.3, 0.4, 0.5, 0.6, 0.7, 0.8, 0.9]",id,timestamp,"['target_0', 'target_1', 'target_10', 'target_11', 'target_12', 'target_13', 'target_14', 'target_15', 'target_16', 'target_17', 'target_18', 'target_19', 'target_2', 'target_20', 'target_21', 'target_22', 'target_23', 'target_24', 'target_25', 'target_26', 'target_27', 'target_28', 'target_29', 'target_3', 'target_30', 'target_31', 'target_32', 'target_33', 'target_34', 'target_35', 'target_36', 'target_37', 'target_38', 'target_39', 'target_4', 'target_40', 'target_41', 'target_42', 'target_43', 'target_44', 'target_45', 'target_46', 'target_47', 'target_48', 'target_49', 'target_5', 'target_50', 'target_51', 'target_52', 'target_53', 'target_54', 'target_55', 'target_56', 'target_57', 'target_58', 'target_59', 'target_6', 'target_60', 'target_61', 'target_62', 'target_63', 'target_64', 'target_65', 'target_66', 'target_7', 'target_8', 'target_9']",,[],[],[],boomlet_772,0.2674691407,0,12.36324609,1340,65e5cc1b1b902449,False,0.9.0,0.2674691407,0.3153004522,0.1491162833,0.1253230551,"{""model_path"": ""Datadog/Toto-2.0-313m"", ""batch_size"": 512}",357bc23
Toto-2.0-313m,toto-2.0,autogluon/fev_datasets,boomlet_963,60,20,-1200,60,1,,1440,SQL,"['MASE', {'name': 'WAPE', 'epsilon': 1.0}, {'name': 'WQL', 'epsilon': 1.0}]","[0.1, 0.2, 0.3, 0.4, 0.5, 0.6, 0.7, 0.8, 0.9]",id,timestamp,"['target_0', 'target_1', 'target_10', 'target_11', 'target_12', 'target_13', 'target_14', 'target_15', 'target_16', 'target_17', 'target_18', 'target_19', 'target_2', 'target_20', 'target_21', 'target_22', 'target_23', 'target_24', 'target_25', 'target_26', 'target_27', 'target_3', 'target_4', 'target_5', 'target_6', 'target_7', 'target_8', 'target_9']",,[],[],[],boomlet_963,0.7083189280000001,0,5.367053484,560,45e417d57b7c8664,False,0.9.0,0.7083189280000001,0.8230222503,0.3738322407,0.308619475,"{""model_path"": ""Datadog/Toto-2.0-313m"", ""batch_size"": 512}",357bc23
Toto-2.0-313m,toto-2.0,autogluon/fev_datasets,ecdc_ili,13,10,-130,13,1,,1,SQL,"['MASE', {'name': 'WAPE', 'epsilon': 1.0}, {'name': 'WQL', 'epsilon': 1.0}]","[0.1, 0.2, 0.3, 0.4, 0.5, 0.6, 0.7, 0.8, 0.9]",id,timestamp,target,,[],[],[],ecdc_ili,2.4310164289,0,2.526382151,240,e72cf15c97fc1dd6,False,0.9.0,2.4310164289,2.9977870968,0.4321405053,0.3760473761,"{""model_path"": ""Datadog/Toto-2.0-313m"", ""batch_size"": 512}",357bc23
Toto-2.0-313m,toto-2.0,autogluon/fev_datasets,entsoe_15T,96,20,-1920,96,1,,96,SQL,"['MASE', {'name': 'WAPE', 'epsilon': 1.0}, {'name': 'WQL', 'epsilon': 1.0}]","[0.1, 0.2, 0.3, 0.4, 0.5, 0.6, 0.7, 0.8, 0.9]",id,timestamp,target,,"['radiation_diffuse_horizontal', 'radiation_direct_horizontal', 'temperature']",[],[],entsoe_15T,0.4381152576,0,3.574333358,120,762c7ee326587aa2,False,0.9.0,0.4381152576,0.5639128032,0.0397634133,0.0308313594,"{""model_path"": ""Datadog/Toto-2.0-313m"", ""batch_size"": 512}",357bc23
Toto-2.0-313m,toto-2.0,autogluon/fev_datasets,entsoe_1H,168,20,-3360,168,1,,24,SQL,"['MASE', {'name': 'WAPE', 'epsilon': 1.0}, {'name': 'WQL', 'epsilon': 1.0}]","[0.1, 0.2, 0.3, 0.4, 0.5, 0.6, 0.7, 0.8, 0.9]",id,timestamp,target,,"['radiation_diffuse_horizontal', 'radiation_direct_horizontal', 'temperature']",[],[],entsoe_1H,0.4256814438,0,2.661237904,120,aff93292e497726b,False,0.9.0,0.4256814438,0.5260385524,0.0297360569,0.0243409378,"{""model_path"": ""Datadog/Toto-2.0-313m"", ""batch_size"": 512}",357bc23
Toto-2.0-313m,toto-2.0,autogluon/fev_datasets,entsoe_30T,96,20,-1920,96,1,,48,SQL,"['MASE', {'name': 'WAPE', 'epsilon': 1.0}, {'name': 'WQL', 'epsilon': 1.0}]","[0.1, 0.2, 0.3, 0.4, 0.5, 0.6, 0.7, 0.8, 0.9]",id,timestamp,target,,"['radiation_diffuse_horizontal', 'radiation_direct_horizontal', 'temperature']",[],[],entsoe_30T,0.4445023685,0,2.960607122,120,0416fc7d5fcf96e2,False,0.9.0,0.4445023685,0.5665103512,0.0310720346,0.024570865,"{""model_path"": ""Datadog/Toto-2.0-313m"", ""batch_size"": 512}",357bc23
Toto-2.0-313m,toto-2.0,autogluon/fev_datasets,epf_be,24,20,-480,24,1,,24,SQL,"['MASE', {'name': 'WAPE', 'epsilon': 1.0}, {'name': 'WQL', 'epsilon': 1.0}]","[0.1, 0.2, 0.3, 0.4, 0.5, 0.6, 0.7, 0.8, 0.9]",id,timestamp,target,,"['Generation forecast', 'System load forecast']",[],[],epf_be,0.5014795033,0,2.296207961,20,eacac43cdbd837ec,False,0.9.0,0.5014795033,0.6364914123000001,0.1182908848,0.093115602,"{""model_path"": ""Datadog/Toto-2.0-313m"", ""batch_size"": 512}",357bc23
Toto-2.0-313m,toto-2.0,autogluon/fev_datasets,epf_de,24,20,-480,24,1,,24,SQL,"['MASE', {'name': 'WAPE', 'epsilon': 1.0}, {'name': 'WQL', 'epsilon': 1.0}]","[0.1, 0.2, 0.3, 0.4, 0.5, 0.6, 0.7, 0.8, 0.9]",id,timestamp,target,,"['Ampirion Load Forecast', 'PV+Wind Forecast']",[],[],epf_de,1.0376379231,0,2.342759972,20,ad020fd54ab7078f,False,0.9.0,1.0376379231,1.3157466789,0.5804403734,0.4683589436,"{""model_path"": ""Datadog/Toto-2.0-313m"", ""batch_size"": 512}",357bc23
Toto-2.0-313m,toto-2.0,autogluon/fev_datasets,epf_fr,24,20,-480,24,1,,24,SQL,"['MASE', {'name': 'WAPE', 'epsilon': 1.0}, {'name': 'WQL', 'epsilon': 1.0}]","[0.1, 0.2, 0.3, 0.4, 0.5, 0.6, 0.7, 0.8, 0.9]",id,timestamp,target,,"['Generation forecast', 'System load forecast']",[],[],epf_fr,0.3979992787,0,2.313624881,20,dfce2cfc9cbcf380,False,0.9.0,0.3979992787,0.4951128679,0.0792749395,0.0640514743,"{""model_path"": ""Datadog/Toto-2.0-313m"", ""batch_size"": 512}",357bc23
Toto-2.0-313m,toto-2.0,autogluon/fev_datasets,epf_np,24,20,-480,24,1,,24,SQL,"['MASE', {'name': 'WAPE', 'epsilon': 1.0}, {'name': 'WQL', 'epsilon': 1.0}]","[0.1, 0.2, 0.3, 0.4, 0.5, 0.6, 0.7, 0.8, 0.9]",id,timestamp,target,,"['Grid load forecast', 'Wind power forecast']",[],[],epf_np,0.9547651442,0,2.346383974,20,0a17a2edca8b0670,False,0.9.0,0.9547651442,1.2398006235,0.0562802758,0.0435206839,"{""model_path"": ""Datadog/Toto-2.0-313m"", ""batch_size"": 512}",357bc23
Toto-2.0-313m,toto-2.0,autogluon/fev_datasets,epf_pjm,24,20,-480,24,1,,24,SQL,"['MASE', {'name': 'WAPE', 'epsilon': 1.0}, {'name': 'WQL', 'epsilon': 1.0}]","[0.1, 0.2, 0.3, 0.4, 0.5, 0.6, 0.7, 0.8, 0.9]",id,timestamp,target,,"['System load forecast', 'Zonal COMED load foecast']",[],[],epf_pjm,0.405580151,0,2.304347768,20,6752d1881d4327d6,False,0.9.0,0.405580151,0.510218339,0.0896657335,0.0713664621,"{""model_path"": ""Datadog/Toto-2.0-313m"", ""batch_size"": 512}",357bc23
Toto-2.0-313m,toto-2.0,autogluon/fev_datasets,ercot_1D,28,20,-560,28,1,,7,SQL,"['MASE', {'name': 'WAPE', 'epsilon': 1.0}, {'name': 'WQL', 'epsilon': 1.0}]","[0.1, 0.2, 0.3, 0.4, 0.5, 0.6, 0.7, 0.8, 0.9]",id,timestamp,target,,[],[],[],ercot_1D,0.8193500454,0,2.390474864,160,60f5c61c335ca94b,False,0.9.0,0.8193500454,1.0424844276,0.0755929347,0.0586035995,"{""model_path"": ""Datadog/Toto-2.0-313m"", ""batch_size"": 512}",357bc23
Toto-2.0-313m,toto-2.0,autogluon/fev_datasets,ercot_1H,168,20,-3360,168,1,,24,SQL,"['MASE', {'name': 'WAPE', 'epsilon': 1.0}, {'name': 'WQL', 'epsilon': 1.0}]","[0.1, 0.2, 0.3, 0.4, 0.5, 0.6, 0.7, 0.8, 0.9]",id,timestamp,target,,[],[],[],ercot_1H,1.1062954854,0,3.631865286,160,9dac00f9725bae76,False,0.9.0,1.1062954854,1.4187095408,0.0736111306,0.0569035998,"{""model_path"": ""Datadog/Toto-2.0-313m"", ""batch_size"": 512}",357bc23
Toto-2.0-313m,toto-2.0,autogluon/fev_datasets,ercot_1M,12,15,-180,12,1,,12,SQL,"['MASE', {'name': 'WAPE', 'epsilon': 1.0}, {'name': 'WQL', 'epsilon': 1.0}]","[0.1, 0.2, 0.3, 0.4, 0.5, 0.6, 0.7, 0.8, 0.9]",id,timestamp,target,,[],[],[],ercot_1M,0.7410596322,0,1.844258644,120,f718a7351f27a9ca,False,0.9.0,0.7410596322,0.9371509595,0.0466206557,0.0368971338,"{""model_path"": ""Datadog/Toto-2.0-313m"", ""batch_size"": 512}",357bc23
Toto-2.0-313m,toto-2.0,autogluon/fev_datasets,ercot_1W,13,20,-260,13,1,,1,SQL,"['MASE', {'name': 'WAPE', 'epsilon': 1.0}, {'name': 'WQL', 'epsilon': 1.0}]","[0.1, 0.2, 0.3, 0.4, 0.5, 0.6, 0.7, 0.8, 0.9]",id,timestamp,target,,[],[],[],ercot_1W,0.9357843462,0,2.368286582,160,b2fe1f0fe49551a1,False,0.9.0,0.9357843462,1.1961903987,0.0587166003,0.0457371809,"{""model_path"": ""Datadog/Toto-2.0-313m"", ""batch_size"": 512}",357bc23
Toto-2.0-313m,toto-2.0,autogluon/fev_datasets,favorita_stores_1D,28,10,-280,28,1,,7,SQL,"['MASE', {'name': 'WAPE', 'epsilon': 1.0}, {'name': 'WQL', 'epsilon': 1.0}]","[0.1, 0.2, 0.3, 0.4, 0.5, 0.6, 0.7, 0.8, 0.9]",id,timestamp,sales,,"['holiday', 'onpromotion']",['oil_price'],"['city', 'cluster', 'family', 'state', 'store_nbr', 'type']",favorita_stores_1D,0.9643153172,0,146.749990119,15790,19461c7044524e5b,False,0.9.0,0.9643153172,1.1923625249,0.1501612198,0.1215724533,"{""model_path"": ""Datadog/Toto-2.0-313m"", ""batch_size"": 512}",357bc23
Toto-2.0-313m,toto-2.0,autogluon/fev_datasets,favorita_stores_1M,12,2,-24,12,1,,12,SQL,"['MASE', {'name': 'WAPE', 'epsilon': 1.0}, {'name': 'WQL', 'epsilon': 1.0}]","[0.1, 0.2, 0.3, 0.4, 0.5, 0.6, 0.7, 0.8, 0.9]",id,timestamp,sales,,['onpromotion'],['oil_price'],"['city', 'cluster', 'family', 'state', 'store_nbr', 'type']",favorita_stores_1M,1.8354272819,0,28.488317689,3158,84fb97f68dbadc4d,False,0.9.0,1.8354272819,2.0500079833,0.1423759376,0.125466025,"{""model_path"": ""Datadog/Toto-2.0-313m"", ""batch_size"": 512}",357bc23
Toto-2.0-313m,toto-2.0,autogluon/fev_datasets,favorita_stores_1W,13,10,-130,13,1,,1,SQL,"['MASE', {'name': 'WAPE', 'epsilon': 1.0}, {'name': 'WQL', 'epsilon': 1.0}]","[0.1, 0.2, 0.3, 0.4, 0.5, 0.6, 0.7, 0.8, 0.9]",id,timestamp,sales,,['onpromotion'],['oil_price'],"['city', 'cluster', 'family', 'state', 'store_nbr', 'type']",favorita_stores_1W,2.0481420709,0,142.454522916,15790,209e5285efe3cc11,False,0.9.0,2.0481420709,2.4043801441,0.1299436495,0.1106568431,"{""model_path"": ""Datadog/Toto-2.0-313m"", ""batch_size"": 512}",357bc23
Toto-2.0-313m,toto-2.0,autogluon/fev_datasets,favorita_transactions_1D,28,10,-280,28,1,,7,SQL,"['MASE', {'name': 'WAPE', 'epsilon': 1.0}, {'name': 'WQL', 'epsilon': 1.0}]","[0.1, 0.2, 0.3, 0.4, 0.5, 0.6, 0.7, 0.8, 0.9]",id,timestamp,transactions,,['holiday'],['oil_price'],"['city', 'cluster', 'state', 'store_nbr', 'type']",favorita_transactions_1D,1.0558440937,0,5.828992181,510,39e8c1c4f2cbe086,False,0.9.0,1.0558440937,1.1100897944,0.0734428141,0.0613257258,"{""model_path"": ""Datadog/Toto-2.0-313m"", ""batch_size"": 512}",357bc23
Toto-2.0-313m,toto-2.0,autogluon/fev_datasets,favorita_transactions_1M,12,2,-24,12,1,,12,SQL,"['MASE', {'name': 'WAPE', 'epsilon': 1.0}, {'name': 'WQL', 'epsilon': 1.0}]","[0.1, 0.2, 0.3, 0.4, 0.5, 0.6, 0.7, 0.8, 0.9]",id,timestamp,transactions,,[],['oil_price'],"['city', 'cluster', 'state', 'store_nbr', 'type']",favorita_transactions_1M,1.1282570754,0,1.319829254,102,f2fdd1578e3fe1da,False,0.9.0,1.1282570754,1.3494353969,0.0817581919,0.0711058515,"{""model_path"": ""Datadog/Toto-2.0-313m"", ""batch_size"": 512}",357bc23
Toto-2.0-313m,toto-2.0,autogluon/fev_datasets,favorita_transactions_1W,13,10,-130,13,1,,1,SQL,"['MASE', {'name': 'WAPE', 'epsilon': 1.0}, {'name': 'WQL', 'epsilon': 1.0}]","[0.1, 0.2, 0.3, 0.4, 0.5, 0.6, 0.7, 0.8, 0.9]",id,timestamp,transactions,,[],['oil_price'],"['city', 'cluster', 'state', 'store_nbr', 'type']",favorita_transactions_1W,1.3959773193,0,5.019612494,510,297f1fca2bed5b06,False,0.9.0,1.3959773193,1.7727330014,0.0582538381,0.0483930301,"{""model_path"": ""Datadog/Toto-2.0-313m"", ""batch_size"": 512}",357bc23
Toto-2.0-313m,toto-2.0,autogluon/fev_datasets,fred_md_2025,12,20,-240,12,1,,1,SQL,"['MASE', {'name': 'WAPE', 'epsilon': 1.0}, {'name': 'WQL', 'epsilon': 1.0}]","[0.1, 0.2, 0.3, 0.4, 0.5, 0.6, 0.7, 0.8, 0.9]",id,timestamp,"['CPIAUCSL', 'FEDFUNDS', 'PAYEMS']",,[],"['M2REAL', 'NONBORRES', 'PPICMM', 'TOTRESNS']",[],fred_md_2025/cee,3.5504661202000003,0,2.272233919,60,6fd14b4ca30b94f0,False,0.9.0,3.5504661202000003,4.2579071984,0.0729991602,0.0623804609,"{""model_path"": ""Datadog/Toto-2.0-313m"", ""batch_size"": 512}",357bc23
Toto-2.0-313m,toto-2.0,autogluon/fev_datasets,fred_md_2025,12,20,-240,12,1,,1,SQL,"['MASE', {'name': 'WAPE', 'epsilon': 1.0}, {'name': 'WQL', 'epsilon': 1.0}]","[0.1, 0.2, 0.3, 0.4, 0.5, 0.6, 0.7, 0.8, 0.9]",id,timestamp,"['AAA', 'AWHMAN', 'BAA', 'BUSINVx', 'CPIAUCSL', 'CPIMEDSL', 'CUMFNS', 'DMANEMP', 'EXUSUKx', 'FEDFUNDS', 'GS1', 'GS10', 'GS5', 'HOUST', 'INDPRO', 'INVEST', 'IPBUSEQ', 'IPCONGD', 'IPDCONGD', 'IPDMAT', 'IPFINAL', 'IPMANSICS', 'IPMAT', 'IPNCONGD', 'IPNMAT', 'M2REAL', 'MANEMP', 'NDMANEMP', 'NONBORRES', 'PAYEMS', 'PERMIT', 'PPICMM', 'S&P 500', 'SRVPRD', 'TB3MS', 'TB6MS', 'TOTRESNS', 'UEMP15T26', 'UEMP27OV', 'UEMP5TO14', 'UEMPLT5', 'UEMPMEAN', 'UMCSENTx', 'UNRATE', 'USCONS', 'USFIRE', 'USGOOD', 'USGOVT', 'USTPU', 'USTRADE', 'VIXCLSx']",,[],[],[],fred_md_2025/macro,5.1382708302,0,9.436130356,1020,6fd14b4ca30b94f0,False,0.9.0,5.1382708302,6.0259125296,0.0748832737,0.0618735966,"{""model_path"": ""Datadog/Toto-2.0-313m"", ""batch_size"": 512}",357bc23
Toto-2.0-313m,toto-2.0,autogluon/fev_datasets,fred_qd_2025,8,20,-160,8,1,,1,SQL,"['MASE', {'name': 'WAPE', 'epsilon': 1.0}, {'name': 'WQL', 'epsilon': 1.0}]","[0.1, 0.2, 0.3, 0.4, 0.5, 0.6, 0.7, 0.8, 0.9]",id,timestamp,"['CPIAUCSL', 'FEDFUNDS', 'PAYEMS']",,[],"['M2REAL', 'NONBORRES', 'PPICMM', 'TOTRESNS']",[],fred_qd_2025/cee,1.8513157927,0,2.263299084,60,4ca57ebf484d0702,False,0.9.0,1.8513157927,2.1967951143,0.1492977307,0.1203868337,"{""model_path"": ""Datadog/Toto-2.0-313m"", ""batch_size"": 512}",357bc23
Toto-2.0-313m,toto-2.0,autogluon/fev_datasets,fred_qd_2025,8,20,-160,8,1,,1,SQL,"['MASE', {'name': 'WAPE', 'epsilon': 1.0}, {'name': 'WQL', 'epsilon': 1.0}]","[0.1, 0.2, 0.3, 0.4, 0.5, 0.6, 0.7, 0.8, 0.9]",id,timestamp,"['AAA', 'AWHMAN', 'BAA', 'BUSINVx', 'CPIAUCSL', 'CPIMEDSL', 'CUMFNS', 'DMANEMP', 'EXUSUKx', 'FEDFUNDS', 'GS1', 'GS10', 'GS5', 'HOUST', 'INDPRO', 'INVEST', 'IPBUSEQ', 'IPCONGD', 'IPDCONGD', 'IPDMAT', 'IPFINAL', 'IPMANSICS', 'IPMAT', 'IPNCONGD', 'IPNMAT', 'M2REAL', 'MANEMP', 'NDMANEMP', 'NONBORRES', 'PAYEMS', 'PERMIT', 'PPICMM', 'S&P 500', 'SRVPRD', 'TB3MS', 'TB6MS', 'TOTRESNS', 'UEMP15T26', 'UEMP27OV', 'UEMP5TO14', 'UEMPLT5', 'UEMPMEAN', 'UMCSENTx', 'UNRATE', 'USCONS', 'USFIRE', 'USGOOD', 'USGOVT', 'USTPU', 'USTRADE', 'VIXCLSx']",,[],[],[],fred_qd_2025/macro,3.3733442079,0,9.217384689,1020,4ca57ebf484d0702,False,0.9.0,3.3733442079,4.0492349186,0.1012513982,0.0821352866,"{""model_path"": ""Datadog/Toto-2.0-313m"", ""batch_size"": 512}",357bc23
Toto-2.0-313m,toto-2.0,autogluon/fev_datasets,gvar,8,10,-80,8,1,,4,SQL,"['MASE', {'name': 'WAPE', 'epsilon': 1.0}, {'name': 'WQL', 'epsilon': 1.0}]","[0.1, 0.2, 0.3, 0.4, 0.5, 0.6, 0.7, 0.8, 0.9]",id,timestamp,"['Dp', 'ep', 'eq', 'lr', 'r', 'y']",,[],"['pmat', 'pmetal', 'poil']",[],gvar,0.5553047582,0,16.192345818,1980,61766544be22840b,False,0.9.0,0.5553047582,0.6770418089,0.0178477471,0.0146124185,"{""model_path"": ""Datadog/Toto-2.0-313m"", ""batch_size"": 512}",357bc23
Toto-2.0-313m,toto-2.0,autogluon/fev_datasets,hermes,52,1,-52,52,1,,1,SQL,"['MASE', {'name': 'WAPE', 'epsilon': 1.0}, {'name': 'WQL', 'epsilon': 1.0}]","[0.1, 0.2, 0.3, 0.4, 0.5, 0.6, 0.7, 0.8, 0.9]",id,timestamp,target,,['external'],[],"['category', 'country']",hermes,0.6498324266000001,0,87.714339536,10000,107b852d349c8182,False,0.9.0,0.6498324266000001,0.8260161196,0.0030127204,0.0023660122,"{""model_path"": ""Datadog/Toto-2.0-313m"", ""batch_size"": 512}",357bc23
Toto-2.0-313m,toto-2.0,autogluon/fev_datasets,hierarchical_sales_1D,28,10,-280,28,1,,7,SQL,"['MASE', {'name': 'WAPE', 'epsilon': 1.0}, {'name': 'WQL', 'epsilon': 1.0}]","[0.1, 0.2, 0.3, 0.4, 0.5, 0.6, 0.7, 0.8, 0.9]",id,timestamp,target,,[],[],[],hierarchical_sales_1D,0.5516858958,0,12.70703305,1180,77b3d008284e117b,False,0.9.0,0.5516858958,0.6864295594000001,0.697331471,0.5668575799000001,"{""model_path"": ""Datadog/Toto-2.0-313m"", ""batch_size"": 512}",357bc23
Toto-2.0-313m,toto-2.0,autogluon/fev_datasets,hierarchical_sales_1W,13,10,-130,13,1,,1,SQL,"['MASE', {'name': 'WAPE', 'epsilon': 1.0}, {'name': 'WQL', 'epsilon': 1.0}]","[0.1, 0.2, 0.3, 0.4, 0.5, 0.6, 0.7, 0.8, 0.9]",id,timestamp,target,,[],[],[],hierarchical_sales_1W,0.6258001616000001,0,12.506860184,1180,2b2b335c105dabf3,False,0.9.0,0.6258001616000001,0.7638073422,0.4321480393,0.3670778617,"{""model_path"": ""Datadog/Toto-2.0-313m"", ""batch_size"": 512}",357bc23
Toto-2.0-313m,toto-2.0,autogluon/fev_datasets,hospital,12,4,-48,12,1,,12,SQL,"['MASE', {'name': 'WAPE', 'epsilon': 1.0}, {'name': 'WQL', 'epsilon': 1.0}]","[0.1, 0.2, 0.3, 0.4, 0.5, 0.6, 0.7, 0.8, 0.9]",id,timestamp,target,,[],[],[],hospital,0.6824665364,0,26.298007407,3068,188b4fce7bbf0ba7,False,0.9.0,0.6824665364,0.8665279916,0.0892451238,0.0716670687,"{""model_path"": ""Datadog/Toto-2.0-313m"", ""batch_size"": 512}",357bc23
Toto-2.0-313m,toto-2.0,autogluon/fev_datasets,hospital_admissions_1D,28,20,-560,28,1,,7,SQL,"['MASE', {'name': 'WAPE', 'epsilon': 1.0}, {'name': 'WQL', 'epsilon': 1.0}]","[0.1, 0.2, 0.3, 0.4, 0.5, 0.6, 0.7, 0.8, 0.9]",id,timestamp,target,,[],[],[],hospital_admissions_1D,0.5544590612,0,2.397156798,160,2a4e1183560f9bb2,False,0.9.0,0.5544590612,0.7170635256,0.5319372066,0.4112639343,"{""model_path"": ""Datadog/Toto-2.0-313m"", ""batch_size"": 512}",357bc23
Toto-2.0-313m,toto-2.0,autogluon/fev_datasets,hospital_admissions_1W,13,16,-208,13,1,,1,SQL,"['MASE', {'name': 'WAPE', 'epsilon': 1.0}, {'name': 'WQL', 'epsilon': 1.0}]","[0.1, 0.2, 0.3, 0.4, 0.5, 0.6, 0.7, 0.8, 0.9]",id,timestamp,target,,[],[],[],hospital_admissions_1W,0.578490351,0,1.968904002,128,5ac11b235b4614f4,False,0.9.0,0.578490351,0.7525219346,0.2119459122,0.1629510239,"{""model_path"": ""Datadog/Toto-2.0-313m"", ""batch_size"": 512}",357bc23
Toto-2.0-313m,toto-2.0,autogluon/fev_datasets,jena_weather_10T,144,20,-2880,144,1,,144,SQL,"['MASE', {'name': 'WAPE', 'epsilon': 1.0}, {'name': 'WQL', 'epsilon': 1.0}]","[0.1, 0.2, 0.3, 0.4, 0.5, 0.6, 0.7, 0.8, 0.9]",id,timestamp,"['target_0', 'target_1', 'target_10', 'target_11', 'target_12', 'target_13', 'target_14', 'target_15', 'target_16', 'target_17', 'target_18', 'target_19', 'target_2', 'target_20', 'target_3', 'target_4', 'target_5', 'target_6', 'target_7', 'target_8', 'target_9']",,[],[],[],jena_weather_10T,0.349190447,0,4.4064759460000005,420,25a5999066a34de5,False,0.9.0,0.349190447,0.4245089156,0.2388019544,0.2109903321,"{""model_path"": ""Datadog/Toto-2.0-313m"", ""batch_size"": 512}",357bc23
Toto-2.0-313m,toto-2.0,autogluon/fev_datasets,jena_weather_1D,28,11,-308,28,1,,1,SQL,"['MASE', {'name': 'WAPE', 'epsilon': 1.0}, {'name': 'WQL', 'epsilon': 1.0}]","[0.1, 0.2, 0.3, 0.4, 0.5, 0.6, 0.7, 0.8, 0.9]",id,timestamp,"['target_0', 'target_1', 'target_10', 'target_11', 'target_12', 'target_13', 'target_14', 'target_15', 'target_16', 'target_17', 'target_18', 'target_19', 'target_2', 'target_20', 'target_3', 'target_4', 'target_5', 'target_6', 'target_7', 'target_8', 'target_9']",,[],[],[],jena_weather_1D,1.1174383099,0,2.420180266,231,003626a54394cc81,False,0.9.0,1.1174383099,1.4228391992,0.2838994514,0.2290670891,"{""model_path"": ""Datadog/Toto-2.0-313m"", ""batch_size"": 512}",357bc23
Toto-2.0-313m,toto-2.0,autogluon/fev_datasets,jena_weather_1H,24,20,-480,24,1,,24,SQL,"['MASE', {'name': 'WAPE', 'epsilon': 1.0}, {'name': 'WQL', 'epsilon': 1.0}]","[0.1, 0.2, 0.3, 0.4, 0.5, 0.6, 0.7, 0.8, 0.9]",id,timestamp,"['target_0', 'target_1', 'target_10', 'target_11', 'target_12', 'target_13', 'target_14', 'target_15', 'target_16', 'target_17', 'target_18', 'target_19', 'target_2', 'target_20', 'target_3', 'target_4', 'target_5', 'target_6', 'target_7', 'target_8', 'target_9']",,[],[],[],jena_weather_1H,0.3542711499,0,4.232597063,420,75bfd3b5994a5acf,False,0.9.0,0.3542711499,0.4390660376,0.241841166,0.2064620178,"{""model_path"": ""Datadog/Toto-2.0-313m"", ""batch_size"": 512}",357bc23
Toto-2.0-313m,toto-2.0,autogluon/fev_datasets,kdd_cup_2022_10T,288,10,-2880,288,1,,144,SQL,"['MASE', {'name': 'WAPE', 'epsilon': 1.0}, {'name': 'WQL', 'epsilon': 1.0}]","[0.1, 0.2, 0.3, 0.4, 0.5, 0.6, 0.7, 0.8, 0.9]",id,timestamp,Patv,,[],"['Etmp', 'Itmp', 'Ndir', 'Pab1', 'Pab2', 'Pab3', 'Prtv', 'Wdir', 'Wspd']",[],kdd_cup_2022_10T,0.4282436484,0,17.365126428,1340,9b41e743d33077cd,False,0.9.0,0.4282436484,0.5309238195,1.4419420445,1.2611561204,"{""model_path"": ""Datadog/Toto-2.0-313m"", ""batch_size"": 512}",357bc23
Toto-2.0-313m,toto-2.0,autogluon/fev_datasets,kdd_cup_2022_1D,14,10,-140,14,1,,1,SQL,"['MASE', {'name': 'WAPE', 'epsilon': 1.0}, {'name': 'WQL', 'epsilon': 1.0}]","[0.1, 0.2, 0.3, 0.4, 0.5, 0.6, 0.7, 0.8, 0.9]",id,timestamp,Patv,,[],"['Etmp', 'Itmp', 'Ndir', 'Pab1', 'Pab2', 'Pab3', 'Prtv', 'Wdir', 'Wspd']",[],kdd_cup_2022_1D,0.7031467502000001,0,14.609351574,1340,53e3bfa3689aa2d7,False,0.9.0,0.7031467502000001,0.9013936358,0.7193285459000001,0.5591092906,"{""model_path"": ""Datadog/Toto-2.0-313m"", ""batch_size"": 512}",357bc23
Toto-2.0-313m,toto-2.0,autogluon/fev_datasets,kdd_cup_2022_30T,96,10,-960,96,1,,48,SQL,"['MASE', {'name': 'WAPE', 'epsilon': 1.0}, {'name': 'WQL', 'epsilon': 1.0}]","[0.1, 0.2, 0.3, 0.4, 0.5, 0.6, 0.7, 0.8, 0.9]",id,timestamp,Patv,,[],"['Etmp', 'Itmp', 'Ndir', 'Pab1', 'Pab2', 'Pab3', 'Prtv', 'Wdir', 'Wspd']",[],kdd_cup_2022_30T,0.4400916592,0,15.403332831,1340,f73b55a07564deaa,False,0.9.0,0.4400916592,0.5480061981000001,1.5396878753,1.3214301757,"{""model_path"": ""Datadog/Toto-2.0-313m"", ""batch_size"": 512}",357bc23
Toto-2.0-313m,toto-2.0,autogluon/fev_datasets,m5_1D,28,1,-28,28,1,,7,SQL,"['MASE', {'name': 'WAPE', 'epsilon': 1.0}, {'name': 'WQL', 'epsilon': 1.0}]","[0.1, 0.2, 0.3, 0.4, 0.5, 0.6, 0.7, 0.8, 0.9]",id,timestamp,target,,"['event_Cultural', 'event_National', 'event_Religious', 'event_Sporting', 'sell_price', 'snap_CA', 'snap_TX', 'snap_WI']",[],"['cat_id', 'dept_id', 'item_id', 'state_id', 'store_id']",m5_1D,0.7054049866000001,0,274.317847287,30490,a5408e93540ec5c9,False,0.9.0,0.7054049866000001,0.8657971579,0.6939208981,0.5455199783,"{""model_path"": ""Datadog/Toto-2.0-313m"", ""batch_size"": 512}",357bc23
Toto-2.0-313m,toto-2.0,autogluon/fev_datasets,m5_1M,12,1,-12,12,6,,12,SQL,"['MASE', {'name': 'WAPE', 'epsilon': 1.0}, {'name': 'WQL', 'epsilon': 1.0}]","[0.1, 0.2, 0.3, 0.4, 0.5, 0.6, 0.7, 0.8, 0.9]",id,timestamp,target,,"['event_Cultural', 'event_National', 'event_Religious', 'event_Sporting', 'sell_price', 'snap_CA', 'snap_TX', 'snap_WI']",[],"['cat_id', 'dept_id', 'item_id', 'state_id', 'store_id']",m5_1M,1.0171056227,0,259.986072402,29364,b562dee8546ce598,False,0.9.0,1.0171056227,1.1763144559,0.4322732639,0.3522163978,"{""model_path"": ""Datadog/Toto-2.0-313m"", ""batch_size"": 512}",357bc23
Toto-2.0-313m,toto-2.0,autogluon/fev_datasets,m5_1W,13,1,-13,13,1,,1,SQL,"['MASE', {'name': 'WAPE', 'epsilon': 1.0}, {'name': 'WQL', 'epsilon': 1.0}]","[0.1, 0.2, 0.3, 0.4, 0.5, 0.6, 0.7, 0.8, 0.9]",id,timestamp,target,,"['event_Cultural', 'event_National', 'event_Religious', 'event_Sporting', 'sell_price', 'snap_CA', 'snap_TX', 'snap_WI']",[],"['cat_id', 'dept_id', 'item_id', 'state_id', 'store_id']",m5_1W,1.0129572572,0,269.242748473,30490,0c7d59ea6d50dbdf,False,0.9.0,1.0129572572,1.1453836443,0.421826037,0.3381479716,"{""model_path"": ""Datadog/Toto-2.0-313m"", ""batch_size"": 512}",357bc23
Toto-2.0-313m,toto-2.0,autogluon/fev_datasets,proenfo_gfc12,168,10,-1680,168,1,,24,SQL,"['MASE', {'name': 'WAPE', 'epsilon': 1.0}, {'name': 'WQL', 'epsilon': 1.0}]","[0.1, 0.2, 0.3, 0.4, 0.5, 0.6, 0.7, 0.8, 0.9]",id,timestamp,target,,['airtemperature'],[],[],proenfo_gfc12,0.8404503113,0,1.6896198450000002,110,b9d66f77d6db1337,False,0.9.0,0.8404503113,1.0288033689,0.0863093135,0.0704471025,"{""model_path"": ""Datadog/Toto-2.0-313m"", ""batch_size"": 512}",357bc23
Toto-2.0-313m,toto-2.0,autogluon/fev_datasets,proenfo_gfc14,168,20,-3360,168,1,,24,SQL,"['MASE', {'name': 'WAPE', 'epsilon': 1.0}, {'name': 'WQL', 'epsilon': 1.0}]","[0.1, 0.2, 0.3, 0.4, 0.5, 0.6, 0.7, 0.8, 0.9]",id,timestamp,target,,['airtemperature'],[],[],proenfo_gfc14,0.6997715783,0,2.263455078,20,a2f90b2f1ba52e38,False,0.9.0,0.6997715783,0.8831716113,0.0430661695,0.0341281505,"{""model_path"": ""Datadog/Toto-2.0-313m"", ""batch_size"": 512}",357bc23
Toto-2.0-313m,toto-2.0,autogluon/fev_datasets,proenfo_gfc17,168,20,-3360,168,1,,24,SQL,"['MASE', {'name': 'WAPE', 'epsilon': 1.0}, {'name': 'WQL', 'epsilon': 1.0}]","[0.1, 0.2, 0.3, 0.4, 0.5, 0.6, 0.7, 0.8, 0.9]",id,timestamp,target,,['airtemperature'],[],[],proenfo_gfc17,0.8404405091,0,2.487179487,160,eba07ba0bb45e5dc,False,0.9.0,0.8404405091,1.0669668856,0.0718695364,0.0567771902,"{""model_path"": ""Datadog/Toto-2.0-313m"", ""batch_size"": 512}",357bc23
Toto-2.0-313m,toto-2.0,autogluon/fev_datasets,redset_15T,96,10,-960,96,1,,96,SQL,"['MASE', {'name': 'WAPE', 'epsilon': 1.0}, {'name': 'WQL', 'epsilon': 1.0}]","[0.1, 0.2, 0.3, 0.4, 0.5, 0.6, 0.7, 0.8, 0.9]",id,timestamp,target,,[],[],['subset'],redset_15T,0.6908155589,0,13.849199491,1260,49fdfb78f00880f9,False,0.9.0,0.6908155589,0.8307952312,0.2689812455,0.2215744903,"{""model_path"": ""Datadog/Toto-2.0-313m"", ""batch_size"": 512}",357bc23
Toto-2.0-313m,toto-2.0,autogluon/fev_datasets,redset_1H,24,10,-240,24,1,,24,SQL,"['MASE', {'name': 'WAPE', 'epsilon': 1.0}, {'name': 'WQL', 'epsilon': 1.0}]","[0.1, 0.2, 0.3, 0.4, 0.5, 0.6, 0.7, 0.8, 0.9]",id,timestamp,target,,[],[],['subset'],redset_1H,1.2834254628,0,14.605426307,1380,f7cbb47cb5f76ea7,False,0.9.0,1.2834254628,1.4262171669,0.2044371194,0.1697630432,"{""model_path"": ""Datadog/Toto-2.0-313m"", ""batch_size"": 512}",357bc23
Toto-2.0-313m,toto-2.0,autogluon/fev_datasets,redset_5T,288,10,-2880,288,1,,288,SQL,"['MASE', {'name': 'WAPE', 'epsilon': 1.0}, {'name': 'WQL', 'epsilon': 1.0}]","[0.1, 0.2, 0.3, 0.4, 0.5, 0.6, 0.7, 0.8, 0.9]",id,timestamp,target,,[],[],['subset'],redset_5T,0.6048864070000001,0,12.494023194,1180,b9a12aeba2af7192,False,0.9.0,0.6048864070000001,0.7219889740000001,0.3096942761,0.2538017132,"{""model_path"": ""Datadog/Toto-2.0-313m"", ""batch_size"": 512}",357bc23
Toto-2.0-313m,toto-2.0,autogluon/fev_datasets,restaurant,28,8,-224,28,1,,7,SQL,"['MASE', {'name': 'WAPE', 'epsilon': 1.0}, {'name': 'WQL', 'epsilon': 1.0}]","[0.1, 0.2, 0.3, 0.4, 0.5, 0.6, 0.7, 0.8, 0.9]",id,timestamp,target,,[],[],"['air_area_name', 'air_genre_name', 'latitude', 'longitude']",restaurant,0.8180863359,0,55.710614531,6502,5af240c09db342cf,False,0.9.0,0.8180863359,0.9623116234,0.3670700996,0.2911420585,"{""model_path"": ""Datadog/Toto-2.0-313m"", ""batch_size"": 512}",357bc23
Toto-2.0-313m,toto-2.0,autogluon/fev_datasets,rohlik_orders_1D,61,5,2023-05-01T00:00:00,61,1,,7,SQL,"['MASE', {'name': 'WAPE', 'epsilon': 1.0}, {'name': 'WQL', 'epsilon': 1.0}]","[0.1, 0.2, 0.3, 0.4, 0.5, 0.6, 0.7, 0.8, 0.9]",id,timestamp,orders,,"['holiday', 'school_holidays', 'shops_closed', 'winter_school_holidays']","['blackout', 'frankfurt_shutdown', 'mini_shutdown', 'mov_change', 'precipitation', 'shutdown', 'snow', 'user_activity_1', 'user_activity_2']",[],rohlik_orders_1D,1.0837265841,0,0.852391105,35,743d7d85eea679ed,False,0.9.0,1.0837265841,1.3457939298,0.0605329438,0.0493031585,"{""model_path"": ""Datadog/Toto-2.0-313m"", ""batch_size"": 512}",357bc23
Toto-2.0-313m,toto-2.0,autogluon/fev_datasets,rohlik_orders_1W,8,5,2023-05-01T00:00:00,8,1,,1,SQL,"['MASE', {'name': 'WAPE', 'epsilon': 1.0}, {'name': 'WQL', 'epsilon': 1.0}]","[0.1, 0.2, 0.3, 0.4, 0.5, 0.6, 0.7, 0.8, 0.9]",id,timestamp,orders,,"['holiday', 'school_holidays', 'shops_closed', 'winter_school_holidays']","['blackout', 'frankfurt_shutdown', 'mini_shutdown', 'mov_change', 'precipitation', 'shutdown', 'snow', 'user_activity_1', 'user_activity_2']",[],rohlik_orders_1W,1.3692473864,0,0.842616786,35,18a03d658590ecd3,False,0.9.0,1.3692473864,1.7060180826,0.0560958456,0.0450562846,"{""model_path"": ""Datadog/Toto-2.0-313m"", ""batch_size"": 512}",357bc23
Toto-2.0-313m,toto-2.0,autogluon/fev_datasets,rohlik_sales_1D,14,1,2023-12-15T00:00:00,14,14,,7,SQL,"['MASE', {'name': 'WAPE', 'epsilon': 1.0}, {'name': 'WQL', 'epsilon': 1.0}]","[0.1, 0.2, 0.3, 0.4, 0.5, 0.6, 0.7, 0.8, 0.9]",id,timestamp,sales,,"['holiday', 'school_holidays', 'sell_price_main', 'shops_closed', 'total_orders', 'type_0_discount', 'type_1_discount', 'type_2_discount', 'type_3_discount', 'type_4_discount', 'type_5_discount', 'type_6_discount', 'winter_school_holidays']",['availability'],"['L1_category_name_en', 'L2_category_name_en', 'L3_category_name_en', 'L4_category_name_en', 'name', 'product_unique_id', 'warehouse']",rohlik_sales_1D,1.1851125302,0,38.268626071,4116,bdd7a282f9fc98e5,False,0.9.0,1.1851125302,1.4072449888,0.3841378048,0.3246397825,"{""model_path"": ""Datadog/Toto-2.0-313m"", ""batch_size"": 512}",357bc23
Toto-2.0-313m,toto-2.0,autogluon/fev_datasets,rohlik_sales_1W,8,1,2023-12-15T00:00:00,8,8,,1,SQL,"['MASE', {'name': 'WAPE', 'epsilon': 1.0}, {'name': 'WQL', 'epsilon': 1.0}]","[0.1, 0.2, 0.3, 0.4, 0.5, 0.6, 0.7, 0.8, 0.9]",id,timestamp,sales,,"['holiday', 'school_holidays', 'sell_price_main', 'shops_closed', 'total_orders', 'type_0_discount', 'type_1_discount', 'type_2_discount', 'type_3_discount', 'type_4_discount', 'type_5_discount', 'type_6_discount', 'winter_school_holidays']",['availability'],"['L1_category_name_en', 'L2_category_name_en', 'L3_category_name_en', 'L4_category_name_en', 'name', 'product_unique_id', 'warehouse']",rohlik_sales_1W,1.4952528856,0,35.588185997,3942,a1817f8223c08fb5,False,0.9.0,1.4952528856,1.7745122881,0.2802288508,0.2332533739,"{""model_path"": ""Datadog/Toto-2.0-313m"", ""batch_size"": 512}",357bc23
Toto-2.0-313m,toto-2.0,autogluon/fev_datasets,rossmann_1D,48,10,-480,48,1,,7,SQL,"['MASE', {'name': 'WAPE', 'epsilon': 1.0}, {'name': 'WQL', 'epsilon': 1.0}]","[0.1, 0.2, 0.3, 0.4, 0.5, 0.6, 0.7, 0.8, 0.9]",id,timestamp,Sales,,"['DayOfWeek', 'Open', 'Promo', 'SchoolHoliday', 'StateHoliday']",['Customers'],"['Assortment', 'CompetitionDistance', 'CompetitionOpenSinceMonth', 'CompetitionOpenSinceYear', 'Promo2', 'Promo2SinceWeek', 'Promo2SinceYear', 'PromoInterval', 'Store', 'StoreType']",rossmann_1D,0.4945914321,0,105.409893744,11150,8441c9ccbe2ff4d1,False,0.9.0,0.4945914321,0.5970376888000001,0.20332722,0.1684007028,"{""model_path"": ""Datadog/Toto-2.0-313m"", ""batch_size"": 512}",357bc23
Toto-2.0-313m,toto-2.0,autogluon/fev_datasets,rossmann_1W,13,8,-104,13,1,,1,SQL,"['MASE', {'name': 'WAPE', 'epsilon': 1.0}, {'name': 'WQL', 'epsilon': 1.0}]","[0.1, 0.2, 0.3, 0.4, 0.5, 0.6, 0.7, 0.8, 0.9]",id,timestamp,Sales,,"['Open', 'Promo', 'SchoolHoliday', 'StateHoliday']",['Customers'],"['Assortment', 'CompetitionDistance', 'CompetitionOpenSinceMonth', 'CompetitionOpenSinceYear', 'Promo2', 'Promo2SinceWeek', 'Promo2SinceYear', 'PromoInterval', 'Store', 'StoreType']",rossmann_1W,0.5137769939,0,80.973511633,8920,e18c12f0c75cf8c0,False,0.9.0,0.5137769939,0.6759881421,0.1876020191,0.1411573604,"{""model_path"": ""Datadog/Toto-2.0-313m"", ""batch_size"": 512}",357bc23
Toto-2.0-313m,toto-2.0,autogluon/fev_datasets,solar_1D,28,10,-280,28,1,,1,SQL,"['MASE', {'name': 'WAPE', 'epsilon': 1.0}, {'name': 'WQL', 'epsilon': 1.0}]","[0.1, 0.2, 0.3, 0.4, 0.5, 0.6, 0.7, 0.8, 0.9]",id,timestamp,target,,[],[],[],solar_1D,0.6120411752,0,14.618363325,1370,61a16072f577b902,False,0.9.0,0.6120411752,0.7799826169,0.2455946895,0.1920833954,"{""model_path"": ""Datadog/Toto-2.0-313m"", ""batch_size"": 512}",357bc23
Toto-2.0-313m,toto-2.0,autogluon/fev_datasets,solar_1W,13,1,-13,13,1,,1,SQL,"['MASE', {'name': 'WAPE', 'epsilon': 1.0}, {'name': 'WQL', 'epsilon': 1.0}]","[0.1, 0.2, 0.3, 0.4, 0.5, 0.6, 0.7, 0.8, 0.9]",id,timestamp,target,,[],[],[],solar_1W,1.1717885418,0,1.742193024,137,b957c1ccfd8bdefc,False,0.9.0,1.1717885418,1.5932369792,0.2682406898,0.197474927,"{""model_path"": ""Datadog/Toto-2.0-313m"", ""batch_size"": 512}",357bc23
Toto-2.0-313m,toto-2.0,autogluon/fev_datasets,solar_with_weather_15T,96,20,-1920,96,1,,96,SQL,"['MASE', {'name': 'WAPE', 'epsilon': 1.0}, {'name': 'WQL', 'epsilon': 1.0}]","[0.1, 0.2, 0.3, 0.4, 0.5, 0.6, 0.7, 0.8, 0.9]",id,timestamp,target,,"['day_length', 'humidity', 'pressure', 'rain_1h', 'snow_1h', 'temp', 'wind_speed']","['clouds_all', 'global_horizontal_irradiance']",[],solar_with_weather_15T,0.7788740339,0,2.57397318,20,52351e76b7090ab1,False,0.9.0,0.7788740339,1.0331787464,1.1576600587,0.8286726317,"{""model_path"": ""Datadog/Toto-2.0-313m"", ""batch_size"": 512}",357bc23
Toto-2.0-313m,toto-2.0,autogluon/fev_datasets,solar_with_weather_1H,24,20,-480,24,1,,24,SQL,"['MASE', {'name': 'WAPE', 'epsilon': 1.0}, {'name': 'WQL', 'epsilon': 1.0}]","[0.1, 0.2, 0.3, 0.4, 0.5, 0.6, 0.7, 0.8, 0.9]",id,timestamp,target,,"['day_length', 'humidity', 'pressure', 'rain_1h', 'snow_1h', 'temp', 'wind_speed']","['clouds_all', 'global_horizontal_irradiance']",[],solar_with_weather_1H,0.8640787078000001,0,2.332700551,20,4a140710760f779a,False,0.9.0,0.8640787078000001,1.0830197291,1.2916224179,1.0277328272,"{""model_path"": ""Datadog/Toto-2.0-313m"", ""batch_size"": 512}",357bc23
Toto-2.0-313m,toto-2.0,autogluon/fev_datasets,uci_air_quality_1D,28,11,-308,28,1,,7,SQL,"['MASE', {'name': 'WAPE', 'epsilon': 1.0}, {'name': 'WQL', 'epsilon': 1.0}]","[0.1, 0.2, 0.3, 0.4, 0.5, 0.6, 0.7, 0.8, 0.9]",id,timestamp,"['C6H6(GT)', 'CO(GT)', 'NO2(GT)', 'NOx(GT)']",,"['AH', 'RH', 'T']",[],[],uci_air_quality_1D,1.2246627564,0,1.391872904,44,0d2ba39e4e4ce5f4,False,0.9.0,1.2246627564,1.5148063922,0.3099499977,0.2475451622,"{""model_path"": ""Datadog/Toto-2.0-313m"", ""batch_size"": 512}",357bc23
Toto-2.0-313m,toto-2.0,autogluon/fev_datasets,uci_air_quality_1H,168,20,-3360,168,1,,24,SQL,"['MASE', {'name': 'WAPE', 'epsilon': 1.0}, {'name': 'WQL', 'epsilon': 1.0}]","[0.1, 0.2, 0.3, 0.4, 0.5, 0.6, 0.7, 0.8, 0.9]",id,timestamp,"['C6H6(GT)', 'CO(GT)', 'NO2(GT)', 'NOx(GT)']",,"['AH', 'RH', 'T']",[],[],uci_air_quality_1H,0.8452081315000001,0,2.308575258,80,62f958117014ee08,False,0.9.0,0.8452081315000001,1.0907421637,0.358579312,0.2771487739,"{""model_path"": ""Datadog/Toto-2.0-313m"", ""batch_size"": 512}",357bc23
Toto-2.0-313m,toto-2.0,autogluon/fev_datasets,uk_covid_nation_1D,28,20,-560,28,1,,1,SQL,"['MASE', {'name': 'WAPE', 'epsilon': 1.0}, {'name': 'WQL', 'epsilon': 1.0}]","[0.1, 0.2, 0.3, 0.4, 0.5, 0.6, 0.7, 0.8, 0.9]",id,timestamp,"['cumulative_admissions', 'cumulative_cases', 'cumulative_deaths']",,[],"['cumulative_vaccinated_1', 'cumulative_vaccinated_2', 'cumulative_vaccinated_3', 'hospital_cases', 'icu_ventilator_occupancy']",[],uk_covid_nation_1D/cumulative,6.6468184006,0,2.694169128,240,c8dff53b6fcb4695,False,0.9.0,6.6468184006,8.3435946295,0.0162942278,0.0131767203,"{""model_path"": ""Datadog/Toto-2.0-313m"", ""batch_size"": 512}",357bc23
Toto-2.0-313m,toto-2.0,autogluon/fev_datasets,uk_covid_nation_1D,28,20,-560,28,1,,7,SQL,"['MASE', {'name': 'WAPE', 'epsilon': 1.0}, {'name': 'WQL', 'epsilon': 1.0}]","[0.1, 0.2, 0.3, 0.4, 0.5, 0.6, 0.7, 0.8, 0.9]",id,timestamp,"['new_admissions', 'new_cases', 'new_deaths']",,[],"['hospital_cases', 'icu_ventilator_occupancy', 'new_vaccinated_1', 'new_vaccinated_2', 'new_vaccinated_3']",[],uk_covid_nation_1D/new,2.1373233081,0,2.702427401,240,c8dff53b6fcb4695,False,0.9.0,2.1373233081,2.5608046869,0.3638023691,0.296913042,"{""model_path"": ""Datadog/Toto-2.0-313m"", ""batch_size"": 512}",357bc23
Toto-2.0-313m,toto-2.0,autogluon/fev_datasets,uk_covid_nation_1W,8,4,-32,8,1,,1,SQL,"['MASE', {'name': 'WAPE', 'epsilon': 1.0}, {'name': 'WQL', 'epsilon': 1.0}]","[0.1, 0.2, 0.3, 0.4, 0.5, 0.6, 0.7, 0.8, 0.9]",id,timestamp,"['cumulative_admissions', 'cumulative_cases', 'cumulative_deaths']",,[],"['cumulative_vaccinated_1', 'cumulative_vaccinated_2', 'cumulative_vaccinated_3', 'hospital_cases', 'icu_ventilator_occupancy']",[],uk_covid_nation_1W/cumulative,4.4260402942,0,0.7969399180000001,48,a1bd24bd7d949574,False,0.9.0,4.4260402942,5.8353080907,0.0525449282,0.0415549333,"{""model_path"": ""Datadog/Toto-2.0-313m"", ""batch_size"": 512}",357bc23
Toto-2.0-313m,toto-2.0,autogluon/fev_datasets,uk_covid_nation_1W,8,4,-32,8,1,,1,SQL,"['MASE', {'name': 'WAPE', 'epsilon': 1.0}, {'name': 'WQL', 'epsilon': 1.0}]","[0.1, 0.2, 0.3, 0.4, 0.5, 0.6, 0.7, 0.8, 0.9]",id,timestamp,"['new_admissions', 'new_cases', 'new_deaths']",,[],"['hospital_cases', 'icu_ventilator_occupancy', 'new_vaccinated_1', 'new_vaccinated_2', 'new_vaccinated_3']",[],uk_covid_nation_1W/new,5.1096811632,0,0.7792939080000001,48,a1bd24bd7d949574,False,0.9.0,5.1096811632,6.1393057497,0.8447785222,0.6774189337000001,"{""model_path"": ""Datadog/Toto-2.0-313m"", ""batch_size"": 512}",357bc23
Toto-2.0-313m,toto-2.0,autogluon/fev_datasets,uk_covid_utla_1D,28,10,-280,28,1,,7,SQL,"['MASE', {'name': 'WAPE', 'epsilon': 1.0}, {'name': 'WQL', 'epsilon': 1.0}]","[0.1, 0.2, 0.3, 0.4, 0.5, 0.6, 0.7, 0.8, 0.9]",id,timestamp,new_cases,,[],[],[],uk_covid_utla_1D/new,4.7949558862,0,18.501422611,2140,46f9bb53c6d05e0a,False,0.9.0,4.7949558862,5.7499702198,0.60479368,0.5047013502000001,"{""model_path"": ""Datadog/Toto-2.0-313m"", ""batch_size"": 512}",357bc23
Toto-2.0-313m,toto-2.0,autogluon/fev_datasets,uk_covid_utla_1W,13,5,-65,13,1,,1,SQL,"['MASE', {'name': 'WAPE', 'epsilon': 1.0}, {'name': 'WQL', 'epsilon': 1.0}]","[0.1, 0.2, 0.3, 0.4, 0.5, 0.6, 0.7, 0.8, 0.9]",id,timestamp,cumulative_cases,,[],[],[],uk_covid_utla_1W/cumulative,17.0802903182,0,9.334024605,1070,c4fdce102c5b6f47,False,0.9.0,17.0802903182,19.3277729487,0.198888152,0.1751760589,"{""model_path"": ""Datadog/Toto-2.0-313m"", ""batch_size"": 512}",357bc23
Toto-2.0-313m,toto-2.0,autogluon/fev_datasets,us_consumption_1M,12,10,-120,12,1,,12,SQL,"['MASE', {'name': 'WAPE', 'epsilon': 1.0}, {'name': 'WQL', 'epsilon': 1.0}]","[0.1, 0.2, 0.3, 0.4, 0.5, 0.6, 0.7, 0.8, 0.9]",id,timestamp,target,,[],[],[],us_consumption_1M,1.4835893175,0,3.08311646,310,c882f886bec32c78,False,0.9.0,1.4835893175,1.7889836654,0.0235078338,0.0204370234,"{""model_path"": ""Datadog/Toto-2.0-313m"", ""batch_size"": 512}",357bc23
Toto-2.0-313m,toto-2.0,autogluon/fev_datasets,us_consumption_1Q,8,10,-80,8,1,,4,SQL,"['MASE', {'name': 'WAPE', 'epsilon': 1.0}, {'name': 'WQL', 'epsilon': 1.0}]","[0.1, 0.2, 0.3, 0.4, 0.5, 0.6, 0.7, 0.8, 0.9]",id,timestamp,target,,[],[],[],us_consumption_1Q,1.8646011041,0,3.065401794,310,9a76cd11c4c2c07e,False,0.9.0,1.8646011041,2.2598303677,0.0316054331,0.0271284112,"{""model_path"": ""Datadog/Toto-2.0-313m"", ""batch_size"": 512}",357bc23
Toto-2.0-313m,toto-2.0,autogluon/fev_datasets,us_consumption_1Y,5,10,-50,5,1,,1,SQL,"['MASE', {'name': 'WAPE', 'epsilon': 1.0}, {'name': 'WQL', 'epsilon': 1.0}]","[0.1, 0.2, 0.3, 0.4, 0.5, 0.6, 0.7, 0.8, 0.9]",id,timestamp,target,,[],[],[],us_consumption_1Y,3.9288937046,0,3.051444118,310,d29d0d81db6393b4,False,0.9.0,3.9288937046,4.7207155683,0.0624226825,0.0503989798,"{""model_path"": ""Datadog/Toto-2.0-313m"", ""batch_size"": 512}",357bc23
Toto-2.0-313m,toto-2.0,autogluon/fev_datasets,walmart,39,1,-39,39,1,,1,SQL,"['MASE', {'name': 'WAPE', 'epsilon': 1.0}, {'name': 'WQL', 'epsilon': 1.0}]","[0.1, 0.2, 0.3, 0.4, 0.5, 0.6, 0.7, 0.8, 0.9]",id,timestamp,target,,"['CPI', 'Fuel_Price', 'IsHoliday', 'MarkDown1', 'MarkDown2', 'MarkDown3', 'MarkDown4', 'MarkDown5', 'Temperature', 'Unemployment']",[],"['Dept', 'Size', 'Store', 'Type']",walmart,0.7552115918000001,0,26.494466718,2936,84f95b6543281d0d,False,0.9.0,0.7552115918000001,0.9480968556,0.1125583525,0.0897900191,"{""model_path"": ""Datadog/Toto-2.0-313m"", ""batch_size"": 512}",357bc23
Toto-2.0-313m,toto-2.0,autogluon/fev_datasets,world_co2_emissions,5,9,-45,5,1,,1,SQL,"['MASE', {'name': 'WAPE', 'epsilon': 1.0}, {'name': 'WQL', 'epsilon': 1.0}]","[0.1, 0.2, 0.3, 0.4, 0.5, 0.6, 0.7, 0.8, 0.9]",id,timestamp,target,,[],[],[],world_co2_emissions,2.7320814268,0,14.830436795,1719,c78d3682201594d9,False,0.9.0,2.7320814268,3.3175277423,0.0909627463,0.0743932703,"{""model_path"": ""Datadog/Toto-2.0-313m"", ""batch_size"": 512}",357bc23
Toto-2.0-313m,toto-2.0,autogluon/fev_datasets,world_life_expectancy,5,10,-50,5,1,,1,SQL,"['MASE', {'name': 'WAPE', 'epsilon': 1.0}, {'name': 'WQL', 'epsilon': 1.0}]","[0.1, 0.2, 0.3, 0.4, 0.5, 0.6, 0.7, 0.8, 0.9]",id,timestamp,target,,[],[],[],world_life_expectancy,1.09686354,0,20.204507359,2370,f9ce571f4bf31401,False,0.9.0,1.09686354,1.303816055,0.0102551521,0.0086857921,"{""model_path"": ""Datadog/Toto-2.0-313m"", ""batch_size"": 512}",357bc23
Toto-2.0-313m,toto-2.0,autogluon/fev_datasets,world_tourism,5,2,-10,5,1,,1,SQL,"['MASE', {'name': 'WAPE', 'epsilon': 1.0}, {'name': 'WQL', 'epsilon': 1.0}]","[0.1, 0.2, 0.3, 0.4, 0.5, 0.6, 0.7, 0.8, 0.9]",id,timestamp,target,,[],[],[],world_tourism,3.0493581547,0,4.028727251,356,dcd8469c3acc4caa,False,0.9.0,3.0493581547,3.8257796023,0.1214663798,0.0912173164,"{""model_path"": ""Datadog/Toto-2.0-313m"", ""batch_size"": 512}",357bc23
Toto-2.0-4m,toto-2.0,autogluon/fev_datasets,ETT_15T,96,20,-1920,96,1,,96,SQL,"['MASE', {'name': 'WAPE', 'epsilon': 1.0}, {'name': 'WQL', 'epsilon': 1.0}]","[0.1, 0.2, 0.3, 0.4, 0.5, 0.6, 0.7, 0.8, 0.9]",id,timestamp,"['HUFL', 'HULL', 'LUFL', 'LULL', 'MUFL', 'MULL', 'OT']",,[],[],[],ETT_15T,0.5675487844,0,0.967366575,280,b5dd9d1f1927aad6,False,0.9.0,0.5675487844,0.723840339,0.1165488051,0.0910278902,"{""model_path"": ""Datadog/Toto-2.0-4m"", ""batch_size"": 512}",357bc23
Toto-2.0-4m,toto-2.0,autogluon/fev_datasets,ETT_1D,28,20,-560,28,1,,7,SQL,"['MASE', {'name': 'WAPE', 'epsilon': 1.0}, {'name': 'WQL', 'epsilon': 1.0}]","[0.1, 0.2, 0.3, 0.4, 0.5, 0.6, 0.7, 0.8, 0.9]",id,timestamp,"['HUFL', 'HULL', 'LUFL', 'LULL', 'MUFL', 'MULL', 'OT']",,[],[],[],ETT_1D,1.1553237804,0,0.816242317,280,936cfaf2a3a6ab34,False,0.9.0,1.1553237804,1.377158803,0.3352292924,0.2703842771,"{""model_path"": ""Datadog/Toto-2.0-4m"", ""batch_size"": 512}",357bc23
Toto-2.0-4m,toto-2.0,autogluon/fev_datasets,ETT_1H,168,20,-3360,168,1,,24,SQL,"['MASE', {'name': 'WAPE', 'epsilon': 1.0}, {'name': 'WQL', 'epsilon': 1.0}]","[0.1, 0.2, 0.3, 0.4, 0.5, 0.6, 0.7, 0.8, 0.9]",id,timestamp,"['HUFL', 'HULL', 'LUFL', 'LULL', 'MUFL', 'MULL', 'OT']",,[],[],[],ETT_1H,0.8961325529,0,0.840934167,280,abd94afdf0b158e2,False,0.9.0,0.8961325529,1.1424635969,0.2487794037,0.1940800065,"{""model_path"": ""Datadog/Toto-2.0-4m"", ""batch_size"": 512}",357bc23
Toto-2.0-4m,toto-2.0,autogluon/fev_datasets,ETT_1W,13,5,-65,13,1,,1,SQL,"['MASE', {'name': 'WAPE', 'epsilon': 1.0}, {'name': 'WQL', 'epsilon': 1.0}]","[0.1, 0.2, 0.3, 0.4, 0.5, 0.6, 0.7, 0.8, 0.9]",id,timestamp,"['HUFL', 'HULL', 'LUFL', 'LULL', 'MUFL', 'MULL', 'OT']",,[],[],[],ETT_1W,2.2236416716,0,0.446785313,70,2e18066fd2e18f63,False,0.9.0,2.2236416716,2.563194657,0.4687525665,0.375313951,"{""model_path"": ""Datadog/Toto-2.0-4m"", ""batch_size"": 512}",357bc23
Toto-2.0-4m,toto-2.0,autogluon/fev_datasets,LOOP_SEATTLE_1D,28,10,-280,28,1,,7,SQL,"['MASE', {'name': 'WAPE', 'epsilon': 1.0}, {'name': 'WQL', 'epsilon': 1.0}]","[0.1, 0.2, 0.3, 0.4, 0.5, 0.6, 0.7, 0.8, 0.9]",id,timestamp,target,,[],[],[],LOOP_SEATTLE_1D,0.8358336164,0,2.503082334,3230,678fdb11fbd87309,False,0.9.0,0.8358336164,1.0347277286,0.0392369505,0.0316128852,"{""model_path"": ""Datadog/Toto-2.0-4m"", ""batch_size"": 512}",357bc23
Toto-2.0-4m,toto-2.0,autogluon/fev_datasets,LOOP_SEATTLE_1H,168,10,-1680,168,1,,24,SQL,"['MASE', {'name': 'WAPE', 'epsilon': 1.0}, {'name': 'WQL', 'epsilon': 1.0}]","[0.1, 0.2, 0.3, 0.4, 0.5, 0.6, 0.7, 0.8, 0.9]",id,timestamp,target,,[],[],[],LOOP_SEATTLE_1H,0.7372999633,0,4.037510684,3230,85c8da08d0377714,False,0.9.0,0.7372999633,0.9197608815,0.0795993086,0.0636305787,"{""model_path"": ""Datadog/Toto-2.0-4m"", ""batch_size"": 512}",357bc23
Toto-2.0-4m,toto-2.0,autogluon/fev_datasets,LOOP_SEATTLE_5T,288,10,-2880,288,1,,288,SQL,"['MASE', {'name': 'WAPE', 'epsilon': 1.0}, {'name': 'WQL', 'epsilon': 1.0}]","[0.1, 0.2, 0.3, 0.4, 0.5, 0.6, 0.7, 0.8, 0.9]",id,timestamp,target,,[],[],[],LOOP_SEATTLE_5T,0.5499692081,0,19.983878515,3230,ddf124d757f77e1e,False,0.9.0,0.5499692081,0.6934857939,0.0750912871,0.0595339252,"{""model_path"": ""Datadog/Toto-2.0-4m"", ""batch_size"": 512}",357bc23
Toto-2.0-4m,toto-2.0,autogluon/fev_datasets,M_DENSE_1D,28,10,-280,28,1,,7,SQL,"['MASE', {'name': 'WAPE', 'epsilon': 1.0}, {'name': 'WQL', 'epsilon': 1.0}]","[0.1, 0.2, 0.3, 0.4, 0.5, 0.6, 0.7, 0.8, 0.9]",id,timestamp,target,,[],[],[],M_DENSE_1D,0.8640470712,0,0.672113932,300,1ceaf27cc148581f,False,0.9.0,0.8640470712,1.0479700759,0.1124073754,0.0934896105,"{""model_path"": ""Datadog/Toto-2.0-4m"", ""batch_size"": 512}",357bc23
Toto-2.0-4m,toto-2.0,autogluon/fev_datasets,M_DENSE_1H,168,10,-1680,168,1,,24,SQL,"['MASE', {'name': 'WAPE', 'epsilon': 1.0}, {'name': 'WQL', 'epsilon': 1.0}]","[0.1, 0.2, 0.3, 0.4, 0.5, 0.6, 0.7, 0.8, 0.9]",id,timestamp,target,,[],[],[],M_DENSE_1H,0.7094885956,0,0.910159531,300,a291fe961233f488,False,0.9.0,0.7094885956,0.8808963281000001,0.1835893874,0.1484773567,"{""model_path"": ""Datadog/Toto-2.0-4m"", ""batch_size"": 512}",357bc23
Toto-2.0-4m,toto-2.0,autogluon/fev_datasets,SZ_TAXI_15T,96,10,-960,96,1,,96,SQL,"['MASE', {'name': 'WAPE', 'epsilon': 1.0}, {'name': 'WQL', 'epsilon': 1.0}]","[0.1, 0.2, 0.3, 0.4, 0.5, 0.6, 0.7, 0.8, 0.9]",id,timestamp,target,,[],[],[],SZ_TAXI_15T,0.4009676894,0,1.555451273,1560,947f77f0c19ac7ce,False,0.9.0,0.4009676894,0.5087373921,0.2432725185,0.191384151,"{""model_path"": ""Datadog/Toto-2.0-4m"", ""batch_size"": 512}",357bc23
Toto-2.0-4m,toto-2.0,autogluon/fev_datasets,SZ_TAXI_1H,168,2,-336,168,1,,24,SQL,"['MASE', {'name': 'WAPE', 'epsilon': 1.0}, {'name': 'WQL', 'epsilon': 1.0}]","[0.1, 0.2, 0.3, 0.4, 0.5, 0.6, 0.7, 0.8, 0.9]",id,timestamp,target,,[],[],[],SZ_TAXI_1H,0.4021064715,0,0.5414027840000001,312,c8fc2c774fa27320,False,0.9.0,0.4021064715,0.495501714,0.1660172808,0.1347664611,"{""model_path"": ""Datadog/Toto-2.0-4m"", ""batch_size"": 512}",357bc23
Toto-2.0-4m,toto-2.0,autogluon/fev_datasets,australian_tourism,8,2,-16,8,1,,4,SQL,"['MASE', {'name': 'WAPE', 'epsilon': 1.0}, {'name': 'WQL', 'epsilon': 1.0}]","[0.1, 0.2, 0.3, 0.4, 0.5, 0.6, 0.7, 0.8, 0.9]",id,timestamp,target,,[],[],[],australian_tourism,0.9292371474,0,0.447558775,178,67065ff520a65e45,False,0.9.0,0.9292371474,1.1731406372,0.1434159682,0.1125261016,"{""model_path"": ""Datadog/Toto-2.0-4m"", ""batch_size"": 512}",357bc23
Toto-2.0-4m,toto-2.0,autogluon/fev_datasets,bizitobs_l2c_1H,24,20,-480,24,1,,24,SQL,"['MASE', {'name': 'WAPE', 'epsilon': 1.0}, {'name': 'WQL', 'epsilon': 1.0}]","[0.1, 0.2, 0.3, 0.4, 0.5, 0.6, 0.7, 0.8, 0.9]",id,timestamp,"['target_0', 'target_1', 'target_2', 'target_3', 'target_4', 'target_5', 'target_6']",,[],[],[],bizitobs_l2c_1H,0.3348758244,0,0.786650297,140,167357ba0cdd59b2,False,0.9.0,0.3348758244,0.4234612798,0.3887154792,0.3127927463,"{""model_path"": ""Datadog/Toto-2.0-4m"", ""batch_size"": 512}",357bc23
Toto-2.0-4m,toto-2.0,autogluon/fev_datasets,bizitobs_l2c_5T,288,20,-5760,288,1,,288,SQL,"['MASE', {'name': 'WAPE', 'epsilon': 1.0}, {'name': 'WQL', 'epsilon': 1.0}]","[0.1, 0.2, 0.3, 0.4, 0.5, 0.6, 0.7, 0.8, 0.9]",id,timestamp,"['target_0', 'target_1', 'target_2', 'target_3', 'target_4', 'target_5', 'target_6']",,[],[],[],bizitobs_l2c_5T,0.6229673872,0,0.823078289,140,89ab1ca4d8dbeb4e,False,0.9.0,0.6229673872,0.7280379650000001,1.1670127242,1.0471463511,"{""model_path"": ""Datadog/Toto-2.0-4m"", ""batch_size"": 512}",357bc23
Toto-2.0-4m,toto-2.0,autogluon/fev_datasets,boomlet_1062,288,20,-5760,288,1,,288,SQL,"['MASE', {'name': 'WAPE', 'epsilon': 1.0}, {'name': 'WQL', 'epsilon': 1.0}]","[0.1, 0.2, 0.3, 0.4, 0.5, 0.6, 0.7, 0.8, 0.9]",id,timestamp,"['target_0', 'target_1', 'target_10', 'target_11', 'target_12', 'target_13', 'target_14', 'target_15', 'target_16', 'target_17', 'target_18', 'target_19', 'target_2', 'target_20', 'target_3', 'target_4', 'target_5', 'target_6', 'target_7', 'target_8', 'target_9']",,[],[],[],boomlet_1062,0.5418768895,0,0.811647647,420,5315f65aa45f55db,False,0.9.0,0.5418768895,0.6681502327000001,0.5662882778,0.4532902104,"{""model_path"": ""Datadog/Toto-2.0-4m"", ""batch_size"": 512}",357bc23
Toto-2.0-4m,toto-2.0,autogluon/fev_datasets,boomlet_1209,288,20,-5760,288,1,,288,SQL,"['MASE', {'name': 'WAPE', 'epsilon': 1.0}, {'name': 'WQL', 'epsilon': 1.0}]","[0.1, 0.2, 0.3, 0.4, 0.5, 0.6, 0.7, 0.8, 0.9]",id,timestamp,"['target_0', 'target_1', 'target_10', 'target_11', 'target_12', 'target_13', 'target_14', 'target_15', 'target_16', 'target_17', 'target_18', 'target_19', 'target_2', 'target_20', 'target_21', 'target_22', 'target_23', 'target_24', 'target_25', 'target_26', 'target_27', 'target_28', 'target_29', 'target_3', 'target_30', 'target_31', 'target_32', 'target_33', 'target_34', 'target_35', 'target_36', 'target_37', 'target_38', 'target_39', 'target_4', 'target_40', 'target_41', 'target_42', 'target_43', 'target_44', 'target_45', 'target_46', 'target_47', 'target_48', 'target_49', 'target_5', 'target_50', 'target_51', 'target_52', 'target_6', 'target_7', 'target_8', 'target_9']",,[],[],[],boomlet_1209,0.6479343819000001,0,0.831972793,1060,af76fff1b484ede3,False,0.9.0,0.6479343819000001,0.7548459037,0.2956766258,0.2509175761,"{""model_path"": ""Datadog/Toto-2.0-4m"", ""batch_size"": 512}",357bc23
Toto-2.0-4m,toto-2.0,autogluon/fev_datasets,boomlet_1225,60,20,-1200,60,1,,1440,SQL,"['MASE', {'name': 'WAPE', 'epsilon': 1.0}, {'name': 'WQL', 'epsilon': 1.0}]","[0.1, 0.2, 0.3, 0.4, 0.5, 0.6, 0.7, 0.8, 0.9]",id,timestamp,"['target_0', 'target_1', 'target_10', 'target_11', 'target_12', 'target_13', 'target_14', 'target_15', 'target_16', 'target_17', 'target_18', 'target_19', 'target_2', 'target_20', 'target_21', 'target_22', 'target_23', 'target_24', 'target_25', 'target_26', 'target_27', 'target_28', 'target_29', 'target_3', 'target_30', 'target_31', 'target_32', 'target_33', 'target_34', 'target_35', 'target_36', 'target_37', 'target_38', 'target_39', 'target_4', 'target_40', 'target_41', 'target_42', 'target_43', 'target_44', 'target_45', 'target_46', 'target_47', 'target_48', 'target_5', 'target_6', 'target_7', 'target_8', 'target_9']",,[],[],[],boomlet_1225,0.1857979376,0,0.828071235,980,53a43cd2c9c7ebf1,False,0.9.0,0.1857979376,0.2319546529,0.1220553664,0.098032793,"{""model_path"": ""Datadog/Toto-2.0-4m"", ""batch_size"": 512}",357bc23
Toto-2.0-4m,toto-2.0,autogluon/fev_datasets,boomlet_1230,288,20,-5760,288,1,,288,SQL,"['MASE', {'name': 'WAPE', 'epsilon': 1.0}, {'name': 'WQL', 'epsilon': 1.0}]","[0.1, 0.2, 0.3, 0.4, 0.5, 0.6, 0.7, 0.8, 0.9]",id,timestamp,"['target_0', 'target_1', 'target_10', 'target_11', 'target_12', 'target_13', 'target_14', 'target_15', 'target_16', 'target_17', 'target_18', 'target_19', 'target_2', 'target_20', 'target_21', 'target_22', 'target_3', 'target_4', 'target_5', 'target_6', 'target_7', 'target_8', 'target_9']",,[],[],[],boomlet_1230,1.1421118962,0,0.8054184780000001,460,6e7b8e026660d41c,False,0.9.0,1.1421118962,1.2886466565,0.2930834114,0.2516059078,"{""model_path"": ""Datadog/Toto-2.0-4m"", ""batch_size"": 512}",357bc23
Toto-2.0-4m,toto-2.0,autogluon/fev_datasets,boomlet_1282,60,20,-1200,60,1,,1440,SQL,"['MASE', {'name': 'WAPE', 'epsilon': 1.0}, {'name': 'WQL', 'epsilon': 1.0}]","[0.1, 0.2, 0.3, 0.4, 0.5, 0.6, 0.7, 0.8, 0.9]",id,timestamp,"['target_0', 'target_1', 'target_10', 'target_11', 'target_12', 'target_13', 'target_14', 'target_15', 'target_16', 'target_17', 'target_18', 'target_19', 'target_2', 'target_20', 'target_21', 'target_22', 'target_23', 'target_24', 'target_25', 'target_26', 'target_27', 'target_28', 'target_29', 'target_3', 'target_30', 'target_31', 'target_32', 'target_33', 'target_34', 'target_4', 'target_5', 'target_6', 'target_7', 'target_8', 'target_9']",,[],[],[],boomlet_1282,0.4129995924,0,0.842457215,700,c0f21ca23524dd1f,False,0.9.0,0.4129995924,0.5044697129,0.3482339761,0.2823022293,"{""model_path"": ""Datadog/Toto-2.0-4m"", ""batch_size"": 512}",357bc23
Toto-2.0-4m,toto-2.0,autogluon/fev_datasets,boomlet_1487,288,20,-5760,288,1,,288,SQL,"['MASE', {'name': 'WAPE', 'epsilon': 1.0}, {'name': 'WQL', 'epsilon': 1.0}]","[0.1, 0.2, 0.3, 0.4, 0.5, 0.6, 0.7, 0.8, 0.9]",id,timestamp,"['target_0', 'target_1', 'target_10', 'target_11', 'target_12', 'target_13', 'target_14', 'target_15', 'target_16', 'target_17', 'target_18', 'target_19', 'target_2', 'target_20', 'target_21', 'target_22', 'target_23', 'target_24', 'target_25', 'target_26', 'target_27', 'target_28', 'target_29', 'target_3', 'target_30', 'target_31', 'target_32', 'target_33', 'target_34', 'target_35', 'target_36', 'target_37', 'target_38', 'target_39', 'target_4', 'target_40', 'target_41', 'target_42', 'target_43', 'target_44', 'target_45', 'target_46', 'target_47', 'target_48', 'target_49', 'target_5', 'target_50', 'target_51', 'target_52', 'target_53', 'target_6', 'target_7', 'target_8', 'target_9']",,[],[],[],boomlet_1487,0.4260201682,0,0.8324069590000001,1080,230d7ec998d3cbb2,False,0.9.0,0.4260201682,0.5140178453,0.2026428062,0.1677403883,"{""model_path"": ""Datadog/Toto-2.0-4m"", ""batch_size"": 512}",357bc23
Toto-2.0-4m,toto-2.0,autogluon/fev_datasets,boomlet_1631,96,20,-1920,96,1,,48,SQL,"['MASE', {'name': 'WAPE', 'epsilon': 1.0}, {'name': 'WQL', 'epsilon': 1.0}]","[0.1, 0.2, 0.3, 0.4, 0.5, 0.6, 0.7, 0.8, 0.9]",id,timestamp,"['target_0', 'target_1', 'target_10', 'target_11', 'target_12', 'target_13', 'target_14', 'target_15', 'target_16', 'target_17', 'target_18', 'target_19', 'target_2', 'target_20', 'target_21', 'target_22', 'target_23', 'target_24', 'target_25', 'target_26', 'target_27', 'target_28', 'target_29', 'target_3', 'target_30', 'target_31', 'target_32', 'target_33', 'target_34', 'target_35', 'target_36', 'target_37', 'target_38', 'target_39', 'target_4', 'target_5', 'target_6', 'target_7', 'target_8', 'target_9']",,[],[],[],boomlet_1631,0.5806484029,0,0.8058727670000001,800,d69b69e987e32a2b,False,0.9.0,0.5806484029,0.7249658802000001,0.3163039351,0.2527798035,"{""model_path"": ""Datadog/Toto-2.0-4m"", ""batch_size"": 512}",357bc23
Toto-2.0-4m,toto-2.0,autogluon/fev_datasets,boomlet_1676,96,20,-1920,96,1,,48,SQL,"['MASE', {'name': 'WAPE', 'epsilon': 1.0}, {'name': 'WQL', 'epsilon': 1.0}]","[0.1, 0.2, 0.3, 0.4, 0.5, 0.6, 0.7, 0.8, 0.9]",id,timestamp,"['target_0', 'target_1', 'target_10', 'target_11', 'target_12', 'target_13', 'target_14', 'target_15', 'target_16', 'target_17', 'target_18', 'target_19', 'target_2', 'target_20', 'target_21', 'target_22', 'target_23', 'target_24', 'target_25', 'target_26', 'target_27', 'target_28', 'target_29', 'target_3', 'target_30', 'target_31', 'target_32', 'target_33', 'target_34', 'target_35', 'target_36', 'target_37', 'target_38', 'target_39', 'target_4', 'target_40', 'target_41', 'target_42', 'target_43', 'target_44', 'target_45', 'target_46', 'target_47', 'target_48', 'target_49', 'target_5', 'target_50', 'target_51', 'target_52', 'target_53', 'target_54', 'target_55', 'target_56', 'target_57', 'target_58', 'target_59', 'target_6', 'target_60', 'target_61', 'target_62', 'target_63', 'target_64', 'target_65', 'target_66', 'target_67', 'target_68', 'target_69', 'target_7', 'target_70', 'target_71', 'target_72', 'target_73', 'target_74', 'target_75', 'target_76', 'target_77', 'target_78', 'target_79', 'target_8', 'target_80', 'target_81', 'target_82', 'target_83', 'target_84', 'target_85', 'target_86', 'target_87', 'target_88', 'target_89', 'target_9', 'target_90', 'target_91', 'target_92', 'target_93', 'target_94', 'target_95', 'target_96', 'target_97', 'target_98', 'target_99']",,[],[],[],boomlet_1676,0.5561889279000001,0,0.97534212,2000,027ec0ef1e78a6f2,False,0.9.0,0.5561889279000001,0.6926736692000001,0.3161557532,0.2490162864,"{""model_path"": ""Datadog/Toto-2.0-4m"", ""batch_size"": 512}",357bc23
Toto-2.0-4m,toto-2.0,autogluon/fev_datasets,boomlet_1855,24,20,-480,24,1,,24,SQL,"['MASE', {'name': 'WAPE', 'epsilon': 1.0}, {'name': 'WQL', 'epsilon': 1.0}]","[0.1, 0.2, 0.3, 0.4, 0.5, 0.6, 0.7, 0.8, 0.9]",id,timestamp,"['target_0', 'target_1', 'target_10', 'target_11', 'target_12', 'target_13', 'target_14', 'target_15', 'target_16', 'target_17', 'target_18', 'target_19', 'target_2', 'target_20', 'target_21', 'target_22', 'target_23', 'target_24', 'target_25', 'target_26', 'target_27', 'target_28', 'target_29', 'target_3', 'target_30', 'target_31', 'target_32', 'target_33', 'target_34', 'target_35', 'target_36', 'target_37', 'target_38', 'target_39', 'target_4', 'target_40', 'target_41', 'target_42', 'target_43', 'target_44', 'target_45', 'target_46', 'target_47', 'target_48', 'target_49', 'target_5', 'target_50', 'target_51', 'target_6', 'target_7', 'target_8', 'target_9']",,[],[],[],boomlet_1855,0.4492351264,0,0.8115130890000001,1040,cd1d53a59eac2c8a,False,0.9.0,0.4492351264,0.5273872371,0.1576210054,0.1344972702,"{""model_path"": ""Datadog/Toto-2.0-4m"", ""batch_size"": 512}",357bc23
Toto-2.0-4m,toto-2.0,autogluon/fev_datasets,boomlet_1975,24,20,-480,24,1,,24,SQL,"['MASE', {'name': 'WAPE', 'epsilon': 1.0}, {'name': 'WQL', 'epsilon': 1.0}]","[0.1, 0.2, 0.3, 0.4, 0.5, 0.6, 0.7, 0.8, 0.9]",id,timestamp,"['target_0', 'target_1', 'target_10', 'target_11', 'target_12', 'target_13', 'target_14', 'target_15', 'target_16', 'target_17', 'target_18', 'target_19', 'target_2', 'target_20', 'target_21', 'target_22', 'target_23', 'target_24', 'target_25', 'target_26', 'target_27', 'target_28', 'target_29', 'target_3', 'target_30', 'target_31', 'target_32', 'target_33', 'target_34', 'target_35', 'target_36', 'target_37', 'target_38', 'target_39', 'target_4', 'target_40', 'target_41', 'target_42', 'target_43', 'target_44', 'target_45', 'target_46', 'target_47', 'target_48', 'target_49', 'target_5', 'target_50', 'target_51', 'target_52', 'target_53', 'target_54', 'target_55', 'target_56', 'target_57', 'target_58', 'target_59', 'target_6', 'target_60', 'target_61', 'target_62', 'target_63', 'target_64', 'target_65', 'target_66', 'target_67', 'target_68', 'target_69', 'target_7', 'target_70', 'target_71', 'target_72', 'target_73', 'target_74', 'target_8', 'target_9']",,[],[],[],boomlet_1975,0.1451597334,0,0.842237071,1500,7e9816ee39ec8d75,False,0.9.0,0.1451597334,0.1731066392,0.0984766355,0.0823803293,"{""model_path"": ""Datadog/Toto-2.0-4m"", ""batch_size"": 512}",357bc23
Toto-2.0-4m,toto-2.0,autogluon/fev_datasets,boomlet_2187,24,20,-480,24,1,,24,SQL,"['MASE', {'name': 'WAPE', 'epsilon': 1.0}, {'name': 'WQL', 'epsilon': 1.0}]","[0.1, 0.2, 0.3, 0.4, 0.5, 0.6, 0.7, 0.8, 0.9]",id,timestamp,"['target_0', 'target_1', 'target_10', 'target_11', 'target_12', 'target_13', 'target_14', 'target_15', 'target_16', 'target_17', 'target_18', 'target_19', 'target_2', 'target_20', 'target_21', 'target_22', 'target_23', 'target_24', 'target_25', 'target_26', 'target_27', 'target_28', 'target_29', 'target_3', 'target_30', 'target_31', 'target_32', 'target_33', 'target_34', 'target_35', 'target_36', 'target_37', 'target_38', 'target_39', 'target_4', 'target_40', 'target_41', 'target_42', 'target_43', 'target_44', 'target_45', 'target_46', 'target_47', 'target_48', 'target_49', 'target_5', 'target_50', 'target_51', 'target_52', 'target_53', 'target_54', 'target_55', 'target_56', 'target_57', 'target_58', 'target_59', 'target_6', 'target_60', 'target_61', 'target_62', 'target_63', 'target_64', 'target_65', 'target_66', 'target_67', 'target_68', 'target_69', 'target_7', 'target_70', 'target_71', 'target_72', 'target_73', 'target_74', 'target_75', 'target_76', 'target_77', 'target_78', 'target_79', 'target_8', 'target_80', 'target_81', 'target_82', 'target_83', 'target_84', 'target_85', 'target_86', 'target_87', 'target_88', 'target_89', 'target_9', 'target_90', 'target_91', 'target_92', 'target_93', 'target_94', 'target_95', 'target_96', 'target_97', 'target_98', 'target_99']",,[],[],[],boomlet_2187,0.7194559635000001,0,0.941186837,2000,8afbba40b02d520a,False,0.9.0,0.7194559635000001,0.8149521723,0.268655356,0.2347347998,"{""model_path"": ""Datadog/Toto-2.0-4m"", ""batch_size"": 512}",357bc23
Toto-2.0-4m,toto-2.0,autogluon/fev_datasets,boomlet_285,60,20,-1200,60,1,,1440,SQL,"['MASE', {'name': 'WAPE', 'epsilon': 1.0}, {'name': 'WQL', 'epsilon': 1.0}]","[0.1, 0.2, 0.3, 0.4, 0.5, 0.6, 0.7, 0.8, 0.9]",id,timestamp,"['target_0', 'target_1', 'target_10', 'target_11', 'target_12', 'target_13', 'target_14', 'target_15', 'target_16', 'target_17', 'target_18', 'target_19', 'target_2', 'target_20', 'target_21', 'target_22', 'target_23', 'target_24', 'target_25', 'target_26', 'target_27', 'target_28', 'target_29', 'target_3', 'target_30', 'target_31', 'target_32', 'target_33', 'target_34', 'target_35', 'target_36', 'target_37', 'target_38', 'target_39', 'target_4', 'target_40', 'target_41', 'target_42', 'target_43', 'target_44', 'target_45', 'target_46', 'target_47', 'target_48', 'target_49', 'target_5', 'target_50', 'target_51', 'target_52', 'target_53', 'target_54', 'target_55', 'target_56', 'target_57', 'target_58', 'target_59', 'target_6', 'target_60', 'target_61', 'target_62', 'target_63', 'target_64', 'target_65', 'target_66', 'target_67', 'target_68', 'target_69', 'target_7', 'target_70', 'target_71', 'target_72', 'target_73', 'target_74', 'target_8', 'target_9']",,[],[],[],boomlet_285,0.3218176679,0,0.8664904470000001,1500,b08e8ba2a228e2e5,False,0.9.0,0.3218176679,0.3682962451,0.1644625376,0.1369389616,"{""model_path"": ""Datadog/Toto-2.0-4m"", ""batch_size"": 512}",357bc23
Toto-2.0-4m,toto-2.0,autogluon/fev_datasets,boomlet_619,60,20,-1200,60,1,,1440,SQL,"['MASE', {'name': 'WAPE', 'epsilon': 1.0}, {'name': 'WQL', 'epsilon': 1.0}]","[0.1, 0.2, 0.3, 0.4, 0.5, 0.6, 0.7, 0.8, 0.9]",id,timestamp,"['target_0', 'target_1', 'target_10', 'target_11', 'target_12', 'target_13', 'target_14', 'target_15', 'target_16', 'target_17', 'target_18', 'target_19', 'target_2', 'target_20', 'target_21', 'target_22', 'target_23', 'target_24', 'target_25', 'target_26', 'target_27', 'target_28', 'target_29', 'target_3', 'target_30', 'target_31', 'target_32', 'target_33', 'target_34', 'target_35', 'target_36', 'target_37', 'target_38', 'target_39', 'target_4', 'target_40', 'target_41', 'target_42', 'target_43', 'target_44', 'target_45', 'target_46', 'target_47', 'target_48', 'target_49', 'target_5', 'target_50', 'target_51', 'target_6', 'target_7', 'target_8', 'target_9']",,[],[],[],boomlet_619,0.3135556532,0,0.8299577330000001,1040,a20d9d612ea2e091,False,0.9.0,0.3135556532,0.4108826152,0.2870848363,0.2202544188,"{""model_path"": ""Datadog/Toto-2.0-4m"", ""batch_size"": 512}",357bc23
Toto-2.0-4m,toto-2.0,autogluon/fev_datasets,boomlet_772,60,20,-1200,60,1,,1440,SQL,"['MASE', {'name': 'WAPE', 'epsilon': 1.0}, {'name': 'WQL', 'epsilon': 1.0}]","[0.1, 0.2, 0.3, 0.4, 0.5, 0.6, 0.7, 0.8, 0.9]",id,timestamp,"['target_0', 'target_1', 'target_10', 'target_11', 'target_12', 'target_13', 'target_14', 'target_15', 'target_16', 'target_17', 'target_18', 'target_19', 'target_2', 'target_20', 'target_21', 'target_22', 'target_23', 'target_24', 'target_25', 'target_26', 'target_27', 'target_28', 'target_29', 'target_3', 'target_30', 'target_31', 'target_32', 'target_33', 'target_34', 'target_35', 'target_36', 'target_37', 'target_38', 'target_39', 'target_4', 'target_40', 'target_41', 'target_42', 'target_43', 'target_44', 'target_45', 'target_46', 'target_47', 'target_48', 'target_49', 'target_5', 'target_50', 'target_51', 'target_52', 'target_53', 'target_54', 'target_55', 'target_56', 'target_57', 'target_58', 'target_59', 'target_6', 'target_60', 'target_61', 'target_62', 'target_63', 'target_64', 'target_65', 'target_66', 'target_7', 'target_8', 'target_9']",,[],[],[],boomlet_772,0.2902362244,0,0.8415030910000001,1340,65e5cc1b1b902449,False,0.9.0,0.2902362244,0.338194603,0.157764458,0.1334271117,"{""model_path"": ""Datadog/Toto-2.0-4m"", ""batch_size"": 512}",357bc23
Toto-2.0-4m,toto-2.0,autogluon/fev_datasets,boomlet_963,60,20,-1200,60,1,,1440,SQL,"['MASE', {'name': 'WAPE', 'epsilon': 1.0}, {'name': 'WQL', 'epsilon': 1.0}]","[0.1, 0.2, 0.3, 0.4, 0.5, 0.6, 0.7, 0.8, 0.9]",id,timestamp,"['target_0', 'target_1', 'target_10', 'target_11', 'target_12', 'target_13', 'target_14', 'target_15', 'target_16', 'target_17', 'target_18', 'target_19', 'target_2', 'target_20', 'target_21', 'target_22', 'target_23', 'target_24', 'target_25', 'target_26', 'target_27', 'target_3', 'target_4', 'target_5', 'target_6', 'target_7', 'target_8', 'target_9']",,[],[],[],boomlet_963,0.7229660492000001,0,0.8471892040000001,560,45e417d57b7c8664,False,0.9.0,0.7229660492000001,0.8394387670000001,0.3814302709,0.3185355621,"{""model_path"": ""Datadog/Toto-2.0-4m"", ""batch_size"": 512}",357bc23
Toto-2.0-4m,toto-2.0,autogluon/fev_datasets,ecdc_ili,13,10,-130,13,1,,1,SQL,"['MASE', {'name': 'WAPE', 'epsilon': 1.0}, {'name': 'WQL', 'epsilon': 1.0}]","[0.1, 0.2, 0.3, 0.4, 0.5, 0.6, 0.7, 0.8, 0.9]",id,timestamp,target,,[],[],[],ecdc_ili,2.5338166452,0,0.635027126,240,e72cf15c97fc1dd6,False,0.9.0,2.5338166452,3.0258995,0.4694937859,0.4016054767,"{""model_path"": ""Datadog/Toto-2.0-4m"", ""batch_size"": 512}",357bc23
Toto-2.0-4m,toto-2.0,autogluon/fev_datasets,entsoe_15T,96,20,-1920,96,1,,96,SQL,"['MASE', {'name': 'WAPE', 'epsilon': 1.0}, {'name': 'WQL', 'epsilon': 1.0}]","[0.1, 0.2, 0.3, 0.4, 0.5, 0.6, 0.7, 0.8, 0.9]",id,timestamp,target,,"['radiation_diffuse_horizontal', 'radiation_direct_horizontal', 'temperature']",[],[],entsoe_15T,0.5883233504000001,0,2.065749577,120,762c7ee326587aa2,False,0.9.0,0.5883233504000001,0.7510873579,0.0592820056,0.0461939652,"{""model_path"": ""Datadog/Toto-2.0-4m"", ""batch_size"": 512}",357bc23
Toto-2.0-4m,toto-2.0,autogluon/fev_datasets,entsoe_1H,168,20,-3360,168,1,,24,SQL,"['MASE', {'name': 'WAPE', 'epsilon': 1.0}, {'name': 'WQL', 'epsilon': 1.0}]","[0.1, 0.2, 0.3, 0.4, 0.5, 0.6, 0.7, 0.8, 0.9]",id,timestamp,target,,"['radiation_diffuse_horizontal', 'radiation_direct_horizontal', 'temperature']",[],[],entsoe_1H,0.5183088057,0,1.137081661,120,aff93292e497726b,False,0.9.0,0.5183088057,0.6434937263,0.0392701114,0.0319005016,"{""model_path"": ""Datadog/Toto-2.0-4m"", ""batch_size"": 512}",357bc23
Toto-2.0-4m,toto-2.0,autogluon/fev_datasets,entsoe_30T,96,20,-1920,96,1,,48,SQL,"['MASE', {'name': 'WAPE', 'epsilon': 1.0}, {'name': 'WQL', 'epsilon': 1.0}]","[0.1, 0.2, 0.3, 0.4, 0.5, 0.6, 0.7, 0.8, 0.9]",id,timestamp,target,,"['radiation_diffuse_horizontal', 'radiation_direct_horizontal', 'temperature']",[],[],entsoe_30T,0.5550284881,0,1.441927424,120,0416fc7d5fcf96e2,False,0.9.0,0.5550284881,0.6901045677000001,0.0440758761,0.036241917,"{""model_path"": ""Datadog/Toto-2.0-4m"", ""batch_size"": 512}",357bc23
Toto-2.0-4m,toto-2.0,autogluon/fev_datasets,epf_be,24,20,-480,24,1,,24,SQL,"['MASE', {'name': 'WAPE', 'epsilon': 1.0}, {'name': 'WQL', 'epsilon': 1.0}]","[0.1, 0.2, 0.3, 0.4, 0.5, 0.6, 0.7, 0.8, 0.9]",id,timestamp,target,,"['Generation forecast', 'System load forecast']",[],[],epf_be,0.5671427583,0,0.851554098,20,eacac43cdbd837ec,False,0.9.0,0.5671427583,0.7241654255000001,0.1349344446,0.1056879737,"{""model_path"": ""Datadog/Toto-2.0-4m"", ""batch_size"": 512}",357bc23
Toto-2.0-4m,toto-2.0,autogluon/fev_datasets,epf_de,24,20,-480,24,1,,24,SQL,"['MASE', {'name': 'WAPE', 'epsilon': 1.0}, {'name': 'WQL', 'epsilon': 1.0}]","[0.1, 0.2, 0.3, 0.4, 0.5, 0.6, 0.7, 0.8, 0.9]",id,timestamp,target,,"['Ampirion Load Forecast', 'PV+Wind Forecast']",[],[],epf_de,1.0153757746,0,0.8463688370000001,20,ad020fd54ab7078f,False,0.9.0,1.0153757746,1.2874905998,0.5778780089000001,0.4621323091,"{""model_path"": ""Datadog/Toto-2.0-4m"", ""batch_size"": 512}",357bc23
Toto-2.0-4m,toto-2.0,autogluon/fev_datasets,epf_fr,24,20,-480,24,1,,24,SQL,"['MASE', {'name': 'WAPE', 'epsilon': 1.0}, {'name': 'WQL', 'epsilon': 1.0}]","[0.1, 0.2, 0.3, 0.4, 0.5, 0.6, 0.7, 0.8, 0.9]",id,timestamp,target,,"['Generation forecast', 'System load forecast']",[],[],epf_fr,0.4373481725,0,0.850203608,20,dfce2cfc9cbcf380,False,0.9.0,0.4373481725,0.5498386051,0.0867301313,0.069329218,"{""model_path"": ""Datadog/Toto-2.0-4m"", ""batch_size"": 512}",357bc23
Toto-2.0-4m,toto-2.0,autogluon/fev_datasets,epf_np,24,20,-480,24,1,,24,SQL,"['MASE', {'name': 'WAPE', 'epsilon': 1.0}, {'name': 'WQL', 'epsilon': 1.0}]","[0.1, 0.2, 0.3, 0.4, 0.5, 0.6, 0.7, 0.8, 0.9]",id,timestamp,target,,"['Grid load forecast', 'Wind power forecast']",[],[],epf_np,1.1539374354,0,0.8427727370000001,20,0a17a2edca8b0670,False,0.9.0,1.1539374354,1.4172606236,0.0634048451,0.0514617867,"{""model_path"": ""Datadog/Toto-2.0-4m"", ""batch_size"": 512}",357bc23
Toto-2.0-4m,toto-2.0,autogluon/fev_datasets,epf_pjm,24,20,-480,24,1,,24,SQL,"['MASE', {'name': 'WAPE', 'epsilon': 1.0}, {'name': 'WQL', 'epsilon': 1.0}]","[0.1, 0.2, 0.3, 0.4, 0.5, 0.6, 0.7, 0.8, 0.9]",id,timestamp,target,,"['System load forecast', 'Zonal COMED load foecast']",[],[],epf_pjm,0.4181511903,0,0.8483633610000001,20,6752d1881d4327d6,False,0.9.0,0.4181511903,0.5260131896,0.093154341,0.0738735407,"{""model_path"": ""Datadog/Toto-2.0-4m"", ""batch_size"": 512}",357bc23
Toto-2.0-4m,toto-2.0,autogluon/fev_datasets,ercot_1D,28,20,-560,28,1,,7,SQL,"['MASE', {'name': 'WAPE', 'epsilon': 1.0}, {'name': 'WQL', 'epsilon': 1.0}]","[0.1, 0.2, 0.3, 0.4, 0.5, 0.6, 0.7, 0.8, 0.9]",id,timestamp,target,,[],[],[],ercot_1D,0.8594344444,0,0.901052257,160,60f5c61c335ca94b,False,0.9.0,0.8594344444,1.1099477241,0.0808351619,0.0622512311,"{""model_path"": ""Datadog/Toto-2.0-4m"", ""batch_size"": 512}",357bc23
Toto-2.0-4m,toto-2.0,autogluon/fev_datasets,ercot_1H,168,20,-3360,168,1,,24,SQL,"['MASE', {'name': 'WAPE', 'epsilon': 1.0}, {'name': 'WQL', 'epsilon': 1.0}]","[0.1, 0.2, 0.3, 0.4, 0.5, 0.6, 0.7, 0.8, 0.9]",id,timestamp,target,,[],[],[],ercot_1H,1.1254333272,0,2.168754696,160,9dac00f9725bae76,False,0.9.0,1.1254333272,1.4387363625,0.0740544164,0.0578080842,"{""model_path"": ""Datadog/Toto-2.0-4m"", ""batch_size"": 512}",357bc23
Toto-2.0-4m,toto-2.0,autogluon/fev_datasets,ercot_1M,12,15,-180,12,1,,12,SQL,"['MASE', {'name': 'WAPE', 'epsilon': 1.0}, {'name': 'WQL', 'epsilon': 1.0}]","[0.1, 0.2, 0.3, 0.4, 0.5, 0.6, 0.7, 0.8, 0.9]",id,timestamp,target,,[],[],[],ercot_1M,0.8388079947,0,0.7108630920000001,120,f718a7351f27a9ca,False,0.9.0,0.8388079947,1.0538329276,0.0535050327,0.04260245,"{""model_path"": ""Datadog/Toto-2.0-4m"", ""batch_size"": 512}",357bc23
Toto-2.0-4m,toto-2.0,autogluon/fev_datasets,ercot_1W,13,20,-260,13,1,,1,SQL,"['MASE', {'name': 'WAPE', 'epsilon': 1.0}, {'name': 'WQL', 'epsilon': 1.0}]","[0.1, 0.2, 0.3, 0.4, 0.5, 0.6, 0.7, 0.8, 0.9]",id,timestamp,target,,[],[],[],ercot_1W,0.9754918214,0,0.838664116,160,b2fe1f0fe49551a1,False,0.9.0,0.9754918214,1.2496382187,0.0607620769,0.047263365,"{""model_path"": ""Datadog/Toto-2.0-4m"", ""batch_size"": 512}",357bc23
Toto-2.0-4m,toto-2.0,autogluon/fev_datasets,favorita_stores_1D,28,10,-280,28,1,,7,SQL,"['MASE', {'name': 'WAPE', 'epsilon': 1.0}, {'name': 'WQL', 'epsilon': 1.0}]","[0.1, 0.2, 0.3, 0.4, 0.5, 0.6, 0.7, 0.8, 0.9]",id,timestamp,sales,,"['holiday', 'onpromotion']",['oil_price'],"['city', 'cluster', 'family', 'state', 'store_nbr', 'type']",favorita_stores_1D,1.0300815581,0,22.971062781,15790,19461c7044524e5b,False,0.9.0,1.0300815581,1.2673381544,0.1713920408,0.1396156429,"{""model_path"": ""Datadog/Toto-2.0-4m"", ""batch_size"": 512}",357bc23
Toto-2.0-4m,toto-2.0,autogluon/fev_datasets,favorita_stores_1M,12,2,-24,12,1,,12,SQL,"['MASE', {'name': 'WAPE', 'epsilon': 1.0}, {'name': 'WQL', 'epsilon': 1.0}]","[0.1, 0.2, 0.3, 0.4, 0.5, 0.6, 0.7, 0.8, 0.9]",id,timestamp,sales,,['onpromotion'],['oil_price'],"['city', 'cluster', 'family', 'state', 'store_nbr', 'type']",favorita_stores_1M,1.8455187971,0,3.989998213,3158,84fb97f68dbadc4d,False,0.9.0,1.8455187971,2.1137839937,0.1668144128,0.1345474296,"{""model_path"": ""Datadog/Toto-2.0-4m"", ""batch_size"": 512}",357bc23
Toto-2.0-4m,toto-2.0,autogluon/fev_datasets,favorita_stores_1W,13,10,-130,13,1,,1,SQL,"['MASE', {'name': 'WAPE', 'epsilon': 1.0}, {'name': 'WQL', 'epsilon': 1.0}]","[0.1, 0.2, 0.3, 0.4, 0.5, 0.6, 0.7, 0.8, 0.9]",id,timestamp,sales,,['onpromotion'],['oil_price'],"['city', 'cluster', 'family', 'state', 'store_nbr', 'type']",favorita_stores_1W,2.0834063591,0,19.543238277,15790,209e5285efe3cc11,False,0.9.0,2.0834063591,2.4402828885,0.1458085466,0.1187495935,"{""model_path"": ""Datadog/Toto-2.0-4m"", ""batch_size"": 512}",357bc23
Toto-2.0-4m,toto-2.0,autogluon/fev_datasets,favorita_transactions_1D,28,10,-280,28,1,,7,SQL,"['MASE', {'name': 'WAPE', 'epsilon': 1.0}, {'name': 'WQL', 'epsilon': 1.0}]","[0.1, 0.2, 0.3, 0.4, 0.5, 0.6, 0.7, 0.8, 0.9]",id,timestamp,transactions,,['holiday'],['oil_price'],"['city', 'cluster', 'state', 'store_nbr', 'type']",favorita_transactions_1D,1.165461955,0,1.086790634,510,39e8c1c4f2cbe086,False,0.9.0,1.165461955,1.3311112487,0.0931842433,0.0779731992,"{""model_path"": ""Datadog/Toto-2.0-4m"", ""batch_size"": 512}",357bc23
Toto-2.0-4m,toto-2.0,autogluon/fev_datasets,favorita_transactions_1M,12,2,-24,12,1,,12,SQL,"['MASE', {'name': 'WAPE', 'epsilon': 1.0}, {'name': 'WQL', 'epsilon': 1.0}]","[0.1, 0.2, 0.3, 0.4, 0.5, 0.6, 0.7, 0.8, 0.9]",id,timestamp,transactions,,[],['oil_price'],"['city', 'cluster', 'state', 'store_nbr', 'type']",favorita_transactions_1M,1.2087569342,0,0.440761218,102,f2fdd1578e3fe1da,False,0.9.0,1.2087569342,1.5362401164,0.086290531,0.073264901,"{""model_path"": ""Datadog/Toto-2.0-4m"", ""batch_size"": 512}",357bc23
Toto-2.0-4m,toto-2.0,autogluon/fev_datasets,favorita_transactions_1W,13,10,-130,13,1,,1,SQL,"['MASE', {'name': 'WAPE', 'epsilon': 1.0}, {'name': 'WQL', 'epsilon': 1.0}]","[0.1, 0.2, 0.3, 0.4, 0.5, 0.6, 0.7, 0.8, 0.9]",id,timestamp,transactions,,[],['oil_price'],"['city', 'cluster', 'state', 'store_nbr', 'type']",favorita_transactions_1W,1.5187757056,0,0.881192179,510,297f1fca2bed5b06,False,0.9.0,1.5187757056,1.7638409898,0.0663838481,0.0561099801,"{""model_path"": ""Datadog/Toto-2.0-4m"", ""batch_size"": 512}",357bc23
Toto-2.0-4m,toto-2.0,autogluon/fev_datasets,fred_md_2025,12,20,-240,12,1,,1,SQL,"['MASE', {'name': 'WAPE', 'epsilon': 1.0}, {'name': 'WQL', 'epsilon': 1.0}]","[0.1, 0.2, 0.3, 0.4, 0.5, 0.6, 0.7, 0.8, 0.9]",id,timestamp,"['CPIAUCSL', 'FEDFUNDS', 'PAYEMS']",,[],"['M2REAL', 'NONBORRES', 'PPICMM', 'TOTRESNS']",[],fred_md_2025/cee,3.5359407686,0,0.806811359,60,6fd14b4ca30b94f0,False,0.9.0,3.5359407686,4.2152701653,0.0831655254,0.0709791938,"{""model_path"": ""Datadog/Toto-2.0-4m"", ""batch_size"": 512}",357bc23
Toto-2.0-4m,toto-2.0,autogluon/fev_datasets,fred_md_2025,12,20,-240,12,1,,1,SQL,"['MASE', {'name': 'WAPE', 'epsilon': 1.0}, {'name': 'WQL', 'epsilon': 1.0}]","[0.1, 0.2, 0.3, 0.4, 0.5, 0.6, 0.7, 0.8, 0.9]",id,timestamp,"['AAA', 'AWHMAN', 'BAA', 'BUSINVx', 'CPIAUCSL', 'CPIMEDSL', 'CUMFNS', 'DMANEMP', 'EXUSUKx', 'FEDFUNDS', 'GS1', 'GS10', 'GS5', 'HOUST', 'INDPRO', 'INVEST', 'IPBUSEQ', 'IPCONGD', 'IPDCONGD', 'IPDMAT', 'IPFINAL', 'IPMANSICS', 'IPMAT', 'IPNCONGD', 'IPNMAT', 'M2REAL', 'MANEMP', 'NDMANEMP', 'NONBORRES', 'PAYEMS', 'PERMIT', 'PPICMM', 'S&P 500', 'SRVPRD', 'TB3MS', 'TB6MS', 'TOTRESNS', 'UEMP15T26', 'UEMP27OV', 'UEMP5TO14', 'UEMPLT5', 'UEMPMEAN', 'UMCSENTx', 'UNRATE', 'USCONS', 'USFIRE', 'USGOOD', 'USGOVT', 'USTPU', 'USTRADE', 'VIXCLSx']",,[],[],[],fred_md_2025/macro,5.2765655398,0,0.804394346,1020,6fd14b4ca30b94f0,False,0.9.0,5.2765655398,6.141199899,0.0774391771,0.0649675888,"{""model_path"": ""Datadog/Toto-2.0-4m"", ""batch_size"": 512}",357bc23
Toto-2.0-4m,toto-2.0,autogluon/fev_datasets,fred_qd_2025,8,20,-160,8,1,,1,SQL,"['MASE', {'name': 'WAPE', 'epsilon': 1.0}, {'name': 'WQL', 'epsilon': 1.0}]","[0.1, 0.2, 0.3, 0.4, 0.5, 0.6, 0.7, 0.8, 0.9]",id,timestamp,"['CPIAUCSL', 'FEDFUNDS', 'PAYEMS']",,[],"['M2REAL', 'NONBORRES', 'PPICMM', 'TOTRESNS']",[],fred_qd_2025/cee,1.8282301609,0,0.792704842,60,4ca57ebf484d0702,False,0.9.0,1.8282301609,2.2072154018,0.1614065135,0.1246971363,"{""model_path"": ""Datadog/Toto-2.0-4m"", ""batch_size"": 512}",357bc23
Toto-2.0-4m,toto-2.0,autogluon/fev_datasets,fred_qd_2025,8,20,-160,8,1,,1,SQL,"['MASE', {'name': 'WAPE', 'epsilon': 1.0}, {'name': 'WQL', 'epsilon': 1.0}]","[0.1, 0.2, 0.3, 0.4, 0.5, 0.6, 0.7, 0.8, 0.9]",id,timestamp,"['AAA', 'AWHMAN', 'BAA', 'BUSINVx', 'CPIAUCSL', 'CPIMEDSL', 'CUMFNS', 'DMANEMP', 'EXUSUKx', 'FEDFUNDS', 'GS1', 'GS10', 'GS5', 'HOUST', 'INDPRO', 'INVEST', 'IPBUSEQ', 'IPCONGD', 'IPDCONGD', 'IPDMAT', 'IPFINAL', 'IPMANSICS', 'IPMAT', 'IPNCONGD', 'IPNMAT', 'M2REAL', 'MANEMP', 'NDMANEMP', 'NONBORRES', 'PAYEMS', 'PERMIT', 'PPICMM', 'S&P 500', 'SRVPRD', 'TB3MS', 'TB6MS', 'TOTRESNS', 'UEMP15T26', 'UEMP27OV', 'UEMP5TO14', 'UEMPLT5', 'UEMPMEAN', 'UMCSENTx', 'UNRATE', 'USCONS', 'USFIRE', 'USGOOD', 'USGOVT', 'USTPU', 'USTRADE', 'VIXCLSx']",,[],[],[],fred_qd_2025/macro,3.5102113787,0,0.8019292360000001,1020,4ca57ebf484d0702,False,0.9.0,3.5102113787,4.2281567791,0.1069171157,0.0857005368,"{""model_path"": ""Datadog/Toto-2.0-4m"", ""batch_size"": 512}",357bc23
Toto-2.0-4m,toto-2.0,autogluon/fev_datasets,gvar,8,10,-80,8,1,,4,SQL,"['MASE', {'name': 'WAPE', 'epsilon': 1.0}, {'name': 'WQL', 'epsilon': 1.0}]","[0.1, 0.2, 0.3, 0.4, 0.5, 0.6, 0.7, 0.8, 0.9]",id,timestamp,"['Dp', 'ep', 'eq', 'lr', 'r', 'y']",,[],"['pmat', 'pmetal', 'poil']",[],gvar,0.5795582951,0,1.117032054,1980,61766544be22840b,False,0.9.0,0.5795582951,0.7084618488000001,0.018342803,0.0149922867,"{""model_path"": ""Datadog/Toto-2.0-4m"", ""batch_size"": 512}",357bc23
Toto-2.0-4m,toto-2.0,autogluon/fev_datasets,hermes,52,1,-52,52,1,,1,SQL,"['MASE', {'name': 'WAPE', 'epsilon': 1.0}, {'name': 'WQL', 'epsilon': 1.0}]","[0.1, 0.2, 0.3, 0.4, 0.5, 0.6, 0.7, 0.8, 0.9]",id,timestamp,target,,['external'],[],"['category', 'country']",hermes,0.7133876145,0,9.755807418,10000,107b852d349c8182,False,0.9.0,0.7133876145,0.9091406926,0.0034898641,0.0027401694,"{""model_path"": ""Datadog/Toto-2.0-4m"", ""batch_size"": 512}",357bc23
Toto-2.0-4m,toto-2.0,autogluon/fev_datasets,hierarchical_sales_1D,28,10,-280,28,1,,7,SQL,"['MASE', {'name': 'WAPE', 'epsilon': 1.0}, {'name': 'WQL', 'epsilon': 1.0}]","[0.1, 0.2, 0.3, 0.4, 0.5, 0.6, 0.7, 0.8, 0.9]",id,timestamp,target,,[],[],[],hierarchical_sales_1D,0.5523202468,0,1.381607819,1180,77b3d008284e117b,False,0.9.0,0.5523202468,0.6891306336,0.6986542811,0.5651435622000001,"{""model_path"": ""Datadog/Toto-2.0-4m"", ""batch_size"": 512}",357bc23
Toto-2.0-4m,toto-2.0,autogluon/fev_datasets,hierarchical_sales_1W,13,10,-130,13,1,,1,SQL,"['MASE', {'name': 'WAPE', 'epsilon': 1.0}, {'name': 'WQL', 'epsilon': 1.0}]","[0.1, 0.2, 0.3, 0.4, 0.5, 0.6, 0.7, 0.8, 0.9]",id,timestamp,target,,[],[],[],hierarchical_sales_1W,0.6371435328,0,1.084976881,1180,2b2b335c105dabf3,False,0.9.0,0.6371435328,0.7760131051,0.4409505466,0.3766578963,"{""model_path"": ""Datadog/Toto-2.0-4m"", ""batch_size"": 512}",357bc23
Toto-2.0-4m,toto-2.0,autogluon/fev_datasets,hospital,12,4,-48,12,1,,12,SQL,"['MASE', {'name': 'WAPE', 'epsilon': 1.0}, {'name': 'WQL', 'epsilon': 1.0}]","[0.1, 0.2, 0.3, 0.4, 0.5, 0.6, 0.7, 0.8, 0.9]",id,timestamp,target,,[],[],[],hospital,0.7064233591,0,2.194864599,3068,188b4fce7bbf0ba7,False,0.9.0,0.7064233591,0.8905833847,0.0932818859,0.0751424692,"{""model_path"": ""Datadog/Toto-2.0-4m"", ""batch_size"": 512}",357bc23
Toto-2.0-4m,toto-2.0,autogluon/fev_datasets,hospital_admissions_1D,28,20,-560,28,1,,7,SQL,"['MASE', {'name': 'WAPE', 'epsilon': 1.0}, {'name': 'WQL', 'epsilon': 1.0}]","[0.1, 0.2, 0.3, 0.4, 0.5, 0.6, 0.7, 0.8, 0.9]",id,timestamp,target,,[],[],[],hospital_admissions_1D,0.5546337247,0,0.8552089940000001,160,2a4e1183560f9bb2,False,0.9.0,0.5546337247,0.7164969076000001,0.531517079,0.4114047438,"{""model_path"": ""Datadog/Toto-2.0-4m"", ""batch_size"": 512}",357bc23
Toto-2.0-4m,toto-2.0,autogluon/fev_datasets,hospital_admissions_1W,13,16,-208,13,1,,1,SQL,"['MASE', {'name': 'WAPE', 'epsilon': 1.0}, {'name': 'WQL', 'epsilon': 1.0}]","[0.1, 0.2, 0.3, 0.4, 0.5, 0.6, 0.7, 0.8, 0.9]",id,timestamp,target,,[],[],[],hospital_admissions_1W,0.5860531109,0,0.742203555,128,5ac11b235b4614f4,False,0.9.0,0.5860531109,0.7577397368000001,0.2133726977,0.1649940217,"{""model_path"": ""Datadog/Toto-2.0-4m"", ""batch_size"": 512}",357bc23
Toto-2.0-4m,toto-2.0,autogluon/fev_datasets,jena_weather_10T,144,20,-2880,144,1,,144,SQL,"['MASE', {'name': 'WAPE', 'epsilon': 1.0}, {'name': 'WQL', 'epsilon': 1.0}]","[0.1, 0.2, 0.3, 0.4, 0.5, 0.6, 0.7, 0.8, 0.9]",id,timestamp,"['target_0', 'target_1', 'target_10', 'target_11', 'target_12', 'target_13', 'target_14', 'target_15', 'target_16', 'target_17', 'target_18', 'target_19', 'target_2', 'target_20', 'target_3', 'target_4', 'target_5', 'target_6', 'target_7', 'target_8', 'target_9']",,[],[],[],jena_weather_10T,0.3620502047,0,0.996019555,420,25a5999066a34de5,False,0.9.0,0.3620502047,0.4434533325,0.248307264,0.2186955544,"{""model_path"": ""Datadog/Toto-2.0-4m"", ""batch_size"": 512}",357bc23
Toto-2.0-4m,toto-2.0,autogluon/fev_datasets,jena_weather_1D,28,11,-308,28,1,,1,SQL,"['MASE', {'name': 'WAPE', 'epsilon': 1.0}, {'name': 'WQL', 'epsilon': 1.0}]","[0.1, 0.2, 0.3, 0.4, 0.5, 0.6, 0.7, 0.8, 0.9]",id,timestamp,"['target_0', 'target_1', 'target_10', 'target_11', 'target_12', 'target_13', 'target_14', 'target_15', 'target_16', 'target_17', 'target_18', 'target_19', 'target_2', 'target_20', 'target_3', 'target_4', 'target_5', 'target_6', 'target_7', 'target_8', 'target_9']",,[],[],[],jena_weather_1D,1.1355619161,0,0.5798017710000001,231,003626a54394cc81,False,0.9.0,1.1355619161,1.4446469397,0.2883060415,0.2343058561,"{""model_path"": ""Datadog/Toto-2.0-4m"", ""batch_size"": 512}",357bc23
Toto-2.0-4m,toto-2.0,autogluon/fev_datasets,jena_weather_1H,24,20,-480,24,1,,24,SQL,"['MASE', {'name': 'WAPE', 'epsilon': 1.0}, {'name': 'WQL', 'epsilon': 1.0}]","[0.1, 0.2, 0.3, 0.4, 0.5, 0.6, 0.7, 0.8, 0.9]",id,timestamp,"['target_0', 'target_1', 'target_10', 'target_11', 'target_12', 'target_13', 'target_14', 'target_15', 'target_16', 'target_17', 'target_18', 'target_19', 'target_2', 'target_20', 'target_3', 'target_4', 'target_5', 'target_6', 'target_7', 'target_8', 'target_9']",,[],[],[],jena_weather_1H,0.3619730242,0,0.8336426360000001,420,75bfd3b5994a5acf,False,0.9.0,0.3619730242,0.4438780044,0.2504618898,0.2257041757,"{""model_path"": ""Datadog/Toto-2.0-4m"", ""batch_size"": 512}",357bc23
Toto-2.0-4m,toto-2.0,autogluon/fev_datasets,kdd_cup_2022_10T,288,10,-2880,288,1,,144,SQL,"['MASE', {'name': 'WAPE', 'epsilon': 1.0}, {'name': 'WQL', 'epsilon': 1.0}]","[0.1, 0.2, 0.3, 0.4, 0.5, 0.6, 0.7, 0.8, 0.9]",id,timestamp,Patv,,[],"['Etmp', 'Itmp', 'Ndir', 'Pab1', 'Pab2', 'Pab3', 'Prtv', 'Wdir', 'Wspd']",[],kdd_cup_2022_10T,0.4355228069,0,4.396017969,1340,9b41e743d33077cd,False,0.9.0,0.4355228069,0.5426727347,1.5364563418,1.2791393932,"{""model_path"": ""Datadog/Toto-2.0-4m"", ""batch_size"": 512}",357bc23
Toto-2.0-4m,toto-2.0,autogluon/fev_datasets,kdd_cup_2022_1D,14,10,-140,14,1,,1,SQL,"['MASE', {'name': 'WAPE', 'epsilon': 1.0}, {'name': 'WQL', 'epsilon': 1.0}]","[0.1, 0.2, 0.3, 0.4, 0.5, 0.6, 0.7, 0.8, 0.9]",id,timestamp,Patv,,[],"['Etmp', 'Itmp', 'Ndir', 'Pab1', 'Pab2', 'Pab3', 'Prtv', 'Wdir', 'Wspd']",[],kdd_cup_2022_1D,0.7440942069,0,1.762388551,1340,53e3bfa3689aa2d7,False,0.9.0,0.7440942069,0.9561151633,0.7662754296000001,0.5950165469,"{""model_path"": ""Datadog/Toto-2.0-4m"", ""batch_size"": 512}",357bc23
Toto-2.0-4m,toto-2.0,autogluon/fev_datasets,kdd_cup_2022_30T,96,10,-960,96,1,,48,SQL,"['MASE', {'name': 'WAPE', 'epsilon': 1.0}, {'name': 'WQL', 'epsilon': 1.0}]","[0.1, 0.2, 0.3, 0.4, 0.5, 0.6, 0.7, 0.8, 0.9]",id,timestamp,Patv,,[],"['Etmp', 'Itmp', 'Ndir', 'Pab1', 'Pab2', 'Pab3', 'Prtv', 'Wdir', 'Wspd']",[],kdd_cup_2022_30T,0.4370582677,0,2.594578048,1340,f73b55a07564deaa,False,0.9.0,0.4370582677,0.5410887838,1.5761006983,1.3847179122,"{""model_path"": ""Datadog/Toto-2.0-4m"", ""batch_size"": 512}",357bc23
Toto-2.0-4m,toto-2.0,autogluon/fev_datasets,m5_1D,28,1,-28,28,1,,7,SQL,"['MASE', {'name': 'WAPE', 'epsilon': 1.0}, {'name': 'WQL', 'epsilon': 1.0}]","[0.1, 0.2, 0.3, 0.4, 0.5, 0.6, 0.7, 0.8, 0.9]",id,timestamp,target,,"['event_Cultural', 'event_National', 'event_Religious', 'event_Sporting', 'sell_price', 'snap_CA', 'snap_TX', 'snap_WI']",[],"['cat_id', 'dept_id', 'item_id', 'state_id', 'store_id']",m5_1D,0.7160844073,0,33.664973987,30490,a5408e93540ec5c9,False,0.9.0,0.7160844073,0.8747585560000001,0.7025500003,0.5545512032000001,"{""model_path"": ""Datadog/Toto-2.0-4m"", ""batch_size"": 512}",357bc23
Toto-2.0-4m,toto-2.0,autogluon/fev_datasets,m5_1M,12,1,-12,12,6,,12,SQL,"['MASE', {'name': 'WAPE', 'epsilon': 1.0}, {'name': 'WQL', 'epsilon': 1.0}]","[0.1, 0.2, 0.3, 0.4, 0.5, 0.6, 0.7, 0.8, 0.9]",id,timestamp,target,,"['event_Cultural', 'event_National', 'event_Religious', 'event_Sporting', 'sell_price', 'snap_CA', 'snap_TX', 'snap_WI']",[],"['cat_id', 'dept_id', 'item_id', 'state_id', 'store_id']",m5_1M,1.0100709358,0,29.205000082,29364,b562dee8546ce598,False,0.9.0,1.0100709358,1.1899160498,0.4456052767,0.3584938045,"{""model_path"": ""Datadog/Toto-2.0-4m"", ""batch_size"": 512}",357bc23
Toto-2.0-4m,toto-2.0,autogluon/fev_datasets,m5_1W,13,1,-13,13,1,,1,SQL,"['MASE', {'name': 'WAPE', 'epsilon': 1.0}, {'name': 'WQL', 'epsilon': 1.0}]","[0.1, 0.2, 0.3, 0.4, 0.5, 0.6, 0.7, 0.8, 0.9]",id,timestamp,target,,"['event_Cultural', 'event_National', 'event_Religious', 'event_Sporting', 'sell_price', 'snap_CA', 'snap_TX', 'snap_WI']",[],"['cat_id', 'dept_id', 'item_id', 'state_id', 'store_id']",m5_1W,0.9120098851,0,31.248607707,30490,0c7d59ea6d50dbdf,False,0.9.0,0.9120098851,1.1498581156,0.4302277151,0.3391548847,"{""model_path"": ""Datadog/Toto-2.0-4m"", ""batch_size"": 512}",357bc23
Toto-2.0-4m,toto-2.0,autogluon/fev_datasets,proenfo_gfc12,168,10,-1680,168,1,,24,SQL,"['MASE', {'name': 'WAPE', 'epsilon': 1.0}, {'name': 'WQL', 'epsilon': 1.0}]","[0.1, 0.2, 0.3, 0.4, 0.5, 0.6, 0.7, 0.8, 0.9]",id,timestamp,target,,['airtemperature'],[],[],proenfo_gfc12,0.9279077458,0,0.8432919350000001,110,b9d66f77d6db1337,False,0.9.0,0.9279077458,1.1416163352,0.0976604625,0.0789964426,"{""model_path"": ""Datadog/Toto-2.0-4m"", ""batch_size"": 512}",357bc23
Toto-2.0-4m,toto-2.0,autogluon/fev_datasets,proenfo_gfc14,168,20,-3360,168,1,,24,SQL,"['MASE', {'name': 'WAPE', 'epsilon': 1.0}, {'name': 'WQL', 'epsilon': 1.0}]","[0.1, 0.2, 0.3, 0.4, 0.5, 0.6, 0.7, 0.8, 0.9]",id,timestamp,target,,['airtemperature'],[],[],proenfo_gfc14,0.7977474731,0,0.8143745530000001,20,a2f90b2f1ba52e38,False,0.9.0,0.7977474731,0.9917137206,0.0485747861,0.0391112092,"{""model_path"": ""Datadog/Toto-2.0-4m"", ""batch_size"": 512}",357bc23
Toto-2.0-4m,toto-2.0,autogluon/fev_datasets,proenfo_gfc17,168,20,-3360,168,1,,24,SQL,"['MASE', {'name': 'WAPE', 'epsilon': 1.0}, {'name': 'WQL', 'epsilon': 1.0}]","[0.1, 0.2, 0.3, 0.4, 0.5, 0.6, 0.7, 0.8, 0.9]",id,timestamp,target,,['airtemperature'],[],[],proenfo_gfc17,0.988689117,0,1.014632244,160,eba07ba0bb45e5dc,False,0.9.0,0.988689117,1.2557302982,0.0844229642,0.066556878,"{""model_path"": ""Datadog/Toto-2.0-4m"", ""batch_size"": 512}",357bc23
Toto-2.0-4m,toto-2.0,autogluon/fev_datasets,redset_15T,96,10,-960,96,1,,96,SQL,"['MASE', {'name': 'WAPE', 'epsilon': 1.0}, {'name': 'WQL', 'epsilon': 1.0}]","[0.1, 0.2, 0.3, 0.4, 0.5, 0.6, 0.7, 0.8, 0.9]",id,timestamp,target,,[],[],['subset'],redset_15T,0.8875343451000001,0,1.6681826050000002,1260,49fdfb78f00880f9,False,0.9.0,0.8875343451000001,1.0487368757,0.3099392216,0.2548341045,"{""model_path"": ""Datadog/Toto-2.0-4m"", ""batch_size"": 512}",357bc23
Toto-2.0-4m,toto-2.0,autogluon/fev_datasets,redset_1H,24,10,-240,24,1,,24,SQL,"['MASE', {'name': 'WAPE', 'epsilon': 1.0}, {'name': 'WQL', 'epsilon': 1.0}]","[0.1, 0.2, 0.3, 0.4, 0.5, 0.6, 0.7, 0.8, 0.9]",id,timestamp,target,,[],[],['subset'],redset_1H,1.3767793335,0,1.424215721,1380,f7cbb47cb5f76ea7,False,0.9.0,1.3767793335,1.5148386059,0.2324200927,0.1962638598,"{""model_path"": ""Datadog/Toto-2.0-4m"", ""batch_size"": 512}",357bc23
Toto-2.0-4m,toto-2.0,autogluon/fev_datasets,redset_5T,288,10,-2880,288,1,,288,SQL,"['MASE', {'name': 'WAPE', 'epsilon': 1.0}, {'name': 'WQL', 'epsilon': 1.0}]","[0.1, 0.2, 0.3, 0.4, 0.5, 0.6, 0.7, 0.8, 0.9]",id,timestamp,target,,[],[],['subset'],redset_5T,0.7118904883,0,2.492707612,1180,b9a12aeba2af7192,False,0.9.0,0.7118904883,0.84400517,0.3613596569,0.2938771626,"{""model_path"": ""Datadog/Toto-2.0-4m"", ""batch_size"": 512}",357bc23
Toto-2.0-4m,toto-2.0,autogluon/fev_datasets,restaurant,28,8,-224,28,1,,7,SQL,"['MASE', {'name': 'WAPE', 'epsilon': 1.0}, {'name': 'WQL', 'epsilon': 1.0}]","[0.1, 0.2, 0.3, 0.4, 0.5, 0.6, 0.7, 0.8, 0.9]",id,timestamp,target,,[],[],"['air_area_name', 'air_genre_name', 'latitude', 'longitude']",restaurant,0.7520722316,0,4.950314841,6502,5af240c09db342cf,False,0.9.0,0.7520722316,0.9439976814,0.3783634365,0.2977027964,"{""model_path"": ""Datadog/Toto-2.0-4m"", ""batch_size"": 512}",357bc23
Toto-2.0-4m,toto-2.0,autogluon/fev_datasets,rohlik_orders_1D,61,5,2023-05-01T00:00:00,61,1,,7,SQL,"['MASE', {'name': 'WAPE', 'epsilon': 1.0}, {'name': 'WQL', 'epsilon': 1.0}]","[0.1, 0.2, 0.3, 0.4, 0.5, 0.6, 0.7, 0.8, 0.9]",id,timestamp,orders,,"['holiday', 'school_holidays', 'shops_closed', 'winter_school_holidays']","['blackout', 'frankfurt_shutdown', 'mini_shutdown', 'mov_change', 'precipitation', 'shutdown', 'snow', 'user_activity_1', 'user_activity_2']",[],rohlik_orders_1D,1.1775773245,0,0.479646228,35,743d7d85eea679ed,False,0.9.0,1.1775773245,1.4623967422000002,0.0664381297,0.0537647303,"{""model_path"": ""Datadog/Toto-2.0-4m"", ""batch_size"": 512}",357bc23
Toto-2.0-4m,toto-2.0,autogluon/fev_datasets,rohlik_orders_1W,8,5,2023-05-01T00:00:00,8,1,,1,SQL,"['MASE', {'name': 'WAPE', 'epsilon': 1.0}, {'name': 'WQL', 'epsilon': 1.0}]","[0.1, 0.2, 0.3, 0.4, 0.5, 0.6, 0.7, 0.8, 0.9]",id,timestamp,orders,,"['holiday', 'school_holidays', 'shops_closed', 'winter_school_holidays']","['blackout', 'frankfurt_shutdown', 'mini_shutdown', 'mov_change', 'precipitation', 'shutdown', 'snow', 'user_activity_1', 'user_activity_2']",[],rohlik_orders_1W,1.4951892004,0,0.481001508,35,18a03d658590ecd3,False,0.9.0,1.4951892004,1.8324372693,0.0602804613,0.0492587228,"{""model_path"": ""Datadog/Toto-2.0-4m"", ""batch_size"": 512}",357bc23
Toto-2.0-4m,toto-2.0,autogluon/fev_datasets,rohlik_sales_1D,14,1,2023-12-15T00:00:00,14,14,,7,SQL,"['MASE', {'name': 'WAPE', 'epsilon': 1.0}, {'name': 'WQL', 'epsilon': 1.0}]","[0.1, 0.2, 0.3, 0.4, 0.5, 0.6, 0.7, 0.8, 0.9]",id,timestamp,sales,,"['holiday', 'school_holidays', 'sell_price_main', 'shops_closed', 'total_orders', 'type_0_discount', 'type_1_discount', 'type_2_discount', 'type_3_discount', 'type_4_discount', 'type_5_discount', 'type_6_discount', 'winter_school_holidays']",['availability'],"['L1_category_name_en', 'L2_category_name_en', 'L3_category_name_en', 'L4_category_name_en', 'name', 'product_unique_id', 'warehouse']",rohlik_sales_1D,1.2292801132,0,6.102092811,4116,bdd7a282f9fc98e5,False,0.9.0,1.2292801132,1.4603671616,0.3989391696,0.3380616026,"{""model_path"": ""Datadog/Toto-2.0-4m"", ""batch_size"": 512}",357bc23
Toto-2.0-4m,toto-2.0,autogluon/fev_datasets,rohlik_sales_1W,8,1,2023-12-15T00:00:00,8,8,,1,SQL,"['MASE', {'name': 'WAPE', 'epsilon': 1.0}, {'name': 'WQL', 'epsilon': 1.0}]","[0.1, 0.2, 0.3, 0.4, 0.5, 0.6, 0.7, 0.8, 0.9]",id,timestamp,sales,,"['holiday', 'school_holidays', 'sell_price_main', 'shops_closed', 'total_orders', 'type_0_discount', 'type_1_discount', 'type_2_discount', 'type_3_discount', 'type_4_discount', 'type_5_discount', 'type_6_discount', 'winter_school_holidays']",['availability'],"['L1_category_name_en', 'L2_category_name_en', 'L3_category_name_en', 'L4_category_name_en', 'name', 'product_unique_id', 'warehouse']",rohlik_sales_1W,1.5602309386000002,0,5.064644639,3942,a1817f8223c08fb5,False,0.9.0,1.5602309386000002,1.8452944609,0.2914195915,0.2421377532,"{""model_path"": ""Datadog/Toto-2.0-4m"", ""batch_size"": 512}",357bc23
Toto-2.0-4m,toto-2.0,autogluon/fev_datasets,rossmann_1D,48,10,-480,48,1,,7,SQL,"['MASE', {'name': 'WAPE', 'epsilon': 1.0}, {'name': 'WQL', 'epsilon': 1.0}]","[0.1, 0.2, 0.3, 0.4, 0.5, 0.6, 0.7, 0.8, 0.9]",id,timestamp,Sales,,"['DayOfWeek', 'Open', 'Promo', 'SchoolHoliday', 'StateHoliday']",['Customers'],"['Assortment', 'CompetitionDistance', 'CompetitionOpenSinceMonth', 'CompetitionOpenSinceYear', 'Promo2', 'Promo2SinceWeek', 'Promo2SinceYear', 'PromoInterval', 'Store', 'StoreType']",rossmann_1D,0.5480332795,0,15.363988856,11150,8441c9ccbe2ff4d1,False,0.9.0,0.5480332795,0.6680964661000001,0.2277302035,0.186390301,"{""model_path"": ""Datadog/Toto-2.0-4m"", ""batch_size"": 512}",357bc23
Toto-2.0-4m,toto-2.0,autogluon/fev_datasets,rossmann_1W,13,8,-104,13,1,,1,SQL,"['MASE', {'name': 'WAPE', 'epsilon': 1.0}, {'name': 'WQL', 'epsilon': 1.0}]","[0.1, 0.2, 0.3, 0.4, 0.5, 0.6, 0.7, 0.8, 0.9]",id,timestamp,Sales,,"['Open', 'Promo', 'SchoolHoliday', 'StateHoliday']",['Customers'],"['Assortment', 'CompetitionDistance', 'CompetitionOpenSinceMonth', 'CompetitionOpenSinceYear', 'Promo2', 'Promo2SinceWeek', 'Promo2SinceYear', 'PromoInterval', 'Store', 'StoreType']",rossmann_1W,0.5291591964,0,10.866042369,8920,e18c12f0c75cf8c0,False,0.9.0,0.5291591964,0.6807085588,0.1884271291,0.145880501,"{""model_path"": ""Datadog/Toto-2.0-4m"", ""batch_size"": 512}",357bc23
Toto-2.0-4m,toto-2.0,autogluon/fev_datasets,solar_1D,28,10,-280,28,1,,1,SQL,"['MASE', {'name': 'WAPE', 'epsilon': 1.0}, {'name': 'WQL', 'epsilon': 1.0}]","[0.1, 0.2, 0.3, 0.4, 0.5, 0.6, 0.7, 0.8, 0.9]",id,timestamp,target,,[],[],[],solar_1D,0.6213192447,0,1.269502165,1370,61a16072f577b902,False,0.9.0,0.6213192447,0.7888568117,0.2485197423,0.1950438604,"{""model_path"": ""Datadog/Toto-2.0-4m"", ""batch_size"": 512}",357bc23
Toto-2.0-4m,toto-2.0,autogluon/fev_datasets,solar_1W,13,1,-13,13,1,,1,SQL,"['MASE', {'name': 'WAPE', 'epsilon': 1.0}, {'name': 'WQL', 'epsilon': 1.0}]","[0.1, 0.2, 0.3, 0.4, 0.5, 0.6, 0.7, 0.8, 0.9]",id,timestamp,target,,[],[],[],solar_1W,1.3573440669,0,0.410745277,137,b957c1ccfd8bdefc,False,0.9.0,1.3573440669,1.8483462115,0.309557514,0.2274649416,"{""model_path"": ""Datadog/Toto-2.0-4m"", ""batch_size"": 512}",357bc23
Toto-2.0-4m,toto-2.0,autogluon/fev_datasets,solar_with_weather_15T,96,20,-1920,96,1,,96,SQL,"['MASE', {'name': 'WAPE', 'epsilon': 1.0}, {'name': 'WQL', 'epsilon': 1.0}]","[0.1, 0.2, 0.3, 0.4, 0.5, 0.6, 0.7, 0.8, 0.9]",id,timestamp,target,,"['day_length', 'humidity', 'pressure', 'rain_1h', 'snow_1h', 'temp', 'wind_speed']","['clouds_all', 'global_horizontal_irradiance']",[],solar_with_weather_15T,0.7772909525,0,1.073534217,20,52351e76b7090ab1,False,0.9.0,0.7772909525,0.9680324805,1.2090133706,1.0196476914,"{""model_path"": ""Datadog/Toto-2.0-4m"", ""batch_size"": 512}",357bc23
Toto-2.0-4m,toto-2.0,autogluon/fev_datasets,solar_with_weather_1H,24,20,-480,24,1,,24,SQL,"['MASE', {'name': 'WAPE', 'epsilon': 1.0}, {'name': 'WQL', 'epsilon': 1.0}]","[0.1, 0.2, 0.3, 0.4, 0.5, 0.6, 0.7, 0.8, 0.9]",id,timestamp,target,,"['day_length', 'humidity', 'pressure', 'rain_1h', 'snow_1h', 'temp', 'wind_speed']","['clouds_all', 'global_horizontal_irradiance']",[],solar_with_weather_1H,0.8780437601000001,0,0.8882198760000001,20,4a140710760f779a,False,0.9.0,0.8780437601000001,1.0484350478,1.3173282887,1.0952675807,"{""model_path"": ""Datadog/Toto-2.0-4m"", ""batch_size"": 512}",357bc23
Toto-2.0-4m,toto-2.0,autogluon/fev_datasets,uci_air_quality_1D,28,11,-308,28,1,,7,SQL,"['MASE', {'name': 'WAPE', 'epsilon': 1.0}, {'name': 'WQL', 'epsilon': 1.0}]","[0.1, 0.2, 0.3, 0.4, 0.5, 0.6, 0.7, 0.8, 0.9]",id,timestamp,"['C6H6(GT)', 'CO(GT)', 'NO2(GT)', 'NOx(GT)']",,"['AH', 'RH', 'T']",[],[],uci_air_quality_1D,1.23156633,0,0.5864559650000001,44,0d2ba39e4e4ce5f4,False,0.9.0,1.23156633,1.5479300788,0.3181008538,0.2511528727,"{""model_path"": ""Datadog/Toto-2.0-4m"", ""batch_size"": 512}",357bc23
Toto-2.0-4m,toto-2.0,autogluon/fev_datasets,uci_air_quality_1H,168,20,-3360,168,1,,24,SQL,"['MASE', {'name': 'WAPE', 'epsilon': 1.0}, {'name': 'WQL', 'epsilon': 1.0}]","[0.1, 0.2, 0.3, 0.4, 0.5, 0.6, 0.7, 0.8, 0.9]",id,timestamp,"['C6H6(GT)', 'CO(GT)', 'NO2(GT)', 'NOx(GT)']",,"['AH', 'RH', 'T']",[],[],uci_air_quality_1H,0.8894247543,0,0.813132081,80,62f958117014ee08,False,0.9.0,0.8894247543,1.1432543851,0.3773027099,0.2941084862,"{""model_path"": ""Datadog/Toto-2.0-4m"", ""batch_size"": 512}",357bc23
Toto-2.0-4m,toto-2.0,autogluon/fev_datasets,uk_covid_nation_1D,28,20,-560,28,1,,1,SQL,"['MASE', {'name': 'WAPE', 'epsilon': 1.0}, {'name': 'WQL', 'epsilon': 1.0}]","[0.1, 0.2, 0.3, 0.4, 0.5, 0.6, 0.7, 0.8, 0.9]",id,timestamp,"['cumulative_admissions', 'cumulative_cases', 'cumulative_deaths']",,[],"['cumulative_vaccinated_1', 'cumulative_vaccinated_2', 'cumulative_vaccinated_3', 'hospital_cases', 'icu_ventilator_occupancy']",[],uk_covid_nation_1D/cumulative,7.40367331,0,0.875699616,240,c8dff53b6fcb4695,False,0.9.0,7.40367331,9.2084441019,0.0164889204,0.0135690068,"{""model_path"": ""Datadog/Toto-2.0-4m"", ""batch_size"": 512}",357bc23
Toto-2.0-4m,toto-2.0,autogluon/fev_datasets,uk_covid_nation_1D,28,20,-560,28,1,,7,SQL,"['MASE', {'name': 'WAPE', 'epsilon': 1.0}, {'name': 'WQL', 'epsilon': 1.0}]","[0.1, 0.2, 0.3, 0.4, 0.5, 0.6, 0.7, 0.8, 0.9]",id,timestamp,"['new_admissions', 'new_cases', 'new_deaths']",,[],"['hospital_cases', 'icu_ventilator_occupancy', 'new_vaccinated_1', 'new_vaccinated_2', 'new_vaccinated_3']",[],uk_covid_nation_1D/new,2.0531348933,0,0.866240428,240,c8dff53b6fcb4695,False,0.9.0,2.0531348933,2.4680366023,0.3515944969,0.2894938682,"{""model_path"": ""Datadog/Toto-2.0-4m"", ""batch_size"": 512}",357bc23
Toto-2.0-4m,toto-2.0,autogluon/fev_datasets,uk_covid_nation_1W,8,4,-32,8,1,,1,SQL,"['MASE', {'name': 'WAPE', 'epsilon': 1.0}, {'name': 'WQL', 'epsilon': 1.0}]","[0.1, 0.2, 0.3, 0.4, 0.5, 0.6, 0.7, 0.8, 0.9]",id,timestamp,"['cumulative_admissions', 'cumulative_cases', 'cumulative_deaths']",,[],"['cumulative_vaccinated_1', 'cumulative_vaccinated_2', 'cumulative_vaccinated_3', 'hospital_cases', 'icu_ventilator_occupancy']",[],uk_covid_nation_1W/cumulative,2.943347118,0,0.434345635,48,a1bd24bd7d949574,False,0.9.0,2.943347118,3.535768821,0.0367730128,0.0310924172,"{""model_path"": ""Datadog/Toto-2.0-4m"", ""batch_size"": 512}",357bc23
Toto-2.0-4m,toto-2.0,autogluon/fev_datasets,uk_covid_nation_1W,8,4,-32,8,1,,1,SQL,"['MASE', {'name': 'WAPE', 'epsilon': 1.0}, {'name': 'WQL', 'epsilon': 1.0}]","[0.1, 0.2, 0.3, 0.4, 0.5, 0.6, 0.7, 0.8, 0.9]",id,timestamp,"['new_admissions', 'new_cases', 'new_deaths']",,[],"['hospital_cases', 'icu_ventilator_occupancy', 'new_vaccinated_1', 'new_vaccinated_2', 'new_vaccinated_3']",[],uk_covid_nation_1W/new,5.3124537768,0,0.434321041,48,a1bd24bd7d949574,False,0.9.0,5.3124537768,6.3355442755,0.8790182217,0.7218621834000001,"{""model_path"": ""Datadog/Toto-2.0-4m"", ""batch_size"": 512}",357bc23
Toto-2.0-4m,toto-2.0,autogluon/fev_datasets,uk_covid_utla_1D,28,10,-280,28,1,,7,SQL,"['MASE', {'name': 'WAPE', 'epsilon': 1.0}, {'name': 'WQL', 'epsilon': 1.0}]","[0.1, 0.2, 0.3, 0.4, 0.5, 0.6, 0.7, 0.8, 0.9]",id,timestamp,new_cases,,[],[],[],uk_covid_utla_1D/new,5.0056274921,0,1.81181499,2140,46f9bb53c6d05e0a,False,0.9.0,5.0056274921,6.1066362535,0.5655817562000001,0.459885049,"{""model_path"": ""Datadog/Toto-2.0-4m"", ""batch_size"": 512}",357bc23
Toto-2.0-4m,toto-2.0,autogluon/fev_datasets,uk_covid_utla_1W,13,5,-65,13,1,,1,SQL,"['MASE', {'name': 'WAPE', 'epsilon': 1.0}, {'name': 'WQL', 'epsilon': 1.0}]","[0.1, 0.2, 0.3, 0.4, 0.5, 0.6, 0.7, 0.8, 0.9]",id,timestamp,cumulative_cases,,[],[],[],uk_covid_utla_1W/cumulative,18.3533315087,0,0.996270954,1070,c4fdce102c5b6f47,False,0.9.0,18.3533315087,20.2233929388,0.2061851731,0.1876303479,"{""model_path"": ""Datadog/Toto-2.0-4m"", ""batch_size"": 512}",357bc23
Toto-2.0-4m,toto-2.0,autogluon/fev_datasets,us_consumption_1M,12,10,-120,12,1,,12,SQL,"['MASE', {'name': 'WAPE', 'epsilon': 1.0}, {'name': 'WQL', 'epsilon': 1.0}]","[0.1, 0.2, 0.3, 0.4, 0.5, 0.6, 0.7, 0.8, 0.9]",id,timestamp,target,,[],[],[],us_consumption_1M,1.4880196786,0,0.65950542,310,c882f886bec32c78,False,0.9.0,1.4880196786,1.7888718987,0.0233582695,0.0202083733,"{""model_path"": ""Datadog/Toto-2.0-4m"", ""batch_size"": 512}",357bc23
Toto-2.0-4m,toto-2.0,autogluon/fev_datasets,us_consumption_1Q,8,10,-80,8,1,,4,SQL,"['MASE', {'name': 'WAPE', 'epsilon': 1.0}, {'name': 'WQL', 'epsilon': 1.0}]","[0.1, 0.2, 0.3, 0.4, 0.5, 0.6, 0.7, 0.8, 0.9]",id,timestamp,target,,[],[],[],us_consumption_1Q,1.8040049941,0,0.6503612470000001,310,9a76cd11c4c2c07e,False,0.9.0,1.8040049941,2.2433473487,0.0350718402,0.0289323192,"{""model_path"": ""Datadog/Toto-2.0-4m"", ""batch_size"": 512}",357bc23
Toto-2.0-4m,toto-2.0,autogluon/fev_datasets,us_consumption_1Y,5,10,-50,5,1,,1,SQL,"['MASE', {'name': 'WAPE', 'epsilon': 1.0}, {'name': 'WQL', 'epsilon': 1.0}]","[0.1, 0.2, 0.3, 0.4, 0.5, 0.6, 0.7, 0.8, 0.9]",id,timestamp,target,,[],[],[],us_consumption_1Y,4.224475545,0,0.656069078,310,d29d0d81db6393b4,False,0.9.0,4.224475545,5.15241096,0.0745752115,0.0593554986,"{""model_path"": ""Datadog/Toto-2.0-4m"", ""batch_size"": 512}",357bc23
Toto-2.0-4m,toto-2.0,autogluon/fev_datasets,walmart,39,1,-39,39,1,,1,SQL,"['MASE', {'name': 'WAPE', 'epsilon': 1.0}, {'name': 'WQL', 'epsilon': 1.0}]","[0.1, 0.2, 0.3, 0.4, 0.5, 0.6, 0.7, 0.8, 0.9]",id,timestamp,target,,"['CPI', 'Fuel_Price', 'IsHoliday', 'MarkDown1', 'MarkDown2', 'MarkDown3', 'MarkDown4', 'MarkDown5', 'Temperature', 'Unemployment']",[],"['Dept', 'Size', 'Store', 'Type']",walmart,0.8580838013000001,0,3.539144855,2936,84f95b6543281d0d,False,0.9.0,0.8580838013000001,1.0741206033,0.1326984061,0.1064132883,"{""model_path"": ""Datadog/Toto-2.0-4m"", ""batch_size"": 512}",357bc23
Toto-2.0-4m,toto-2.0,autogluon/fev_datasets,world_co2_emissions,5,9,-45,5,1,,1,SQL,"['MASE', {'name': 'WAPE', 'epsilon': 1.0}, {'name': 'WQL', 'epsilon': 1.0}]","[0.1, 0.2, 0.3, 0.4, 0.5, 0.6, 0.7, 0.8, 0.9]",id,timestamp,target,,[],[],[],world_co2_emissions,2.8843078325,0,1.383617871,1719,c78d3682201594d9,False,0.9.0,2.8843078325,3.4828209577,0.0939798025,0.077325167,"{""model_path"": ""Datadog/Toto-2.0-4m"", ""batch_size"": 512}",357bc23
Toto-2.0-4m,toto-2.0,autogluon/fev_datasets,world_life_expectancy,5,10,-50,5,1,,1,SQL,"['MASE', {'name': 'WAPE', 'epsilon': 1.0}, {'name': 'WQL', 'epsilon': 1.0}]","[0.1, 0.2, 0.3, 0.4, 0.5, 0.6, 0.7, 0.8, 0.9]",id,timestamp,target,,[],[],[],world_life_expectancy,1.2907503899,0,1.783268729,2370,f9ce571f4bf31401,False,0.9.0,1.2907503899,1.4976305861,0.0120766348,0.0104535037,"{""model_path"": ""Datadog/Toto-2.0-4m"", ""batch_size"": 512}",357bc23
Toto-2.0-4m,toto-2.0,autogluon/fev_datasets,world_tourism,5,2,-10,5,1,,1,SQL,"['MASE', {'name': 'WAPE', 'epsilon': 1.0}, {'name': 'WQL', 'epsilon': 1.0}]","[0.1, 0.2, 0.3, 0.4, 0.5, 0.6, 0.7, 0.8, 0.9]",id,timestamp,target,,[],[],[],world_tourism,2.8294267896000003,0,0.541937607,356,dcd8469c3acc4caa,False,0.9.0,2.8294267896000003,3.4946481692,0.0987637003,0.0688468732,"{""model_path"": ""Datadog/Toto-2.0-4m"", ""batch_size"": 512}",357bc23
